Key,Type,Desc,中文 [zh],English,Japanese
Card_Info/,Text,,,,
Card_Info/1,Text,,"唤出一把飞剑对目标单位造成<Demage>
【飞剑：2】消耗2把飞剑执行一次【自身抽牌】(手牌已满时，不触发)","Summon a flying sword to deal <Demage> to the target. 
[Flying Swords: 2] Consume 2 swords to perform a [Self Draw] (not trigger if hand is full)","飛剣を召喚してターゲットに<Demage>を与える。
「飛剣：2」飛剣を2本消費して「単体ドロー」を1回実行する（手札数が上限に達しているときは発動しない）。"
Card_Info/10,Text,,"生成<#SwordCount#>把【飞剑】，每把对指定单位造成<Demage>。
【飞剑：5】造成伤害提高<$DemageUp$>%，生成【飞剑】+<#SwordCount2#>","Spawn <#SwordCount#> [Flying Swords]. Each sword deals <Demage> to the target.
[Flying Swords: 5] +<$DemageUp$>% damage dealt. [Flying Swords] Spawned + <#SwordCount2#>","<#SwordCount#>本の「飛剣」を召喚して、1本ごとにターゲットに<Demage>を与える。
「飛剣：5」：与えるダメージが<$DemageUp$>%増加し、召喚する「飛剣」+<#SwordCount2#>。"
Card_Info/100,Text,,惠风和畅，暖日助眠，所有己方单位回复<Demage>，每回合第一次使用时抽取一张《惊蛰》加入手牌,"Gentle breeze and soothing sun aid sleep. Restore <Demage> to all allied units. The first time this card is used each turn, draw 1 <Awakening of Insects> to hand",すべての味方ユニットが<Demage>回復する。各ターンで初めて使用するときに『啓蟄』を1枚ドローして手札に加える。
Card_Info/10001,Text,,唤出一把飞剑对目标单位造成<Demage>,Summon a flying sword to deal <Demage> to the target,飛剣を召喚してターゲットに<Demage>を与える。
Card_Info/10002,Text,,呼唤至多<#FlySwordCount#>把己方飞剑攻击随机敌人，每把飞剑造成<Demage>（不消耗飞剑）,Call forth up to <#FlySwordCount#> allied flying swords to attack random enemies. Each sword deals <Demage> (Does not consume the flying swords),味方の飛剣を最大<#FlySwordCount#>本まで操り、ランダムな敵を攻撃する。1本ごとに<Demage>を与える（飛剣を消費しない）。
Card_Info/10006,Text,,呼唤四散的风，为目标及左右单位回复<Demage>，并解除所有负面状态,"Call forth the scattered winds. Restore <Demage> HP for the target and adjacent units, and remove all debuffs",飛び舞う風を召喚して、ターゲットとその隣接ユニットの<Demage>を回復し、すべてのデバフを解除する。
Card_Info/10007,Text,,"喷射烟火弹，对指定单位造成<Demage>。【龙威】+<#BuffCount#>
自身每层【龙威】伤害提高<$DemageUp$>%","Shoot a Firework Bolt to deal <Demage> to the target. [Dragon's Presence] +<#BuffCount#>
Each stack of [Dragon's Presence] +<$DemageUp$>% damage","煙火弾を発射し、ターゲットに<Demage>を与える。「龍威」+<#BuffCount#>。
自身に付与されている「龍威」1スタックごとにダメージが<$DemageUp$>%増加する。"
Card_Info/10009,Text,,召唤雷电，对目标造成<Demage>。并【眩晕】,Summon lightning to deal <Demage> to the target. Inflict [Stun],雷を召喚して、ターゲットに<Demage>を与え、「スタン」を付与する。
Card_Info/1001,Text,,对指定单位造成100%最大生命值的真实伤害（对boss为35%）,Deal True Damage equal to 100% of the target's Max HP (35% against bosses),ターゲットに体力上限の100%分の真実ダメージを与える（ボスに対しては35%）。
Card_Info/10010,Text,,生成<#SwordCount#>把【飞剑】,Spawn <#SwordCount#> [Flying Swords],<#SwordCount#>本の「飛剣」を召喚する。
Card_Info/10011,Text,,由纯粹灵气凝结成护盾，为目标及左右单位添加<Demage>并解除1种异常状态。,Form a shield of pure essence. Add <Demage> and remove 1 debuff for the target and adjacent units.,純粋な霊気でシールドを練り、ターゲットとその隣接ユニットに<Demage>を付与し、1種のデバフを解除する。
Card_Info/10014,Text,,点燃一名己方单位的魂血，使其受到<$Cost$>%最大生命值的真实伤害，行动次数+<Demage>,"Ignite the soulblood of an allied unit, inflicting True Damage equal to <$Cost$>% of its Max HP and +<Demage> AP",味方ユニット1名の魂血を燃やし、そのユニットに体力上限の<$Cost$>%分の真実ダメージを与え、行動回数+<Demage>。
Card_Info/10018,Text,,重置目标单位行动次数。执行一次【全局抽牌】,Reset the target's AP. Perform a [Random Draw],ターゲットの行動回数をリセットする。「全体ドロー」を1回実行する。
Card_Info/1002,Text,,所有手牌消耗【灵力】变为0,All hand cards cost 0 [Mana],すべての手札の「霊力」コストが0になる。
Card_Info/10020,Text,,发出贯彻神魂的嚎叫，所有己方单位获得<Demage>【杀意】和【狂性】,"Unleash a howl that pierces the soul, granting all allied units <Demage> [Killing Malice] and [Mania]",魂に響く咆哮を発し、すべての味方に<Demage>の「殺意」と「狂暴」を付与する。
Card_Info/10021,Text,,造成<Demage>并【标记】目标,Deal <Demage> and [Mark] the target,<Demage>を与え、ターゲットを「マーク」する。
Card_Info/10022,Text,,唤醒巨盾中残存的神力，使目标获得<#BuffCount_1#>【嘲讽】和<Demage>【雷反】,"Awaken the divine power that remains within the shield, granting the target <#BuffCount_1#> [Taunt] and <Demage> [Lightning Counter]",巨大な盾に残されし神力を呼び起こし、ターゲットに<#BuffCount_1#>の「挑発」と<Demage>の「雷返し」を付与する。
Card_Info/10023,Text,,算准时机，举盾，弹开攻击。使指定目标获得<Demage>【抵抗】和该层数2倍的【雷反】,"Time the move, raise the shield, and deflect the attack. Grant the target <Demage> stacks of [Resistance] and 2x that amount of [Lightning Counter]",タイミングを図って盾を構え、攻撃を弾く。ターゲットに<Demage>の「抵抗」とその2倍のスタック数の「雷返し」を付与する。
Card_Info/10024,Text,,目标及左右单位获得<Demage>【灵压】,Grant the target and its adjacent units <Demage> [Spiritual Pressure],ターゲットとその隣接ユニットに<Demage>の「霊圧」を付与する。
Card_Info/10025,Text,,以怨灵之牙啃咬，对指定目标造成<Demage>，目标每带有一层负面buff，伤害提高<$DemageUp$>%,"Bite the target with the wraith's fang, dealing <Demage>. For each stack of debuffs the target has, increase the damage by <$DemageUp$>%",怨霊の牙で噛み付き、ターゲットに<Demage>を与える。ターゲットにデバフが1スタック付与されているごとに、ダメージが<$DemageUp$>%増加する。
Card_Info/10026,Text,,自身及左右单位【防御】+<#BuffCount#>，并对所有敌人造成<Demage>,‘+ <#BuffCount#> [Defense] to self and adjacent units. Deal <Demage> to all enemies,自身および隣接ユニットが<#BuffCount#>の「防御」を得て、すべての敵に<Demage>を与える。
Card_Info/10027,Text,,发射鬼火，对目标及左右单位造成<Demage>。若主目标被【标记】，伤害提高<$DemageAddPresent$>%,"Shoot Ghost Fire, dealing <Demage> to the target and its adjacent units. If the primary target is [Marked], increase the damage by <$DemageAddPresent$>%",鬼火を発射してターゲットとその隣接ユニットに<Demage>を与える。メインターゲットが「マーク」されている場合、ダメージが<$DemageAddPresent$>%増加する。
Card_Info/10028,Text,,催动长在手上的尸天眼，【标记】指定单位，并【汲取】<Demage>点攻击力。,"Activate the Corpse Eye on the hand, [Mark] the designated unit, and [Drain] <Demage> Attack.",手のひらにある屍天眼を駆使してターゲットを「マーク」し、<Demage>点の攻撃力を「吸収」する。
Card_Info/10029,Text,,以尸气凝结触手对随机敌人<#TCount#>次造成<Demage>。,"Condense corpse energy into tentacles to strike random enemies <#TCount#> times, dealing <Demage>.",屍の息を練りランダムな敵に<Demage>を<#TCount#>回与える。
Card_Info/1003,Text,,指定单位，受到2次自身【攻击力*1】点真实伤害，并解除所有异常状态（不致死）,"Designate a unit to take True Damage equal to its own [Attack *1] twice, and remove all debuffs (non-lethal)",ターゲットが自身の「攻撃力*1」の真実ダメージを2回受け、すべてのデバフを解除する（非致死）。
Card_Info/10030,Text,,吞噬尸气，为目标及左右单位回复<Demage>生命值，同时为目标单位执行一次【自身抽牌】,Devour corpse energy to restore <Demage> HP for the target and adjacent units. The target then performs a [Self Draw],屍の息を呑み込み、ターゲットとその隣接ユニットの<Demage>を回復し、ターゲットが「単体ドロー」を1回実行する。
Card_Info/10031,Text,,发射一枚毒素胞，对指定敌人施加<Demage>【疫毒】，若目标被【标记】，对所有敌人额外施加等量【疫毒】,"Shoot a toxin cell to inflict <Demage> [Plague Toxin] on the target. If the target is [Marked], inflict the same amount of [Plague Toxin] on all enemies",毒の胞子を発射して、ターゲットに<Demage>の「疫毒」を付与する。ターゲットが「マーク」されている場合、追加ですべての敵に同量の「疫毒」を付与する。
Card_Info/10032,Text,,发射一枚酒火弹，对随机敌人造成<Demage>。,"Shoot a Liquor Fire Bolt, dealing <Demage> to a random enemy.",酒火弾を1発発射してランダムな敵に<Demage>を与える。
Card_Info/10033,Text,,"吞云，豪饮，乘兴狂歌，损失<$CostHp$>%当前生命值，获得<Demage>【狂性】，并执行一次【自身抽牌】,重置行动次数","Drink and sing in a frenzy, losing <$CostHp$>% of Current HP to gain <Demage> [Mania] and perform a [Self Draw]. Also, reset this unit's AP",酒飲みの意に乗って歌い上げる。現在体力の<$CostHp$>%分を失い、<Demage>の「狂暴」を付与し、「単体ドロー」を1回実行する。行動回数をリセットする。
Card_Info/10034,Text,,发散浊气，对所有敌人造成<Demage>，消耗所有剩余【灵力】，每1点【灵力】，伤害提高<$DemageUp$>%,Unleash turbid energy to deal <Demage> to all enemies. Consume all remaining [Mana] to gain +<$DemageUp$>% damage per point of [Mana],濁気を発し、すべての敵に<Demage>を与える。残っているすべての「霊力」を消費し、霊力1点につきダメージが<$DemageUp$>%増加する。
Card_Info/10035,Text,,凝聚清气，对指定敌人造成<Demage>，回复<#MagicGet#>点【灵力】（视为普攻）,Channel pure energy to deal <Demage> to the designated enemy. Also restore <#MagicGet#> [Mana] (Counted as a Basic Attack),清気を集め、ターゲットに<Demage>を与え、<#MagicGet#>点の「霊力」を回復する（通常攻撃としてみなす）。
Card_Info/10036,Text,,"老练的重拳，造成2次<Demage>,并【眩晕】（视为普攻）",A heavy punch that deals <Demage> twice and inflicts [Stun] (Counted as a Basic Attack),練達した重い拳で、<Demage>を2回与え（通常攻撃としてみなす）、「スタン」を付与する。
Card_Info/1004,Text,,使自身进入【武魂真躯】状态，该状态下免疫所有负面buff，自身造成任意伤害后追加75%真实伤害,"Activate the [Martial Avatar] status, which grants immunity to all debuffs. After dealing any damage, inflict an extra 75% True Damage",自身が「武魂真体」状態になり、この状態ではすべてのデバフが無効化され、自身がダメージを与えるとき、そのダメージの75％分の真実ダメージを追加する。
Card_Info/10040,Text,,引动邪心，重置行动次数，将一张带【遗忘】的《腥风斩》和未升级的《邪心》加入手牌,"Stir up evil thoughts, reset AP, and draw a <Foul Slash> with [Forgotten] and a basic <Wicked Heart> to your hand",邪心を駆使して、行動回数をリセットする。「忘却」が付いている『腥風斬』とグレードアップしていない『邪心』を1枚ずつ手札に加える。
Card_Info/10041,Text,,对一名敌人造成<#HitCount#>次<Demage>,Deal <Demage> to an enemy <#HitCount#> times,敵1名に<Demage>を<#HitCount#>回与える。
Card_Info/10042,Text,,献祭指定随从<$CostHp$>%最大生命值(不致死)，所有己方单位获得<Demage>攻击力和【灵压】,Sacrifice <$CostHp$>% Max HP of a designated minion (non-lethal) to grant all allied units <Demage> Attack and [Spiritual Pressure],指定されたミニオンの体力上限の<$CostHp$>%分の体力をいけにえにして（非致死）、すべての味方ユニットが<Demage>点の攻撃力と「霊圧」を得る。
Card_Info/10043,Text,,在时光长河中将目标删除，使指定单位同时获得<#BuffCount_1#>【流逝】，同时【标记】<#BuffCount_2#>回合,,
Card_Info/10044,Text,,呼唤雷霆镇压己身，回复#GetMagic#>点灵力,,
Card_Info/10045,Text,,在时光的长河中稍稍推它一把，指定单位添加<#TimeCount#>【岁月】,Give it a gentle push in the river of time to inflict <#TimeCount#> [Aging] on the designated unit,指定したユニットに<#TimeCount#>「歳月」を付与する。
Card_Info/10046,Text,,自神明时代流传下来的歌谣，为尸姬大人回满【灵力】，所有己方单位获得<Demage>【防御】,A song from the age of deities that fully restores [Mana] for the Lady Zombie and grants <Demage> [Defense] to all allied units,屍姫の「霊力」を全回復し、すべての味方ユニットが<Demage>の「防御」を得る。
Card_Info/10047,Text,,【标记】目标及左右单位，并为所有敌人添加<Demage>【血祭】,[Mark] a target and its adjacent units and inflict <Demage> [Blood Sacrifice] on all enemies,ターゲットとその隣接ユニットを「マーク」し、すべての敵に<Demage>の「血祭」を付与する。
Card_Info/10048,Text,,扇起剧毒之风，为所有敌人添加<Demage>【疫毒】，并将一张未升级的《毒风》加入手牌,Unleash a toxic wind to inflict <Demage> [Plague Toxin] on all enemies. Also add to hand a basic <Toxic Wind>,毒の風を引き起こし、すべての敵に<Demage>の「疫毒」を付与する。アップグレードしていない『毒風』を手札に加える。
Card_Info/10049,Text,,收拢厄祸的翅膀，【汲取】随机<#EnemyCount#>名敌人<Demage>点最大生命值（敌人可重复）,Retract the wings of calamity to [Drain] <Demage> points of Max HP from <#EnemyCount#> random enemies (Enemies may repeat),禍いの翼を畳み、ランダムな敵<#EnemyCount#>名から<Demage>点の体力上限を「吸収」する（同じ敵に繰り返して発動可能）。
Card_Info/10051,Text,,与所有己方单位签订<Demage>【灵契】。并获得<#BuffCount#>【抵抗】,Sign <Demage> [Spiritual Pacts] with all allied units and gain <#BuffCount#> [Resistance],すべての味方ユニットと<Demage>の「霊契」を結ぶ。<#BuffCount#>の「抵抗」を得る。
Card_Info/10055,Text,,"目标单位执行<#Count#>次【自身抽牌】
对生命值大于<$HpPresentNeed$>%的目标使用时，将一张费用+1的绘涩加入手牌
（无法对自身使用）","The target performs [Self Draw] <#Count#> times
When used on a target with ><$HpPresentNeed$>% HP, add a Cost+1 <Eros> to hand
(Cannot be used on self)","ターゲットは「単体ドロー」を<#Count#>回実行する。
現在体力が体力上限の<$HpPresentNeed$>%を超えるターゲットに使用する場合、コスト+1の『絵渋』を1枚手札に加える。
（自身に使用不可）"
Card_Info/10056,Text,,"以自身心欲化作泉水激昂而出，对目标单位造成<Demage>。并【标记】
所有己方单位，每有一层正面buff，该伤害提高<$DemageUp$>%(独立乘区)","Channel desires into a surging spring, dealing <Demage> to the target. [Mark] the target
For every stack of buffs on allies, +<$DemageUp$>% damage (independent multiplier)","自身の欲望を泉の水に変えて湧き出させる。ターゲットに<Demage>を与え、「マーク」する。
すべての味方ユニットにバフが1スタック付与されているごとに、このダメージが<$DemageUp$>%増加する（独立乗算）。"
Card_Info/10057,Text,,以自身花粉引燃的妖火，对目标及左右单位造成<Demage>，并【眩晕】,"Ignite demonic flames with pollen, dealing <Demage> to the target and its adjacent units and inflicting [Stun]",自分の花粉を燃やした炎で、ターゲットとその隣接ユニットに<Demage>を与え、「スタン」を付与する。
Card_Info/10058,Text,,折断自己的一节妖枝，所有己方单位获得<Demage>，自身相邻的2名随从获得护盾翻倍，并解除一种异常状态,Snap off a branch to grant <Demage> to all allied units. The 2 adjacent minions gain 2x Shield and remove 1 debuff,自分の枝を折り、すべての味方ユニットが<Demage>を得る。自身に隣接する2名のミニオンはシールドが2倍になり、1種のデバフを解除する。
Card_Info/10059,Text,,"生成<#SwordCost#>把【飞剑】
【飞剑：3】执行一次【全局抽牌】
【飞剑：4】执行一次【自身抽牌】","Spawn <#SwordCost#> [Flying Swords].
 [Flying Swords: 3] Perform a [Random Draw]
 [Flying Swords: 4] Perform a [Self Draw]","<#SwordCost#>本の「飛剣」を召喚する。
「飛剣：3」 「全体ドロー」を1回実行する。
「飛剣：4」 「単体ドロー」を1回実行する。"
Card_Info/10060,Text,,"以心御剑，对随机敌人造成<Demage>（优先【标记】）
【飞剑：3】消耗3把飞剑额外追加3次伤害","Command swords with psychic power, dealing <Demage> to a random enemy (prioritizing [Marked] targets)
[Flying Swords: 3] Consume 3 swords to deal 3 extra hits","心で剣を操り、ランダムな敵に<Demage>を与える（「マーク」された敵を優先）。
「飛剣：3」飛剣を3本消費して追加でダメージを3回与える。"
Card_Info/10061,Text,,凝水成鳞，为自身及左右单位添加<Demage>护盾。手中每有一张【待机卡牌】，获得护盾提高<$ShieldPresent$>,,
Card_Info/10062,Text,,疾驰回旋，对指定敌人造成<Demage>，同时自身获得<#BuffCount#>【嘲讽】,,
Card_Info/10064,Text,,用根须【汲取】所有敌人<Demage>点最大生命值，并获得一张《僵尸之血》,Use roots to [Drain] <Demage> points of Max HP from all enemies and add 1 <Zombie Blood> to hand,根ですべての敵から<Demage>点の体力上限を「吸収」し、『僵屍の血』を1枚得る。
Card_Info/10065,Text,,"凝结成木之巨龙吞向目标，对目标造成<Demage>
若敌方单位【龙威】均小于自身时，使用后获得<#BuffCount_1#>【龙威】，整场战斗仅触发一次。",,
Card_Info/10066,Text,,将雷霆之力萦绕指尖，对目标造成<Demage>，并获得<#BuffCount#>【雷反】（视为普攻）,Channel the power of lightning through the fingertip to deal <Demage> to the target and grant <#BuffCount#> [Lightning Counter] (Counted as a Basic Attack),雷霆の力を指に纏い、ターゲットに<Demage>を与え（通常攻撃としてみなす）、<#BuffCount#>の「雷返し」を得る。
Card_Info/10067,Text,,以潮水般的绝望淹没神魂，自身损失<$CostHp$>%当前生命值（不致死），使目标获得<Demage>【法穿】并【眩晕】,Drown the soul in waves of despair. Lose <$CostHp$>% Current HP (non-lethal) to inflict on target <Demage> [Magic Penetration] and [Stun],潮のような絶望で神魂を水没させ、自身が現在体力の<$CostHp$>%分を失い（非致死）、ターゲットに<Demage>の「法術貫通」と「スタン」を付与する。
Card_Info/10069,Text,,以己方单位为养料，从其身上【汲取】<Demage>点攻击力，并为其添加<#BuffCount#>【虚弱】(无法对自身使用),Treat an allied unit as nourishment to [Drain] <Demage> Attack and inflict <#BuffCount#> [Asthenia] (Cannot be used on self),味方ユニットを養分にして、<Demage>点の攻撃力を「吸収」し、<#BuffCount#>の「衰弱」を付与する（自身に使用できない）。
Card_Info/1007,Text,,所有伤害手牌伤害提高100%并变为真实伤害,All hand cards deal 100% more damage and deal True Damage,すべての手札のダメージが100％増加し、ダメージタイプを「真実ダメージ」に変化する。
Card_Info/10070,Text,,"展开毒瘴之域，对相邻的1/2名敌人造成<Demage>，并施加<#BuffCount#>【猛毒】
本次战斗每死亡一名单位额外叠加<#BuffCount_1#>【猛毒】",,
Card_Info/10071,Text,,"幼龙的爪击，对目标及左右敌人造成<Demage>，并获得<#BuffCount#>【龙威】，（视为普攻）
自身每层【龙威】伤害提高<$DemageUp$>%","A claw strike by a baby dragon. Deal <Demage> to the target and adjacent units, gain <#BuffCount#> [Dragon's Presence] (as basic attacks)
Each [Dragon's Presence] +<$DemageUp$>% damage","幼い龍が爪で攻撃し、ターゲットとその隣接の敵に<Demage>を与える（通常攻撃としてみなす）。<#BuffCount#>の「龍威」を得る。
自身の「龍威」1スタックごとにこのカードのダメージが<$DemageUp$>%増加する。"
Card_Info/10073,Text,,对目标及左右单位造成<Demage>点伤害，并施加<#BuffCount#>【法穿】,Deal <Demage> damage to the target and its adjacent units and inflict <#BuffCount#> [Magic Penetration],ターゲットとその隣接ユニットに<Demage>を与え、<#BuffCount#>の「法術貫通」を付与する。
Card_Info/10074,Text,,对目标重复使用上一张用过的卡牌<#Count#>次，视作由自身使用,Reuse a previously used card on the same target <#Count#> times. This is considered as if used by this unit,ターゲットに前回使用したカードを<#Count#>回繰り返して使用する。自身が使用したものとみなす。
Card_Info/10075,Text,,甩动机关臂，对指定单位造成<Demage>伤害，并施加<#BuffCount#>【攥紧】,Swing the contraption arm to deal <Demage> damage to the designated unit and inflict <#BuffCount#> [Clench],ターゲットに<Demage>を与え、<#BuffCount#>の「掴み」を付与する。
Card_Info/10076,Text,,呼唤天地间的清气，使指定单位获得<Demage>,Gather pure energy from the nature to grant the designated unit <Demage>,天地の間にある清気を呼び、ターゲットに<Demage>を付与する。
Card_Info/10077,Text,,以毁灭一切的气势发动撞击对目标造成<Demage>。使用后自身护盾清空。,"Charge forward with devastating force, dealing <Demage> to the target. Reduce all Shield after use.",すべてを取り壊す勢いで体当たりし、ターゲットに<Demage>を与える。使用後、自身のシールドを全部失う。
Card_Info/10078,Text,,目标及左右随从解除所有负面状态并获得<#BuffCount#>【抵抗】,"Remove all debuffs for the target and adjacent minions, and grant <#BuffCount#> [Resistance]",ターゲットとその隣接ミニオンはすべてのデバフを解除し、<#BuffCount#>の「抵抗」を得る。
Card_Info/10079,Text,,自身获得<Demage>，全场除自身外所有单位移除<$CostHp$>%最大生命值，生命值不足<$CostHp$>%的，致死,Grant <Demage> on self. Remove <$CostHp$>% Max HP from all units on the field except self. Units below <$CostHp$>% HP are instantly killed,自身が<Demage>を得る。自身以外のすべてのユニットは体力上限の<$CostHp$>%分の体力を失う。現在体力が体力上限の<$CostHp$>%未満のユニットは撃破される。
Card_Info/1008,Text,,将所有卡牌的所属方变为指定单位,,
Card_Info/10080,Text,,过去的错误永远不会被遗忘，移除指定随从的所有负面buff，并获得等量层数的【灵压】,No wrongs of the past will ever be forgotten. Remove all debuffs for a designated minion and grant an equal number of [Spiritual Pressure],過去の過ちは決して忘れられない。ターゲットのすべてのデバフを解除し、解除したデバフの合計スタック数と同数の「霊圧」を得る。
Card_Info/10081,Text,,展开鬼神之躯，强制3名最近的敌人攻击自身（不致死），自身及左右单位获得<Demage>，自身获得【嘲讽】,"Unleash the Wraithgod Form, forcing the 3 nearest enemies to attack this unit (non-lethal). Self and adjacent units gain <Demage>, and self gains [Taunt]",鬼神の躯体を展開し、最も近い敵3名に強制的に自分を攻撃させ（非致死）、自身および隣接ユニットが<Demage>を得る。自身が「挑発」を得る。
Card_Info/10082,Text,,对目标单位造成<Demage>并【眩晕】，目标每损失<$HpNeed$>点血量，额外移除目标<$DemageAdd$>生命（致死）,"Deal <Demage> to the target and inflict [Stun]. For every <$HpNeed$> HP the target has lost, remove <$DemageAdd$> HP from the target (lethal)",ターゲットに<Demage>を与え、「スタン」を付与する。ターゲットが失っている体力<$HpNeed$>ごとに、追加で体力を<$DemageAdd$>除去する（致死）。
Card_Info/10083,Text,,"【汲取】目标<Demage>点最大生命值，并对敌方全体施加<#BuffCount#>【红尘魅惑】,每条尾巴使层数额外+<#AddCount#>
九尾增幅：立即结算目标的红尘魅惑效果","[Drain] <Demage> Max HP from the target and inflict <#BuffCount#> [Mortal Temptation] on all enemies. Each tail increases the stacks by <#AddCount#>
Nine-Tails Amplification: Immediately triggers the target's Mortal Allure effect. ","ターゲットの体力上限を<Demage>「吸収」し、敵全体に「紅塵魅惑」を<#BuffCount#>付与する。尻尾1本ごとにスタック数が追加で+<#AddCount#>。
九尾増幅：対象の「紅塵魅惑」の効果を即時発動する。"
Card_Info/10084,Text,,"对相邻的2/3名敌人造成三次<Demage>，此伤害有<$BloodSuck$>%吸血。
九尾增幅：伤害段数+2","Deal 3 instances of <Demage> to 2/3 adjacent enemies, with a <$BloodSuck$>% [Lifesteal].
Nine-Tails Amplification: Damage hit count +2","隣接する敵2/3名に<Demage>を3回与える。このダメージは<$BloodSuck$>%の吸血を持つ。
九尾増幅：ダメージの段数 +2"
Card_Info/10085,Text,,对全场敌方单位施加<#BuffCount#>【脱水】，并为全场我方单位恢复<Demage>,"Inflict <#BuffCount#> stacks of [Dehydration] on all enemies, and restore <Demage> to all allies",すべての敵ユニットに<#BuffCount#>の「脱水」を付与し、すべての味方ユニットを<Demage>回復する。
Card_Info/10087,Text,,攻击目标造成<Demage>（视为普攻），若场上存在【标记】敌人，则额外对所有【标记】造成同等伤害。,"Attack the target, dealing <Demage> (counted as a Basic Attack). Deal equal damage to all [Marked] enemies (if any).",ターゲットに<Demage>を与える（通常攻撃としてみなす）。フィールドに「マーク」された敵がいる場合、追加ですべての「マーク」された敵に同量のダメージを与える。
Card_Info/10089,Text,,催动法器，【眩晕】场上所有敌人,Activate the artifact to [Stun] all the enemies,法器を駆動し、フィールド上のすべての敵を「スタン」させる。
Card_Info/1009,Text,,"对敌人造成<Demage>，并为所有己方单位回满血。
该卡牌视为《僵尸之血》","Deal <Demage> to the enemy and fully heal all allied units. 
This card is considered as <Zombie Blood>","敵に<Demage>を与え、すべての味方ユニットの体力が全回復する。
このカードは『僵屍の血』とみなされる。"
Card_Info/10090,Text,,所有己方随从均移除所有负面buff，并获得等量层数的【灵压】（至少<Demage>）,Remove all debuffs from all allied minions and grant them an equal number of [Spiritual Pressure] (at least <Demage>),すべての味方ミニオンのデバフを解除し、解除したデバフの合計スタック数と同数の「霊圧」を付与する（最低<Demage>）。
Card_Info/10091,Text,,为指定单位添加<Demage>【阳气之种】/【阴气之种】，对已拥有【阳气之种】/【阴气之种】的单位使用时，将原本层数向左右等额扩散,"Adds <Demage> [Seeds of Yang] / [Seeds of Yin] to a unit. When used on a unit that already has [Seeds of Yang] / [Seeds of Yin], spread the original stacks equally to adjacent units",指定ユニットに「陽気の種」/「陰気の種」を<Demage>付与する。「陽気の種」/「陰気の種」を付与されているユニットに使用する場合、同数を隣接ユニットに拡散する。
Card_Info/10092,Text,,为指定单位回复<Demage>并添加1【岁月】（对敌方使用时，造成等额伤害）,"Heal <Demage> for a unit and add 1 stack of [Aging]. (When used on an enemy, deal an equal amount of damage instead)",指定ユニットを<Demage>回復し、「歳月」を1付与する（敵に使用する場合、同量のダメージを与える）。
Card_Info/10093,Text,,跳起来狠狠的顶敌人膝盖，造成<Demage>并将目标和自己【眩晕】（视为普攻）,"Leap up and ram the enemy's knee, dealing <Demage> and inflicting [Stun] on both the target and self (counted as a Basic Attack)",飛び上がって敵の膝に思いっきり頭突きして、<Demage>を与え、ターゲットと自身に「スタン」を付与する（通常攻撃としてみなす）。
Card_Info/10094,Text,,酝酿体内的青龙之力，对所有敌人造成<Demage>。并对全场单位（不论敌我）施加<#PBuffCount#>【疫毒】,"Channel the dragon power within, dealing <Demage> to all enemies, and inflict <#PBuffCount#> [Plague Toxin] on all units (both allies and enemies)",体内の青龍の力を駆使して、すべての敵に<Demage>を与え、フィールド上のすべてのユニット（敵味方問わず）に「疫毒」を<#PBuffCount#>付与する。
Card_Info/10095,Text,,连续对指定单位进行<#AtkCount#>次普通攻击,Perform <#AtkCount#> consecutive Basic Attacks on the designated unit,指定ユニットに<#AtkCount#>回連続の通常攻撃を行う。
Card_Info/10096,Text,,睁开狂气的龙瞳，对目标施加<Demage>【破甲】，同时自身获得等额的【狂性】,"Open the maniac dragon eyes to inflict <Demage> [Sunder Armor] on the target, and grant equal stacks of [Mania] to self",狂気の龍瞳を開き、ターゲットに<Demage>の「破れ」を付与する。自身は付与した「破れ」と同数の「狂暴」を得る。
Card_Info/10098,Text,,指定目标施加<#TimeCount#>【岁月】,Inflict <#TimeCount#> [Aging] on the designated target,指定ターゲットに「歳月」を<#TimeCount#>付与する。
Card_Info/10099,Text,,划破无尽寒冬的春雷，对随机敌人造成<Demage>。每回合第一次由自身使用该卡牌时，伤害乘<#UpDemage#>,"Spring thunder shatters winter, dealing <Demage> to a random enemy. The first time this card is used by self each turn, multiply the damage by <#UpDemage#>",終わりなき寒冬を切り裂く春雷が、ランダムな敵に<Demage>を与える。各ターンで初めて自身がこのカードを使用するとき、<#UpDemage#>倍のダメージを与える。
Card_Info/101,Text,,对指定目标造成<Demage>，并【虚弱】（奇数回合该卡牌伤害翻倍，偶数回合伤害减半）,"Deal <Demage> to the target and inflict [Asthenia] (This card's damage doubles on odd turns, and halves on even turns)",ターゲットに<Demage>を与え、「衰弱」を付与する（奇数ターンはこのカードのダメージが倍増し、偶数ターンは半減する）。
Card_Info/1010,Text,,无效果，丢弃时消耗一点灵力。,No effect. Consumes 1  [Mana] when discarded.,効果なし。破棄時に霊力を1消費する。
Card_Info/10100,Text,,惠风和畅，暖日助眠，所有己方单位回复<Demage>，每回合第一次使用时抽取一张《惊蛰》加入手牌,"Gentle breeze and soothing sun aid sleep. Restore <Demage> to all allied units. The first time this card is used each turn, draw 1 <Awakening of Insects> to hand",穏やかな風と暖かな日差しが眠りを誘う。すべての味方ユニットが<Demage>回復する。各ターンで初めて使用するときに『啓蟄』を1枚ドローして手札に加える。
Card_Info/10101,Text,,对指定目标造成<Demage>，追加【虚弱】并【眩晕】（奇数回合该卡牌伤害翻倍，偶数回合伤害减半）,"Deal <Demage> to the target, inflicting [Asthenia] and [Stun] (This card's damage doubles on odd turns, and halves on even turns)",ターゲットに<Demage>を与え、「衰弱」と「スタン」を付与する（奇数ターンはこのカードのダメージが倍増し、偶数ターンは半減する）。
Card_Info/10102,Text,,凝聚猛虎之力，对自身相邻的2/3名敌人造成<Demage>（奇数回合该卡牌伤害翻倍，偶数回合伤害减半）,"Channel the power of a fierce tiger, dealing <Demage> to the 2/3 adjacent enemies (This card's damage doubles on odd turns, and halves on even turns)",自身に隣接する敵2/3名に<Demage>を与える（奇数ターンはこのカードのダメージが倍増し、偶数ターンは半減する）。
Card_Info/10103,Text,,对场上每名带有【疫毒】单位造成<#HitCount#>次<Demage>并依次生成<#SwordCount#>把【飞剑】,Deals <Demage> <#HitCount#> times to each unit on the field with 【Plague】 and generates <#SwordCount#> 【Flying Swords】 in sequence.,フィールド上の「疫毒」を持つユニット1体ごとに<Demage>を<#HitCount#>回与え、そのたびに<#SwordCount#>本の「飛剣」を召喚する。
Card_Info/10104,Text,,"对目标造成<Demage>，并施加<#PBuffCount#>【疫毒】
【飞剑：3】消耗3把飞剑额外对3个目标追加等量【疫毒】并造成<Demage>","Deals <Demage> to the target and applies <#PBuffCount#> 【Plague】
【Flying Sword: 3】 Consumes 3 Flying Swords to additionally apply an equal amount of 【Plague】 to 3 targets and deal <Demage> to them.","対象に<Demage>を与え、<#PBuffCount#>の「疫毒」を付与する。
「飛剣：3」飛剣を3本消費し、さらに3体の対象に同量の「疫毒」を追加付与し、<Demage>を与える。"
Card_Info/10105,Text,,指定随从行动次数+<Demage>，并获得【预标记】状态。同时自身执行一次【自身抽牌】,"Designated follower gains +<Demage> action count and the Pre-Mark status. Additionally, self performs one Self Draw.",指定した従者の行動回数+<Demage>、「準マーク」状態を獲得する。同時に自身は「単体ドロー」を1回実行する。
Card_Info/10106,Text,,对指定目标造成<Demage>，若目标被【标记】则造成<$DemageMul$>倍伤害,"Deal <Demage> to the designated target. If the target is [Marked], deal <$DemageMul$>x damage.",ターゲットに<Demage>を与える。ターゲットが「マーク」されている場合は<$DemageMul$>倍のダメージを与える。
Card_Info/10107,Text,,使用后，全队每名随从施展一次《斩龙诀》,"After use, each allied follower performs Dragon-Slaying Decree once.",使用後、すべての味方従者がそれぞれ『斬龍決』を1回発動する。
Card_Info/10108,Text,,"激发血脉中人皇的力量，使指定单位获得<#DrugenCount#>层【龙威】和【防御】，并添加<Demage>,全队每有一点卡牌强度，护盾+<#AddCount#>","Awakens the power of the Human Emperor within the bloodline, granting the designated unit <#DrugenCount#> stacks of Dragon's Presence and DEF, and applies <Demage>. For each point of Card Power all allies possess, Shield +<#AddCount#>.",血脈の中の人皇の力を呼び覚まし、指定ユニットに<#DrugenCount#>スタックの「龍威」と「防御」を付与し、<Demage>を与える。味方全員が持つカード強度1ポイントにつき、シールド+<#AddCount#>。
Card_Info/1011,Text,,对指定目标添加<#TimeCount#>【岁月】，并将一张《回夜》加入手牌,Inflict <#TimeCount#> [Aging] on the target. Add 1 <Recurring Nights> to hand,指定ターゲットに<#TimeCount#>「歳月」を付与し、『回夜』を1枚手札に加える。
Card_Info/1012,Text,,对指定目标添加<#TimeCount#>【岁月】，并将一张《旬月》加入手牌,Inflict <#TimeCount#> [Aging] on the target. Add 1 <Decade Months> to hand,指定ターゲットに<#TimeCount#>「歳月」を付与し、『旬月』を1枚手札に加える。
Card_Info/1013,Text,,对指定目标添加<#TimeCount1#>【岁月】，同时对该目标的左右单位添加<#TimeCount2#>【岁月】，并将一张《百载》加入手牌,Inflict <#TimeCount1#> [Aging] on the target and <#TimeCount2#> [Aging] on its adjacent units. Add 1 <Hundred Years> to hand,ターゲットに<#TimeCount1#>「歳月」、隣接ユニットに<#TimeCount2#>「歳月」を付与し、『百載』を1枚手札に加える。
Card_Info/1014,Text,,对目标及左右单位添加<#TimeCount#>【岁月】，并将一张《上下五千年》加入手牌,Inflict <#TimeCount#> [Aging] on the target and its adjacent units. Add 1 <Five Millennia> to hand,ターゲット及び隣接ユニットに<#TimeCount#>「歳月」を付与し、『上下五千年』を1枚手札に加える。
Card_Info/1015,Text,,对目标及同阵营的所有单位添加<#TimeCount#>【岁月】，并将一张《上下五千年》加入手牌,Inflict <#TimeCount#> [Aging] on the target and all its allies. Add 1 <Five Millennia> to hand,ターゲットと同陣営のすべてのユニットに<#TimeCount#>「歳月」を付与し、『上下五千年』を1枚手札に加える。
Card_Info/1016,Text,,对所有敌人造成三次<Demage>，全场所有随从每有1点卡牌强度，该伤害+<$DemageAdd$>,"Deals <Demage> three times to all enemies. For every 1 point of Card Power all followers on the field possess, this damage increases by +<DemageAddDemageAdd>.",全ての敵に3回<Demage>を与える。フィールド上の全ての従者が持つカード強度1ポイントにつき、このダメージが<$DemageAdd$>増加する。
Card_Info/1017,Text,,"造成<Demage>并恢复等额生命
全场己方单位总计每有<#HpNeed#>点生命值，该卡牌伤害+<$DemageAdd$>
该卡牌视为《僵尸之血》","Deals <Demage> and restores an equal amount of HP.
For every <#HpNeed#> total HP of all allied units on the field, this card's damage increases by +<$DemageAdd$>
This card is treated as Zombie Blood.","<Demage>を与え、等しい量のHPを回復する。
フィールド上の全味方ユニットの合計HPが<#HpNeed#>あるごとに、このカードのダメージが<$DemageAdd$>増加する。
このカードは『僵屍の血』とみなされる。"
Card_Info/102,Text,,凝聚猛虎之力，对自身相邻的2/3名敌人造成<Demage>（奇数回合该卡牌伤害翻倍，偶数回合伤害减半）,"Channel the power of a fierce tiger, dealing <Demage> to the 2/3 adjacent enemies (This card's damage doubles on odd turns, and halves on even turns)",自身に隣接する敵2/3名に<Demage>を与える（奇数ターンはこのカードのダメージが倍増し、偶数ターンは半減する）。
Card_Info/103,Text,,对场上每名带有【疫毒】单位造成<Demage>并依次生成<#SwordCount#>把【飞剑】,"Deal <Demage> to every enemy unit on the field bearing [Plague Toxin], and generate <#SwordCount#> [Flying Swords] each time",フィールド上に「疫毒」を付与されたユニットそれぞれに<Demage>を与え、そのたびに「飛剣」を<#SwordCount#>本召喚する。
Card_Info/104,Text,,"对目标施加<#PBuffCount#>【疫毒】
【飞剑：3】消耗3把飞剑额外对3个目标追加等量【疫毒】并造成<Demage>","Applies <#PBuffCount#>【Plague】 to the target.
【Flying Sword: 3】 Consumes 3 Flying Swords to additionally apply an equal amount of 【Plague】 to 3 targets and deal <Demage> to them.","対象に<#PBuffCount#>の「疫毒」を付与する。
「飛剣：3」飛剣を3本消費し、さらに3体の対象に同量の「疫毒」を追加付与し、<Demage>を与える。"
Card_Info/105,Text,,指定随从行动次数+<Demage>，并获得【预标记】状态。同时自身执行一次【自身抽牌】,"Designated follower gains +<Demage> action count and the Pre-Mark status. Additionally, self performs one Self Draw.",指定した従者の行動回数+<Demage>、「準マーク」状態を獲得する。同時に自身は「単体ドロー」を1回実行する。
Card_Info/106,Text,,对指定目标造成<Demage>，若目标被【标记】则造成<$DemageMul$>倍伤害并【眩晕】,"Deal <Demage> to the designated target. If the target is [Marked], deal <$DemageMul$>x damage instead and inflict [Stun]",ターゲットに<Demage>を与える。ターゲットが「マーク」されている場合は<$DemageMul$>倍のダメージを与え、「スタン」を付与する。
Card_Info/107,Text,,对目标单位造成<Demage>，全队每有一点攻击力，伤害+<#AddCount#>,"Deals <Demage> to the target unit. For each point of ATK all allies possess, damage +<#AddCount#>.",対象ユニットに<Demage>を与える。味方全員が持つ攻撃力1ポイントにつき、ダメージ+<#AddCount#>。
Card_Info/108,Text,,"激发血脉中人皇的力量，使指定单位获得<#DrugenCount#>层【龙威】，并添加<Demage>,全队每有一点卡牌强度，护盾+<#AddCount#>","Awakens the power of the Human Emperor within the bloodline, granting the designated unit <#DrugenCount#> stacks of Dragon's Presence, and applies <Demage>. For each point of Card Power all allies possess, Shield +<#AddCount#>.",血脈の中の人皇の力を呼び覚まし、指定ユニットに<#DrugenCount#>スタックの「龍威」を付与し、<Demage>を与える。味方全員が持つカード強度1ポイントにつき、シールド+<#AddCount#>。
Card_Info/11,Text,,由纯粹灵气凝结成护盾，为目标及左右单位添加<Demage>并解除1种异常状态。,Form a shield of pure essence. Add <Demage> and remove 1 debuff for the target and adjacent units.,純粋な霊気でシールドを練り、ターゲットとその隣接ユニットに<Demage>を付与し、1種のデバフを解除する。
Card_Info/12,Text,,死去神灵的遗泽，还能提供些许庇佑。为指定单位添加<Demage>，并解除1种负面状态,What remains of a fallen deity that still offers some protection. Add <Demage> to the designated unit and remove 1 debuff,亡き神が遺した恩恵は、今なおわずかな庇護を与える。ターゲットに<Demage>を付与し、1種のデバフを解除する。
Card_Info/13,Text,,唤回场上飞剑，每唤回一把飞剑，手中所有剑术牌提高<#DemageUp#>点伤害。,,
Card_Info/14,Text,,指定一名己方单位受到<$Cost$>%最大生命值的真实伤害，行动次数+<Demage>,Designate an allied unit to take True Damage equal to <$Cost$>% of its Max HP and +<Demage> AP,味方ユニット1名を指定し、そのユニットに体力上限の<$Cost$>%分の真実ダメージを与え、行動回数+<Demage>。
Card_Info/15,Text,,抓住此刻的心感，为指定单位开启【心眼】<#BuffCount#>,"Seize the inner sensation of the moment, unlocking <#BuffCount#> [Mind's Eye] for the designated unit",現在の感覚を澄まし、ターゲットに<#BuffCount#>の「心眼」を付与する。
Card_Info/16,Text,,呼唤复苏的东风治愈自己，所有己方单位生命值+<#Heal#>。,,
Card_Info/17,Text,,划破寒冬的第一道雷霆，宣告春神的威严，对目标单位造成<Demage>。,,
Card_Info/18,Text,,重置目标单位行动次数。,Reset the target's AP.,ターゲットの行動回数をリセットする。
Card_Info/19,Text,,对敌人造成<Demage>，并回复一半伤害值的生命，对友方使用时，回复等量生命值。,"Deal <Demage> to the enemy, and heal for half of the damage dealt. If used on an ally, heal for the equal amount of the damage.",敵に<Demage>を与え、そのダメージの半分の体力を回復する。味方に使用するときは、<Demage>の体力を回復する。
Card_Info/2,Text,,呼唤至多<#FlySwordCount#>把己方飞剑攻击随机敌人，每把飞剑造成<Demage>（不消耗飞剑）,Call forth up to <#FlySwordCount#> allied flying swords to attack random enemies. Each sword deals <Demage> (Does not consume the flying swords),味方の飛剣を最大<#FlySwordCount#>本まで操り、ランダムな敵を攻撃する。1本ごとに<Demage>を与える（飛剣を消費しない）。
Card_Info/20,Text,,发出贯彻神魂的嚎叫，所有己方单位获得<Demage>【杀意】,"Unleash a howl that pierces the soul, granting all allied units <Demage> [Killing Malice]",魂に響く咆哮を発し、すべての味方に<Demage>の「殺意」を付与する。
Card_Info/20001,Text,,"对目标造成<Demage>，若【标记】则伤害提高<$DemageUp$>%
【飞剑：2】消耗2把飞剑执行一次【自身抽牌】(手牌已满时，不触发)","Deal <Demage> to the target. If [Marked], +<$DemageUp$>% damage dealt
[Flying Swords: 2] Consume 2 swords to perform a [Self Draw] (not trigger if the hand is full)","ターゲットに<Demage>を与える。ターゲットが「マーク」されている場合、ダメージが<$DemageUp$>%増加する。
「飛剣：2」飛剣を2本消費して「単体ドロー」を1回実行する（手札数が上限に達しているときは発動しない）。"
Card_Info/20002,Text,,呼唤场上所有【飞剑】，攻击随机敌人，每把飞剑造成<Demage>（不消耗飞剑，无法暴击）,"Call forth all [Flying Swords] on the field to attack random enemies. Each sword deals <Demage> (Does not consume the flying swords, cannot CRIT)",フィールドにあるすべての「飛剣」を操り、ランダムな敵を攻撃する。1本ごとに<Demage>を与える（飛剣を消費しないが、会心できない）。
Card_Info/20006,Text,,呼唤四散的风，为指定单位回复<Demage>，解除所有负面状态，并将该次治疗的50%填充为护盾,"Call forth the scattered winds. Restore <Demage> HP for the designated unit, remove all debuffs, and turn 50% of the healing amount into Shield",飛び舞う風を召喚して、ターゲットの<Demage>を回復し、すべてのデバフを解除する。そして回復量の50%をシールドとして付与する。
Card_Info/20007,Text,,喷射烟火弹，对指定单位造成<Demage>。【龙威】+<#BuffCount#>,Shoot a Firework Bolt to deal <Demage> to the designated unit. [Dragon's Presence] +<#BuffCount#>,煙火弾を発射し、ターゲットに<Demage>を与える。「龍威」+<#BuffCount#>。
Card_Info/20009,Text,,召唤雷电，对目标造成<Demage>。并获得<#BuffCount#>【雷反】,Summon lightning to deal <Demage> to the target. Grant <#BuffCount#> [Lightning Counter],雷を召喚して、ターゲットに<Demage>を与える。<#BuffCount#>の「雷返し」を付与する。
Card_Info/20010,Text,,"生成<#SwordCount#>把【飞剑】，对指定单位造成<Demage>。
自身每拥有一把【飞剑】该伤害提高<$DemageUp$>%","Spawn <#SwordCount#> [Flying Swords] and deal <Demage> to the target.
+<$DemageUp$>% damage per [Flying Sword] there is","<#SwordCount#>本の「飛剣」を召喚して、ターゲットに<Demage>を与える。
「飛剣」を1本所有するごとにダメージが<$DemageUp$>%増加する。"
Card_Info/20011,Text,,由纯粹灵气凝结成护盾，为目标及左右单位添加<Demage>，并获得<#BuffCount#>【雷反】,"Form a shield of pure essence. Add <Demage> to the target and adjacent units, and grant <#BuffCount#> [Lightning Counter]",純粋な霊気でシールドを練り、ターゲットとその隣接ユニットに<Demage>を付与する。<#BuffCount#>の「雷返し」を付与する。
Card_Info/20014,Text,,指定一名己方单位受到<$Cost$>%最大生命值的真实伤害，行动次数+<Demage>，并随机对一名敌人进行普攻,"Designate an allied unit to take True Damage equal to <$Cost$>% of its Max HP and +<Demage> AP, and perform a Basic Attack to 1 random enemy",味方ユニット1名を指定し、そのユニットに体力上限の<$Cost$>%分の真実ダメージを与え、行動回数+<Demage>。さらにランダムな敵1名に通常攻撃を行う。
Card_Info/20018,Text,,重置目标单位行动次数。对敌人使用时，造成<$DemagePresent$>%当前生命值的真实伤害，并施加<#BuffCount#>【眩晕】,"Reset the target's AP. If used on an enemy, deal True Damage equal to <$DemagePresent$>% of its Current HP, and inflict <#BuffCount#>[Stun]",ターゲットの行動回数をリセットする。敵に使用するとき、現在体力の<$DemagePresent$>%分の真実ダメージを与え、<#BuffCount#>の「スタン」を付与する。
Card_Info/2002,Text,,"消耗<$Present$>%碎神玉，每消耗<#CostStone#>点，永久成长所有随从1点攻击力和卡牌强度。
同时解除所有己方单位的异常状态并回满血。","Consume <$Present$>% Deity Shards. For every <#CostStone#> consumed, all minions' Attack and Card Power +1 permanently.
Remove all debuffs for allied units and fully heal them.","砕神玉を<$Present$>%消費し、<#CostStone#>ごとに、すべてのミニオンの攻撃力とカード強度を1ずつ永続的に増加する。
すべての味方ユニットのデバフを解除し、体力を全回復する。"
Card_Info/20020,Text,,"发出贯彻神魂的嚎叫，获得<Demage>【杀意】,同时对所有敌人施加<#BuffCount_1#>【虚弱】","Unleash a howl that pierces the soul, granting <Demage> [Killing Malice] to allies and inflict <#BuffCount_1#> [Asthenia] on enemies",魂に響く咆哮を発し、<Demage>の「殺意」を付与する。すべての敵に<#BuffCount_1#>の「衰弱」を付与する。
Card_Info/20021,Text,,造成<Demage>并【标记】目标，本场战斗【咒之舌】汲取攻击力+1,Deal <Demage> and [Mark] the target. [Curse Tongue] drains +1 more Attack for this battle,<Demage>を与え、ターゲットを「マーク」する。この戦闘では「呪いの舌」が吸収する攻撃力が1増加する。
Card_Info/20022,Text,,唤醒巨盾中残存的神力，使目标获得<#BuffCount_1#>【嘲讽】和<Demage>点护盾,"Awaken the divine power that remains within the shield, granting the target <#BuffCount_1#> [Taunt] and <Demage> points of Shield",巨大な盾に残されし神力を呼び起こし、ターゲットに<#BuffCount_1#>の「挑発」と<Demage>を付与する。
Card_Info/20023,Text,,算准时机，举盾，弹开攻击。使指定目标获得<Demage>【抵抗】,"Time the move, raise the shield, and deflect the attack. Grant the target <Demage> [Resistance]",タイミングを図って盾を構え、攻撃を弾く。ターゲットに<Demage>の「抵抗」を付与する。
Card_Info/20024,Text,,目标及左右单位获得<Demage>【灵压】,Grant the target and its adjacent units <Demage> [Spiritual Pressure],ターゲットとその隣接ユニットに<Demage>の「霊圧」を付与する。
Card_Info/20025,Text,,以怨灵之牙啃咬，对指定目标造成2次<Demage>，目标每带有一层负面buff，伤害提高<$DemageUp$>%,"Bite the target with the wraith's fang, dealing <Demage> twice. For each stack of debuffs the target has, increase the damage by <$DemageUp$>%",怨霊の牙で噛み付き、ターゲットに<Demage>を2回与える。ターゲットにデバフが1スタック付与されているごとに、ダメージが<$DemageUp$>%増加する。
Card_Info/20026,Text,,自身及左右单位【防御】+<#BuffCount#>，并对所有敌人造成2次<Demage>,’+ <#BuffCount#> [Defense] to self and adjacent units. Deal <Demage> twice to all enemies,自身および隣接ユニットが<#BuffCount#>の「防御」を得て、すべての敵に<Demage>を2回与える。
Card_Info/20027,Text,,发射鬼火，对目标及左右单位造成<Demage>。,"Shoot Ghost Fire, dealing <Demage> to the target and its adjacent units.",鬼火を発射してターゲットとその隣接ユニットに<Demage>を与える。
Card_Info/20028,Text,,催动长在手上的尸天眼，【标记】指定单位，并【汲取】<Demage>点攻击力。,"Activate the Corpse Eye on the hand, [Mark] the designated unit, and [Drain] <Demage> Attack.",手のひらにある屍天眼を駆使してターゲットを「マーク」し、<Demage>点の攻撃力を「吸収」する。
Card_Info/20029,Text,,"以尸气凝结触手对随机敌人<#TCount#>次造成<Demage>,并添加<#PBuffCount#>【疫毒】","Condense corpse energy into tentacles to strike random enemies <#TCount#> times, dealing <Demage>, and inflicting <#PBuffCount#> [Plague Toxin]",屍の息を練りランダムな敵に<Demage>を<#TCount#>回与え、<#PBuffCount#>の「疫毒」を付与する。
Card_Info/20030,Text,,吞噬尸气，为目标及左右单位回复<Demage>生命值，解除1种负面状态，主目标受到治疗翻倍,Devour corpse energy to restore <Demage> HP for the target and adjacent units and remove 1 debuff. The primary target heals for 2x amount,屍の息を呑み込み、ターゲットとその隣接ユニットの<Demage>を回復し、1種のデバフを解除する。メインターゲットは2倍の回復を受ける。
Card_Info/20031,Text,,发射一枚毒素胞，对指定敌人施加<Demage>【疫毒】，命中【疫毒】的敌人后执行一次【自身抽牌】,"Shoot a toxin cell to inflict <Demage> [Plague Toxin] on the designated enemy. On hitting enemies with [Plague Toxin], perform a [Self Draw]",毒の胞子を発射して、ターゲットに<Demage>の「疫毒」を付与する。「疫毒」の敵に命中した場合、「単体ドロー」を1回実行する。
Card_Info/20032,Text,,发射一枚酒火弹，对随机敌人造成<Demage>。命中敌人后对左右单位造成一半伤害,"Shoot a Liquor Fire Bolt, dealing <Demage> to a random enemy. On hitting the enemy, deal half of the damage to its adjacent units",酒火弾を1発発射してランダムな敵に<Demage>を与え、その隣接ユニットに半分のダメージを与える。
Card_Info/20033,Text,,吞云，豪饮，乘兴狂歌，损失<$CostHp$>%当前生命值，获得<Demage>【狂性】，并执行一次【自身抽牌】,"Drink and sing in a frenzy, losing <$CostHp$>% of Current HP to gain <Demage> [Mania] and perform a [Self Draw]",酒飲みの意に乗って歌い上げる。現在体力の<$CostHp$>%分を失い、<Demage>の「狂暴」を付与し、「単体ドロー」を1回実行する。
Card_Info/20034,Text,,发散浊气，对所有敌人造成<Demage>，消耗所有剩余【灵力】，每1点【灵力】，伤害提高<$DemageUp$>%,Unleash turbid energy to deal <Demage> to all enemies. Consume all remaining [Mana] to gain +<$DemageUp$>% damage per point of [Mana],濁気を発し、すべての敵に<Demage>を与える。残っているすべての「霊力」を消費し、霊力1点につきダメージが<$DemageUp$>%増加する。
Card_Info/20035,Text,,凝聚清气，对指定敌人造成<Demage>，回满【灵力】，并【标记】目标（视为普攻）,Channel pure energy to deal <Demage> to the designated enemy. Also fully restore [Mana] and [Mark] the target (Counted as a Basic Attack),清気を集め、ターゲットに<Demage>を与え（通常攻撃としてみなす）、「霊力」を全回復し、ターゲットを「マーク」する。
Card_Info/20036,Text,,"老练的重拳，造成<Demage>,并【眩晕】（视为普攻）,若目标有攻击意图，伤害提高至<$AddDemage$>%","A heavy punch that deals <Demage> and inflicts [Stun] (counted as a Basic Attack). If the target attempts to attack, the damage increases to <$AddDemage$>%",練達した重い拳で<Demage>を与え、「スタン」を付与する（通常攻撃としてみなす）。ターゲットに攻撃の意図がある場合、ダメージは<$AddDemage$>%に増加する。
Card_Info/20040,Text,,"引动邪心，献祭所有队友<$CostHp$>%最大生命值,重置行动次数，抽取一张带【遗忘】的《腥风斩》加入手牌","Stir up evil thoughts, sacrifice <$CostHp$>% Max HP of all allies to reset AP, and draw a <Foul Slash> with [Forgotten] to your hand",邪心を駆使して、すべての味方の体力上限の<$CostHp$>%分の体力をいけにえにし、行動回数をリセットする。「忘却」が付いている『腥風斬』を1枚ドローして手札に加える。
Card_Info/20041,Text,,对一名敌人造成<#HitCount#>次<Demage>,Deal <Demage> to an enemy <#HitCount#> times,敵1名に<Demage>を<#HitCount#>回与える。
Card_Info/20042,Text,,指定随从受到<$CostHp$>%最大生命值的真实伤害(不致死)，所有己方单位获得<Demage>攻击力,Deal [<$CostHp$>% * Max HP] True Damage to a designated minion (non-lethal) to grant all allied units <Demage> Attack,指定されたミニオンが体力上限の<$CostHp$>%分の真実ダメージを受け（非致死）、すべての味方ユニットが<Demage>点の攻撃力を得る。
Card_Info/20043,Text,,在时光长河中将目标删除，使指定单位同时获得<#BuffCount_1#>【流逝】，同时【标记】<#BuffCount_2#>回合,,
Card_Info/20044,Text,,呼唤雷霆镇压己身，损失<$CostHp$>%当前生命值，回复#GetMagic#>点灵力,,
Card_Info/20045,Text,,在时光的长河中稍稍推它一把，指定单位添加<#TimeCount#>【岁月】,Give it a gentle push in the river of time to inflict <#TimeCount#> [Aging] on the designated unit,指定したユニットに<#TimeCount#>「歳月」を付与する。
Card_Info/20046,Text,,自神明时代流传下来的歌谣，为尸姬大人恢复<#MagicCount#>点【灵力】，所有己方单位获得<Demage>【防御】,A song from the age of deities that restores <#MagicCount#> [Mana] for the Lady Zombie and grants <Demage> [Defense] to all allied units,屍姫の「霊力」を<#MagicCount#>回復し、すべての味方ユニットが<Demage>の「防御」を得る。
Card_Info/20047,Text,,【标记】指定目标，并添加<Demage>【血祭】,[Mark] a target to inflict <Demage> [Blood Sacrifice],ターゲットをマークし、<Demage>の「血祭」を付与する。
Card_Info/20048,Text,,扇起剧毒之风，为所有敌人添加<Demage>【疫毒】，并立即结算【疫毒】效果,Unleash a toxic wind to inflict <Demage> [Plague Toxin] on all enemies and immediately resolve the [Plague Toxin],毒の風を引き起こし、すべての敵に<Demage>の「疫毒」を付与する。直ちに「疫毒」の効果を発動する。
Card_Info/20049,Text,,收拢厄祸的翅膀，自身及左右随从【汲取】随机敌人<Demage>点最大生命值,Retract the wings of calamity to [Drain] <Demage> points of Max HP from a random enemy for self and adjacent minions,禍いの翼を畳み、自身および隣接ミニオンがランダムな敵から<Demage>点の体力上限を「吸収」する。
Card_Info/20051,Text,,与所有己方单位签订<Demage>【灵契】。目标身上每拥有1层【灵契】额外获得<#BuffCount#>【灵压】(无法对自己使用),Sign <Demage> [Spiritual Pacts] with all allies. Gain <#BuffCount#> extra [Spiritual Pressure] for every 1 stack of [Spiritual Pact] on the target (Cannot target self),すべての味方ユニットと<Demage>の「霊契」を結ぶ。ターゲットに「霊契」が1スタック付与されているごとに、追加で<#BuffCount#>の「霊圧」を得る（自分に使用できない）。
Card_Info/20055,Text,,"目标单位执行<#Count#>次【自身抽牌】
对满行动次数的目标使用时，将一张费用+1的绘涩加入手牌
（无法对自身使用）","The target performs [Self Draw] <#Count#> times
When used on a target with full AP, add a Cost+1 <Eros> to hand
(Cannot be used on self)","ターゲットは「単体ドロー」を<#Count#>回実行する。
行動回数が最大のターゲットに使用する場合、コスト+1の『絵渋』を1枚手札に加える。
（自身に使用不可）"
Card_Info/20056,Text,,"以自身心欲化作泉水激昂而出，对目标单位造成<Demage>。并【标记】
同时使自身进入涩涩状态，受到任意伤害后，对随机敌人释放《心欲流泉》","Channel desires into a spring, dealing <Demage> to the target. [Mark] the target
Enter a horny state, using <Fountain of Desires> on a random enemy on being hit","自身の欲望を泉の水に変えて湧き出させる。ターゲットに<Demage>を与え、「マーク」する。
自身がメロメロ状態になり、ダメージを受けると、ランダムな敵に『心欲流泉』を発動する。"
Card_Info/20057,Text,,以自身花粉引燃的妖火，对目标及左右单位造成<#Count#>次<Demage>，并【虚弱】,"Ignite demonic flames with pollen, dealing <Demage> to the target and its adjacent units <#Count#> times and inflicting [Asthenia]",自身の花粉を燃やして妖炎を起こし、ターゲットとその隣接ユニットに<Demage>を<#Count#>回与え、「衰弱」を付与する。
Card_Info/20058,Text,,折断自己的一节妖枝，所有己方单位获得<Demage>，并获得一层【抵抗】,Snap off a branch to grant <Demage> and 1 stack of [Resistance] to all allied units,自分の枝を折り、すべての味方ユニットが<Demage>を得て、「抵抗」を1スタック得る。
Card_Info/20059,Text,,"生成<#SwordCost#>把【飞剑】。
【飞剑：3】执行一次【全局抽牌】","Spawn <#SwordCost#> [Flying Swords].
 [Flying Swords: 3] Perform a [Random Draw]","<#SwordCost#>本の「飛剣」を召喚する。
「飛剣：3」 「全体ドロー」を1回実行する。"
Card_Info/20060,Text,,"对随机敌人造成<Demage>(优先【标记】)
【飞剑：2】消耗2把飞剑额外追加2次伤害
【飞剑：3】消耗3把飞剑额外追加3次伤害","Deal <Demage> to a random enemy (prioritizing [Marked] ones)
[Flying Swords: 2] Spend 2 swords to deal 2 extra hits
[Flying Swords: 3] Spend 3 swords to deal 3 extra hits","ランダムな敵に<Demage>を与える（「マーク」された敵を優先）。
「飛剣：2」飛剣を2本消費して追加でダメージを2回与える。
「飛剣：3」飛剣を3本消費して追加でダメージを3回与える。"
Card_Info/20061,Text,,凝水成鳞，为自身及左右单位添加<Demage>护盾。尝试丢弃<#CardDrop#>张《摆烂》，额外获得<#BuffCount#>【抵抗】,,
Card_Info/20062,Text,,疾驰回旋，对指定敌人造成<Demage>，同时自身获得<#BuffCount#>【嘲讽】和【执念】,,
Card_Info/20064,Text,,用根须【汲取】所有敌人<Demage>点最大生命值,Use roots to [Drain] <Demage> points of Max HP from all enemies,根ですべての敵から<Demage>点の体力上限を「吸収」する。
Card_Info/20065,Text,,凝结成木之巨龙吞向目标，对目标造成<Demage>，同时自身及左右单位获得<#BuffCount#>【狂性】,,
Card_Info/20066,Text,,造成<Demage>（视为普攻）并获得<#BuffCount#>【雷反】，命中【标记】/【眩晕】/【虚弱】目标后，费用+1返回手牌,"Deal <Demage> (as Basic Attacks) and grant <#BuffCount#> [Lightning Counter]. On hitting targets with [Mark] / [Stun] / [Asthenia] tags, Cost+1 and return to hand",<Demage>を与え（通常攻撃としてみなす）、<#BuffCount#>の「雷返し」を得る。「マーク」/「スタン」/「衰弱」のターゲットに命中すると、コスト+1して手札に戻る。
Card_Info/20067,Text,,以潮水般的绝望淹没神魂，自身损失<$CostHp$>%当前生命值（不致死），使目标获得<Demage>【法穿】并【虚弱】,Drown the soul in waves of despair. Lose <$CostHp$>% Current HP (non-lethal) to inflict on target <Demage> [Magic Penetration] and [Asthenia],潮のような絶望で神魂を水没させ、自身が現在体力の<$CostHp$>%分を失い（非致死）、ターゲットに<Demage>の「法術貫通」と「衰弱」を付与する。
Card_Info/20069,Text,,以目标单位为养料，从其身上【汲取】<Demage>点攻击力，并【虚弱】(无法对自身使用),Treat the target as nourishment to [Drain] <Demage> Attack and inflict [Asthenia] (Cannot be used on self),ターゲットユニットを養分にして、<Demage>点の攻撃力を「吸収」し、「衰弱」を付与する（自身に使用できない）。
Card_Info/20070,Text,,展开毒瘴之域，对相邻的1/2名敌人造成<Demage>，并施加<#BuffCount#>【猛毒】和<#BuffCount_1#>【溃散】,,
Card_Info/20071,Text,,幼龙的爪击，对目标及左右敌人造成<Demage>，并获得<#BuffCount#>【龙威】（视为普攻）,"A claw strike by a baby dragon. Deal <Demage> to the target and its adjacent units, and gain <#BuffCount#> [Dragon's Presence] (counted as basic attacks)",幼い龍が爪で攻撃し、ターゲットとその隣接の敵に<Demage>を与える（通常攻撃としてみなす）。<#BuffCount#>の「龍威」を得る。
Card_Info/20073,Text,,对目标单位造成<Demage>点伤害，并施加<#BuffCount#>【法穿】,Deal <Demage> damage to the target and inflict <#BuffCount#> [Magic Penetration],ターゲットに<Demage>を与え、<#BuffCount#>の「法術貫通」を付与する。
Card_Info/20074,Text,,使用该卡牌时，触发所有手牌的打出效果（不消耗手牌）（优先指向目标）,"When used, trigger all the effects of cards in your hand (without consuming any cards) (Prioritizing the target)",このカードを使用するとき、すべての手札の使用効果を発動する（手札を消費しない、ターゲットを優先的に発動対象とする）。
Card_Info/20075,Text,,甩动机关臂，对指定单位造成<Demage>，将其推动至两端，并对碰到的单位移除【最大生命值*<$HitHp$>%】的生命值。,"Swing the contraption arm to deal <Demage> to the designated unit, pushing it to either end, removing [Max HP * <$HitHp$>%] from units it collides with.",からくりの腕を振るい、ターゲットに<Demage>を与え、その敵をいずれかの端までノックバックして、当たったユニットが「体力上限*<$HitHp$>%」の体力を失う。
Card_Info/20076,Text,,呼唤天地间的清气，使指定单位获得<Demage>,Gather pure energy from the nature to grant the designated unit <Demage>,天地の間にある清気を呼び、ターゲットに<Demage>を付与する。
Card_Info/20077,Text,,以毁灭一切的气势发动撞击对目标造成<Demage>。,"Charge forward with devastating force, dealing <Demage> to the target.",すべてを取り壊す勢いで体当たりし、ターゲットに<Demage>を与える。
Card_Info/20078,Text,,"目标及左右随从解除所有负面状态并获得<#BuffCount#>【抵抗】
对敌人使用时，移除所有正面buff并【眩晕】","Remove all debuffs for the target and adjacent minions, and grant <#BuffCount#> [Resistance]
If used on an enemy, remove all buffs and inflict [Stun]","ターゲットとその隣接ミニオンはすべてのデバフを解除し、<#BuffCount#>の「抵抗」を得る。
敵に使用する場合、すべてのバフを解除し、「スタン」を付与する。"
Card_Info/20079,Text,,自身获得<Demage>，全场敌方单位移除<$CostHp$>%最大生命值，生命值不足<$CostHp$>%的，致死,Grant <Demage> on self. Remove <$CostHp$>% Max HP from all enemiy units. Enemies below <$CostHp$>% HP are instantly killed,自身が<Demage>を得る。すべての敵ユニットは体力上限の<$CostHp$>%分の体力を失う。現在体力が体力上限の<$CostHp$>%未満のユニットは撃破される。
Card_Info/20080,Text,,过去的错误永远不会被遗忘，移除指定随从的所有负面buff，并获得等量层数的【灵压】至少<Demage>,No wrongs of the past will ever be forgotten. Remove all debuffs for a designated minion and grant an equal number of [Spiritual Pressure] (at least <Demage>),過去の過ちは決して忘れられない。ターゲットのすべてのデバフを解除し、解除したデバフの合計スタック数と同数の「霊圧」を得る（最低<Demage>）。
Card_Info/20081,Text,,展开鬼神之躯，强制所有敌人攻击自身（不致死），获得<Demage>,"Unleash the Wraithgod Form, forcing all enemies to attack this unit (non-lethal). Gain <Demage>",鬼神の躯体を展開し、すべての敵に強制的に自分を攻撃させ（非致死）、<Demage>を得る。
Card_Info/20082,Text,,对目标单位造成<Demage>，目标每损失<$HpNeed$>点血量，额外移除目标<$DemageAdd$>生命（致死）,"Deal <Demage> to the target. For every <$HpNeed$> HP the target has lost, remove <$DemageAdd$> HP from the target (lethal)",ターゲットに<Demage>を与える。ターゲットが失っている体力<$HpNeed$>ごとに、追加で体力を<$DemageAdd$>除去する（致死）。
Card_Info/20083,Text,,"【汲取】目标<Demage>点最大生命值，并对目标施加<#BuffCount#>【红尘魅惑】,每条尾巴使层数额外+<#AddCount#>
九尾增幅：立即结算目标的红尘魅惑效果","[Drain] <Demage> Max HP from the target and inflict <#BuffCount#> [Mortal Temptation]. Each tail increases the stacks by <#AddCount#>
Nine-Tails Amplification: Immediately triggers the target's Mortal Allure effect. ","ターゲットの体力上限を<Demage>「吸収」し、「紅塵魅惑」を<#BuffCount#>付与する。尻尾1本ごとにスタック数が追加で+<#AddCount#>。
九尾増幅：対象の「紅塵魅惑」の効果を即時発動する。"
Card_Info/20084,Text,,"对目标造成<#HitCount#>次<Demage>，此伤害有<$BloodSuck$>%吸血。
九尾增幅：伤害段数+2","Deal <#HitCount#> instances of <Demage> to the target, with a <$BloodSuck$>% [Lifesteal].
Nine-Tails Amplification: Damage hit count +2","ターゲットに<Demage>を<#HitCount#>回与える。このダメージは<$BloodSuck$>%の吸血を持つ。
九尾増幅：ダメージの段数 +2"
Card_Info/20085,Text,,对全场敌方单位随机施加总计<#BuffCount#>【脱水】，并为全场我方单位恢复<Demage>,"Randomly inflict a total of <#BuffCount#> stacks of [Dehydration] among all enemies, and restore <Demage> to all allies",すべての敵ユニットにランダムで「脱水」を合計<#BuffCount#>付与し、すべての味方ユニットを<Demage>回復する。
Card_Info/20087,Text,,对目标造成<Demage>并施加该次基础伤害值1/10层【破甲】（视为普攻），若场上存在【标记】敌人，则额外对所有【标记】造成同等伤害。,"Attack the target, dealing <Demage> (counted as a Basic Attack) and inflicting [Sunder Armor] equal to 1/10 of the base damage dealt. Deal equal damage to all [Marked] enemies (if any).",ターゲットに<Demage>を与え、この攻撃の基礎ダメージの1/10スタックの「破れ」を付与する（通常攻撃としてみなす）。フィールドに「マーク」された敵がいる場合、追加ですべての「マーク」された敵に同量のダメージを与える。
Card_Info/20089,Text,,催动法器，随机【眩晕】场上一半的敌人并对所有敌人追加<$CostHp$>%当前生命值的卡牌伤害,"Activate the artifact to randomly [Stun] half of the enemies, and deal <$CostHp$>% of Current HP's Card Damage to all enemies",法器を駆動し、ランダムにフィールド上の半分の敵を「スタン」させ、すべての敵にそれぞれの現在体力の<$CostHp$>%分のカードダメージを与える。
Card_Info/20090,Text,,生成<#SwordCount#>把飞剑，移除指定随从的所有负面buff，并使其获得等量层数的【灵压】（至少<Demage>）,Spawn <#SwordCount#> [Flying Swords]. Remove all debuffs from a minion and grant it an equal number of [Spiritual Pressure] (at least <Demage>),<#SwordCount#>本の「飛剣」を召喚する。ターゲットのすべてのデバフを解除し、解除したデバフの合計スタック数と同数の「霊圧」を付与する（最低<Demage>）。
Card_Info/20091,Text,,为指定单位添加<Demage>【阳气之种】（对敌方使用时，添加等量的【阴气之种】）,"Add <Demage> [Seeds of Yang] to a unit. (When used on an enemy, add an equal number of [Seeds of Yin] instead)",指定ユニットに「陽気の種」を<Demage>付与する（敵に使用する場合、代わりに同量の「陰気の種」を付与する）。
Card_Info/20092,Text,,为指定单位回复<Demage>并添加2【岁月】（对敌方使用时，造成等额伤害）,"Heal <Demage> for the designated unit and add 2 stacks of [Aging]. (When used on an enemy, deal an equal amount of damage instead)",指定ユニットを<Demage>回復し、「歳月」を2付与する（敵に使用する場合、同量のダメージを与える）。
Card_Info/20093,Text,,跳起来狠狠的顶敌人膝盖，造成<Demage>并将目标和自己【眩晕】（视为普攻）,"Leap up and ram the enemy's knee, dealing <Demage> and inflicting [Stun] on both the target and self (counted as a Basic Attack)",飛び上がって敵の膝に思いっきり頭突きして、<Demage>を与え、ターゲットと自身に「スタン」を付与する（通常攻撃としてみなす）。
Card_Info/20094,Text,,酝酿体内的青龙之力，对所有敌人造成<Demage>。并对全场单位（不论敌我）施加<#PBuffCount#>【疫毒】,"Channel the dragon power within, dealing <Demage> to all enemies, and inflict <#PBuffCount#> [Plague Toxin] on all units (both allies and enemies)",体内の青龍の力を駆使して、すべての敵に<Demage>を与え、フィールド上のすべてのユニット（敵味方問わず）に「疫毒」を<#PBuffCount#>付与する。
Card_Info/20095,Text,,随机对全场敌人总共进行<#AtkCount#>次普通攻击,Randomly perform a total of <#AtkCount#> Basic Attacks against all enemies on the field,フィールドに存在する敵に対しランダムで合計<#AtkCount#>回の通常攻撃を行う。
Card_Info/20096,Text,,睁开狂气的龙瞳，对目标施加<Demage>【破甲】，同时自身获得一半层数的【狂性】,"Open the maniac dragon eyes to inflict <Demage> [Sunder Armor] on the target, and grant half as many stacks of [Mania] to self",狂気の龍瞳を開き、ターゲットに<Demage>の「破れ」を付与する。自身は付与した「破れ」の半分のスタック数だけ「狂暴」を得る。
Card_Info/20098,Text,,指定目标施加<#TimeCount#>【岁月】,Inflict <#TimeCount#> [Aging] on the designated target,指定ターゲットに「歳月」を<#TimeCount#>付与する。
Card_Info/20099,Text,,划破无尽寒冬的春雷，对随机目标及左右敌人造成<Demage>。每回合第一次由自身使用该卡牌时，伤害乘<#UpDemage#>,"Spring thunder shatters winter, dealing <Demage> to a random enemy and its adjacent units. The first time this card is used by self each turn, multiply the damage by <#UpDemage#>",ランダムなターゲット及び隣接する敵に<Demage>を与える。各ターンで初めて自身がこのカードを使用するとき、<#UpDemage#>倍のダメージを与える。
Card_Info/20100,Text,,惠风和畅，暖日助眠，所有己方单位回复<Demage>，每回合第一次使用时抽取2张《惊蛰》加入手牌,"Gentle breeze and soothing sun aid sleep. Restore<Demage> to all allied units. The first time this card is used each turn, draw 2 <Awakening of Insects> to hand",すべての味方ユニットが<Demage>回復する。各ターンで初めて使用するときに『啓蟄』を2枚ドローして手札に加える。
Card_Info/20101,Text,,对指定目标造成<#HitCount#>次<Demage>，并【虚弱】（奇数回合该卡牌伤害翻倍，偶数回合伤害减半）,"Deal <#HitCount#> instances of <Demage> to the target and inflict [Asthenia] (This card's damage doubles on odd turns, and halves on even turns)",ターゲットに<Demage>を<#HitCount#>回与え、「衰弱」を付与する（奇数ターンはこのカードのダメージが倍増し、偶数ターンは半減する）。
Card_Info/20102,Text,,凝聚猛虎之力，对自身相邻的2/3名敌人造成<Demage>（奇数回合该卡牌伤害翻倍，偶数回合伤害减半）,"Channel the power of a fierce tiger, dealing <Demage> to the 2/3 adjacent enemies (This card's damage doubles on odd turns, and halves on even turns)",自身に隣接する敵2/3名に<Demage>を与える（奇数ターンはこのカードのダメージが倍増し、偶数ターンは半減する）。
Card_Info/20103,Text,,对场上每名带有【疫毒】单位造成<Demage>并依次生成<#SwordCount#>把【飞剑】,"Deal <Demage> to every enemy unit on the field bearing [Plague Toxin], and generate <#SwordCount#> [Flying Swords] each time",フィールド上に「疫毒」を付与されたユニットそれぞれに<Demage>を与え、そのたびに「飛剣」を<#SwordCount#>本召喚する。
Card_Info/20104,Text,,"对目标及左右单位施加<#PBuffCount#>【疫毒】
【飞剑：3】消耗3把飞剑额外对3个目标追加等量【疫毒】并造成<Demage>","Applies <#PBuffCount#>【Plague】 to the target and adjacent units.
【Flying Sword: 3】 Consumes 3 Flying Swords to additionally apply an equal amount of 【Plague】 to 3 targets and deal <Demage> to them.","対象および隣接ユニットに<#PBuffCount#>の「疫毒」を付与する。
「飛剣：3」飛剣を3本消費し、さらに3体の対象に同量の「疫毒」を追加付与し、<Demage>を与える。"
Card_Info/20105,Text,,所有随从行动次数+<Demage>，并获得【预标记】状态。同时自身执行一次【自身抽牌】,All minions gain +<Demage> AP and the [Pre-Mark] status. Self performs a [Self Draw],すべてのミニオンの行動回数+<Demage>、「準マーク」を得る。同時に自身は「単体ドロー」を1回行う。
Card_Info/20106,Text,,对指定目标造成<Demage>，若目标被【标记】则造成<$DemageMul$>倍伤害并【眩晕】,"Deal <Demage> to the designated target. If the target is [Marked], deal <$DemageMul$>x damage instead and inflict [Stun]",ターゲットに<Demage>を与える。ターゲットが「マーク」されている場合は<$DemageMul$>倍のダメージを与え、「スタン」を付与する。
Card_Info/20107,Text,,对目标单位造成<Demage>，全队每有一点攻击力，伤害+<#AddCount#>,"Deals <Demage> to the target unit. For each point of ATK all allies possess, damage +<#AddCount#>.",対象ユニットに<Demage>を与える。味方全員が持つ攻撃力1ポイントにつき、ダメージ+<#AddCount#>。
Card_Info/20108,Text,,"激发血脉中人皇的力量，使指定单位获得<#DrugenCount#>层【龙威】，并添加<Demage>和三分之一层数的【攻击力】,全队每有一点卡牌强度，护盾+<#AddCount#>","Awakens the power of the Human Emperor within the bloodline, granting the designated unit <#DrugenCount#> stacks of Dragon's Presence, and applies <Demage> and one-third of that number of stacks of ATK. For each point of Card Power all allies possess, Shield +<#AddCount#>.",血脈の中の人皇の力を呼び覚まし、指定ユニットに<#DrugenCount#>スタックの「龍威」を付与し、その3分の1のスタック数の「攻撃力」と<Demage>を与える。味方全員が持つカード強度1ポイントにつき、シールド+<#AddCount#>。
Card_Info/21,Text,,造成<Demage>并【标记】目标,Deal <Demage> and [Mark] the target,<Demage>を与え、ターゲットを「マーク」する。
Card_Info/22,Text,,唤醒巨盾中残存的神力，使目标获得<#BuffCount_1#>【嘲讽】和<Demage>点护盾,"Awaken the divine power that remains within the shield, granting the target <#BuffCount_1#> [Taunt] and <Demage> points of Shield",巨大な盾に残されし神力を呼び起こし、ターゲットに<#BuffCount_1#>の「挑発」と<Demage>を付与する。
Card_Info/23,Text,,算准时机，举盾，弹开攻击。使指定目标获得<Demage>【抵抗】,"Time the move, raise the shield, and deflect the attack. Grant the target <Demage> [Resistance]",タイミングを図って盾を構え、攻撃を弾く。ターゲットに<Demage>の「抵抗」を付与する。
Card_Info/24,Text,,目标及左右单位获得<Demage>【灵压】,Grant the target and its adjacent units <Demage> [Spiritual Pressure],ターゲットとその隣接ユニットに<Demage>の「霊圧」を付与する。
Card_Info/25,Text,,以怨灵之牙啃咬，对指定目标造成<Demage>，目标每带有一层负面buff，伤害提高<$DemageUp$>%,"Bite the target with the wraith's fang, dealing <Demage>. For each stack of debuffs the target has, increase the damage by <$DemageUp$>%",怨霊の牙で噛み付き、ターゲットに<Demage>を与える。ターゲットにデバフが1スタック付与されているごとに、ダメージが<$DemageUp$>%増加する。
Card_Info/26,Text,,自身及左右单位【防御】+<#BuffCount#>，并对所有敌人造成<Demage>,’+ <#BuffCount#> [Defense] to self and adjacent units. Deal <Demage> to all enemies,自身および隣接ユニットが<#BuffCount#>の「防御」を得て、すべての敵に<Demage>を与える。
Card_Info/27,Text,,发射鬼火，对目标及左右单位造成<Demage>。,"Shoot Ghost Fire, dealing <Demage> to the target and its adjacent units.",鬼火を発射してターゲットとその隣接ユニットに<Demage>を与える。
Card_Info/28,Text,,催动长在手上的尸天眼，【标记】指定单位，并【汲取】<Demage>点攻击力,"Activate the Corpse Eye on the hand, [Mark] the designated unit, and [Drain] <Demage> Attack",手のひらにある屍天眼を駆使してターゲットを「マーク」し、<Demage>点の攻撃力を「吸収」する。
Card_Info/29,Text,,以尸气凝结触手对随机敌人<#TCount#>次造成<Demage>。,"Condense corpse energy into tentacles to strike random enemies <#TCount#> times, dealing <Demage>.",屍の息を練りランダムな敵に<Demage>を<#TCount#>回与える。
Card_Info/3,Text,,将场上所有飞剑融为一把巨剑从空中斩落，对目标单位造成<#RDemage#>。每把飞剑提高<#UpRDemage#>伤害。,,
Card_Info/30,Text,,吞噬尸气，为目标及左右单位回复<Demage>生命值，并解除1种负面状态,Devour corpse energy to restore <Demage> HP for the target and adjacent units and remove 1 debuff,屍の息を呑み込み、ターゲットとその隣接ユニットの<Demage>を回復し、1種のデバフを解除する。
Card_Info/31,Text,,发射一枚毒素胞，对指定敌人施加<Demage>【疫毒】,Shoot a toxin cell to inflict <Demage> [Plague Toxin] on the designated enemy,毒の胞子を発射して、ターゲットに<Demage>の「疫毒」を付与する。
Card_Info/32,Text,,发射一枚酒火弹，对随机敌人造成<Demage>。,"Shoot a Liquor Fire Bolt, dealing <Demage> to a random enemy.",酒火弾を1発発射してランダムな敵に<Demage>を与える。
Card_Info/33,Text,,吞云，豪饮，乘兴狂歌，损失<$CostHp$>%当前生命值，获得<Demage>【狂性】，执行一次【自身抽牌】,"Drink and sing in a frenzy, losing <$CostHp$>% of Current HP to gain <Demage> [Mania] and perform a [Self Draw]",酒飲みの意に乗って歌い上げる。現在体力の<$CostHp$>%分を失い、<Demage>の「狂暴」を付与し、「単体ドロー」を1回実行する。
Card_Info/34,Text,,发散浊气，对所有敌人造成<Demage>，消耗所有剩余【灵力】，每1点【灵力】，伤害提高<$DemageUp$>%,Unleash turbid energy to deal <Demage> to all enemies. Consume all remaining [Mana] to gain +<$DemageUp$>% damage per point of [Mana],濁気を発し、すべての敵に<Demage>を与える。残っているすべての「霊力」を消費し、霊力1点につきダメージが<$DemageUp$>%増加する。
Card_Info/35,Text,,凝聚清气，对指定敌人造成<Demage>，回复<#MagicGet#>点【灵力】（视为普攻）,Channel pure energy to deal <Demage> to the designated enemy. Also restore <#MagicGet#> [Mana] (Counted as a Basic Attack),清気を集め、ターゲットに<Demage>を与え、<#MagicGet#>点の「霊力」を回復する（通常攻撃としてみなす）。
Card_Info/36,Text,,"老练的重拳，造成<Demage>,并【眩晕】（视为普攻）",A heavy punch that deals <Demage> and inflicts [Stun] (Counted as a Basic Attack),練達した重い拳で、<Demage>を与え（通常攻撃としてみなす）、「スタン」を付与する。
Card_Info/37,Text,,,,
Card_Info/38,Text,,号令所有单位攻击指定目标（视为单位普攻）,,
Card_Info/39,Text,,"以死亡为目的的招式，使其受到<Demage>,（视为普攻）",,
Card_Info/4,Text,,号令场上飞剑攻击目标单位，每把飞剑造成<#PDemage#>。,,
Card_Info/40,Text,,引动邪心，重置行动次数，抽取一张带【遗忘】的《腥风斩》加入手牌,"Stir up evil thoughts, reset AP, and draw a <Foul Slash> with [Forgotten] to your hand",邪心を駆使して、行動回数をリセットする。「忘却」が付いている『腥風斬』を1枚ドローして手札に加える。
Card_Info/41,Text,,对一名敌人造成<#HitCount#>次<Demage>,Deal <Demage> to an enemy <#HitCount#> times,敵1名に<Demage>を<#HitCount#>回与える。
Card_Info/42,Text,,献祭指定随从<$CostHp$>%最大生命值(不致死)，所有己方单位获得<Demage>攻击力,Sacrifice <$CostHp$>% Max HP of a designated minion (non-lethal) to grant <Demage> Attack to all allied units,指定されたミニオンの体力上限の<$CostHp$>%分の体力をいけにえにして（非致死）、すべての味方ユニットが<Demage>点の攻撃力を得る。
Card_Info/43,Text,,在时光长河中将目标删除，使指定单位同时获得<#BuffCount_1#>【流逝】，同时【标记】<#BuffCount_2#>回合,,
Card_Info/44,Text,,呼唤雷霆镇压己身，损失<$CostHp$>%当前生命值，回复#GetMagic#>点灵力,,
Card_Info/45,Text,,在时光的长河中稍稍推它一把，指定单位添加<#TimeCount#>【岁月】,Give it a gentle push in the river of time to inflict <#TimeCount#> [Aging] on the designated unit,指定したユニットに<#TimeCount#>「歳月」を付与する。
Card_Info/46,Text,,自神明时代流传下来的歌谣，为尸姬大人恢复<#MagicCount#>点【灵力】，所有己方单位获得<Demage>【防御】,A song from the age of deities that restores <#MagicCount#> [Mana] for the Lady Zombie and grants <Demage> [Defense] to all allied units,屍姫の「霊力」を<#MagicCount#>回復し、すべての味方ユニットが<Demage>の「防御」を得る。
Card_Info/47,Text,,【标记】指定目标，并为目标及左右敌人添加<Demage>【血祭】,[Mark] a target to inflict <Demage> [Blood Sacrifice] on it and its adjacent units,ターゲットをマークし、ターゲットとその隣接の敵に<Demage>の「血祭」を付与する。
Card_Info/48,Text,,扇起剧毒之风，为所有敌人添加<Demage>【疫毒】,Unleash a toxic wind to inflict <Demage> [Plague Toxin] on all enemies,毒の風を引き起こし、すべての敵に<Demage>の「疫毒」を付与する。
Card_Info/49,Text,,收拢厄祸的翅膀，【汲取】随机敌人<Demage>点最大生命值,Retract the wings of calamity to [Drain] <Demage> points of Max HP from a random enemy,禍いの翼を畳み、ランダムな敵から<Demage>点の体力上限を「吸収」する。
Card_Info/5,Text,,呼唤剑雨从天而降，对所有敌方单位造成<#PDemage#>，每伤害1名单位，留下<#FlySwordCount#>把飞剑，所有我方单位获得<#Shield#>。,,
Card_Info/50,Text,,以绝对的气势向发动毁灭的一拳，造成<Demage>（视为普攻）,"Deliver a devastating punch with overwhelming force, dealing <Demage> (Counted as a Basic Attack)",絶対的な勢いで破壊の拳を打ち出し、<Demage>を与える（通常攻撃としてみなす）。
Card_Info/51,Text,,与所有己方单位签订<Demage>【灵契】。,Sign <Demage> [Spiritual Pacts] with all allied units.,すべての味方ユニットと<Demage>の「霊契」を結ぶ。
Card_Info/52,Text,,所有敌人减少<$DemagePresent$>%当前生命值，获得<#CardCount#>张《僵尸之血》（遗忘）,All enemies lose <$DemagePresent$>% Current HP. Grant <#CardCount#> <Zombie Blood> (Forgotten),すべての敵が現在体力の<$DemagePresent$>%分を失う。『僵屍の血』（忘却）を<#CardCount#>枚得る。
Card_Info/53,Text,,为指定单位损失<$HpNeed$>%最大生命值，并获得一半的【灵压】,The designated unit loses <$HpNeed$>% Max HP and gains half amount of the [Spiritual Pressure],ターゲットが体力上限の<$HpNeed$>%分の体力を失い、失った体力の半分の「霊圧」を得る。
Card_Info/54,Text,,"发动斩断生死的攻击，对目标及左右单位造成<Demage>。
自身每损失1点生命值，该伤害提高<$CostHpDemage$>%","Launch a blow to sever life and death, dealing <Demage> to the target and its adjacent units. 
For every 1 point of HP lost, +<$CostHpDemage$>% damage dealt","生死をも斬る攻撃を発動し、ターゲットとその隣接ユニットに<Demage>を与える。
自身が体力を1失っているごとに、このダメージは<$CostHpDemage$>%増加する。"
Card_Info/55,Text,,"目标单位执行<#Count#>次【自身抽牌】
（无法对自身使用）","The target performs [Self Draw] <#Count#> times
(Cannot be used on self)","ターゲットは「単体ドロー」を<#Count#>回実行する。
（自身に使用不可）"
Card_Info/56,Text,,以自身心欲化作泉水激昂而出，对目标单位造成<Demage>。并【标记】,"Channel the inner desires into a surging spring, dealing <Demage> to the target. Also [Mark] the target",自身の欲望を泉の水に変えて湧き出させる。ターゲットに<Demage>を与え、「マーク」する。
Card_Info/57,Text,,以自身花粉引燃的妖火，对目标及左右单位造成<Demage>，并【虚弱】,"Ignite demonic flames with pollen, dealing <Demage> to the target and its adjacent units and inflicting [Asthenia]",自分の花粉を燃やした炎で、ターゲットとその隣接ユニットに<Demage>を与え、「衰弱」を付与する。
Card_Info/58,Text,,折断自己的一节妖枝，所有己方单位获得<Demage>,Snap off a branch to grant <Demage> to all allied units,自分の枝を折り、すべての味方ユニットが<Demage>を得る。
Card_Info/59,Text,,"生成<#SwordCost#>把【飞剑】。
【飞剑：3】执行一次【全局抽牌】","Spawn <#SwordCost#> [Flying Swords].
 [Flying Swords: 3] Perform a [Random Draw]","<#SwordCost#>本の「飛剣」を召喚する。
「飛剣：3」「全体ドロー」を1回実行する。"
Card_Info/6,Text,,呼唤四散的风，为指定单位回复<Demage>，并解除所有负面状态,"Call forth the scattered winds. Restore <Demage> HP for the designated unit, and remove all debuffs",飛び舞う風を召喚して、ターゲットの<Demage>を回復し、すべてのデバフを解除する。
Card_Info/60,Text,,"以心御剑，对随机敌人造成<Demage>（优先【标记】）
【飞剑：3】消耗3把飞剑额外追加3次伤害","Command swords with psychic power, dealing <Demage> to a random enemy (prioritizing [Marked] targets)
[Flying Swords: 3] Consume 3 swords to deal 3 extra hits","心で剣を操り、ランダムな敵に<Demage>を与える（「マーク」された敵を優先）。
「飛剣：3」飛剣を3本消費して追加でダメージを3回与える。"
Card_Info/61,Text,,凝水成鳞，为自身及左右单位添加<Demage>护盾。,,
Card_Info/62,Text,,疾驰回旋，对指定敌人造成<Demage>，同时自身获得<#BuffCount#>【嘲讽】,,
Card_Info/63,Text,,翻起肚皮，晒太阳，装死，恢复<$Heal$>%生命值,,
Card_Info/64,Text,,用根须【汲取】所有敌人<Demage>点最大生命值,Use roots to [Drain] <Demage> points of Max HP from all enemies,根ですべての敵から<Demage>点の体力上限を「吸収」する。
Card_Info/65,Text,,凝结成木之巨龙吞向目标，对目标造成<Demage>,,
Card_Info/66,Text,,将雷霆之力萦绕指尖，对目标造成<Demage>，并获得<#BuffCount#>【雷反】（视为普攻）,Channel the power of lightning through the fingertip to deal <Demage> to the target and grant <#BuffCount#> [Lightning Counter] (Counted as a Basic Attack),雷霆の力を指に纏い、ターゲットに<Demage>を与え（通常攻撃としてみなす）、<#BuffCount#>の「雷返し」を得る。
Card_Info/67,Text,,以潮水般的绝望淹没神魂，自身损失<$CostHp$>%当前生命值（不致死），使目标获得<Demage>【法穿】并【虚弱】,Drown the soul in waves of despair. Lose <$CostHp$>% Current HP (non-lethal) to inflict on target <Demage> [Magic Penetration] and [Asthenia],潮のような絶望で神魂を水没させ、自身が現在体力の<$CostHp$>%分を失い（非致死）、ターゲットに<Demage>の「法術貫通」と「衰弱」を付与する。
Card_Info/68,Text,,将自身执念如潮水般拂过所有单位，自身损失<$CostHp$>%当前生命值，对所有敌方单位造成<Demage>,Sweeps all units with waves of obsession. Lose <$CostHp$>% Current HP to deal <Demage> to all enemy units,自分の執念で潮のようにすべてのユニットを撫で、自身が現在体力の<$CostHp$>%分を失い、すべての敵ユニットに<Demage>を与える。
Card_Info/69,Text,,以己方单位为养料，从其身上【汲取】<Demage>点攻击力，并为其添加<#BuffCount#>【虚弱】(无法对自身使用),Treat an allied unit as nourishment to [Drain] <Demage> Attack and inflict <#BuffCount#> [Asthenia] (Cannot be used on self),味方ユニットを養分にして、<Demage>点の攻撃力を「吸収」し、<#BuffCount#>の「衰弱」を付与する（自身に使用できない）。
Card_Info/7,Text,,喷射烟火弹，对指定单位造成<Demage>。【龙威】+<#BuffCount#>,Shoot a Firework Bolt to deal <Demage> to the designated unit. [Dragon's Presence] +<#BuffCount#>,煙火弾を発射し、ターゲットに<Demage>を与える。「龍威」+<#BuffCount#>。
Card_Info/70,Text,,展开毒瘴之域，对相邻的1/2名敌人造成<Demage>，并施加<#BuffCount#>【猛毒】,,
Card_Info/71,Text,,幼龙的爪击，对目标及左右敌人造成<Demage>，并获得<#BuffCount#>【龙威】，（视为普攻）,"A claw strike by a baby dragon. Deal <Demage> to the target and its adjacent units, and gain <#BuffCount#> [Dragon's Presence] (counted as basic attacks)",幼い龍が爪で攻撃し、ターゲットとその隣接の敵に<Demage>を与える（通常攻撃としてみなす）。<#BuffCount#>の「龍威」を得る。
Card_Info/72,Text,,指定单位，解除异常状态，抽<#CardCount#>张牌。,Designate a unit to remove debuffs and draw <#CardCount#> cards.,ターゲットのデバフを解除し、<#CardCount#>枚のカードをドローする。
Card_Info/73,Text,,对目标单位造成<Demage>点伤害，并施加<#BuffCount#>【法穿】,Deal <Demage> damage to the target and inflict <#BuffCount#> [Magic Penetration],ターゲットに<Demage>を与え、<#BuffCount#>の「法術貫通」を付与する。
Card_Info/74,Text,,对目标重复使用上一张用过的卡牌，视作由自身使用,Reuse a previously used card on the same target. This is considered as if used by this unit,ターゲットに前回使用したカードをもう一度使用する。自身が使用したものとみなす。
Card_Info/75,Text,,甩动机关臂，对指定单位造成<Demage>，如果敌方是非boss单位，将其推动并对碰到的单位移除【最大生命值*<$HitHp$>%】的生命值。,"Swing the contraption arm to deal <Demage> to the target. If target is not a Boss, it is pushed to collide with others, removing [Max HP * <$HitHp$>%] HP from them.",からくりの腕を振るい、ターゲットに<Demage>を与える。敵がボスユニットでない場合、その敵をノックバックして、当たったユニットが「体力上限*<$HitHp$>%」の体力を失う。
Card_Info/76,Text,,呼唤天地间的清气，使指定单位获得<Demage>,Gather pure energy from the nature to grant the designated unit <Demage>,天地の間にある清気を呼び、ターゲットに<Demage>を付与する。
Card_Info/77,Text,,以毁灭一切的气势发动撞击对目标造成<Demage>。使用后自身护盾减半。,"Charge forward with devastating force, dealing <Demage> to the target. Reduce Shield by half after use.",すべてを取り壊す勢いで体当たりし、ターゲットに<Demage>を与える。使用後、自身のシールドが半減する。
Card_Info/78,Text,,目标及左右随从解除所有负面状态并获得<#BuffCount#>【抵抗】,"Remove all debuffs for the target and adjacent minions, and grant <#BuffCount#> [Resistance]",ターゲットとその隣接ミニオンはすべてのデバフを解除し、<#BuffCount#>の「抵抗」を得る。
Card_Info/79,Text,,自身获得<Demage>，全场除自身外所有单位移除<$CostHp$>%最大生命值，生命值不足<$CostHp$>%的，致死,Grant <Demage> on self. Remove <$CostHp$>% Max HP from all units on the field except self. Units below <$CostHp$>% HP are instantly killed,自身が<Demage>を得る。自身以外のすべてのユニットは体力上限の<$CostHp$>%分の体力を失う。現在体力が体力上限の<$CostHp$>%未満のユニットは撃破される。
Card_Info/8,Text,,凝结水壁，为指定单位回复<#Heal#>。,,
Card_Info/80,Text,,过去的错误永远不会被遗忘，移除指定随从的所有负面buff，并获得等量层数的【灵压】,No wrongs of the past will ever be forgotten. Remove all debuffs for a designated minion and grant an equal number of [Spiritual Pressure],過去の過ちは決して忘れられない。ターゲットのすべてのデバフを解除し、解除したデバフの合計スタック数と同数の「霊圧」を得る。
Card_Info/81,Text,,展开鬼神之躯，强制3名最近的敌人攻击自身（不致死），并获得<Demage>,"Unleash the Wraithgod Form, forcing the 3 nearest enemies to attack this unit (non-lethal). Gain <Demage>",鬼神の躯体を展開し、最も近い敵3名に強制的に自分を攻撃させ（非致死）、<Demage>を得る。
Card_Info/82,Text,,对目标单位造成<Demage>，目标每损失<$HpNeed$>点血量，额外移除目标<$DemageAdd$>生命（致死）,"Deal <Demage> to the target. For every <$HpNeed$> HP the target has lost, remove <$DemageAdd$> HP from the target (lethal)",ターゲットに<Demage>を与える。ターゲットが失っている体力<$HpNeed$>ごとに、追加で体力を<$DemageAdd$>除去する（致死）。
Card_Info/83,Text,,"【汲取】目标<Demage>点最大生命值，并施加<#BuffCount#>【红尘魅惑】,每条尾巴使层数额外+<#AddCount#>
九尾增幅：立即结算目标的红尘魅惑效果","[Drain] <Demage> Max HP from the target and inflict <#BuffCount#> [Mortal Temptation]. Each tail increases the stacks by <#AddCount#>
Nine-Tails Amplification: Immediately triggers the target's Mortal Allure effect. ","ターゲットの体力上限を<Demage>「吸収」し、「紅塵魅惑」を<#BuffCount#>付与する。尻尾1本ごとにスタック数が追加で+<#AddCount#>。
九尾増幅：対象の「紅塵魅惑」の効果を即時発動する。"
Card_Info/84,Text,,"对目标造成三次<Demage>，此伤害有<$BloodSuck$>%吸血。
九尾增幅：伤害段数+2","Deal 3 instances of <Demage> to the target, with a <$BloodSuck$>% [Lifesteal].
Nine-Tails Amplification: Damage hit count +2","ターゲットに<Demage>を3回与える。このダメージは<$BloodSuck$>%の吸血を持つ。
九尾増幅：ダメージの段数 +2"
Card_Info/85,Text,,对全场敌方单位施加<#BuffCount#>【脱水】，并为全场我方单位恢复<Demage>,"Inflict <#BuffCount#> stacks of [Dehydration] on all enemies, and restore <Demage> to all allies",すべての敵ユニットに<#BuffCount#>の「脱水」を付与し、すべての味方ユニットを<Demage>回復する。
Card_Info/86,Text,,对目标及左右单位造成<Demage>并【标记】目标,Deal <Demage> to the target and its adjacent units. [Mark] the target,ターゲット及び隣接ユニットに<Demage>を与え、ターゲットを「マーク」する。
Card_Info/87,Text,,攻击目标造成<Demage>（视为普攻），若场上存在【标记】敌人，则额外对所有【标记】造成同等伤害。,"Attack the target, dealing <Demage> (counted as a Basic Attack). Deal equal damage to all [Marked] enemies (if any).",ターゲットに<Demage>を与える（通常攻撃としてみなす）。フィールドに「マーク」された敵がいる場合、追加ですべての「マーク」された敵に同量のダメージを与える。
Card_Info/88,Text,,"噬咬目标造成<Demage>（视为普攻）若场上存在【标记】敌人，则额外对所有【标记】造成同等伤害。
消耗<$CostHp$>%最大生命值","Bite the target, dealing <Demage> (counted as a Basic Attack). Deal equal damage to all [Marked] enemies (if any).
Consume <$CostHp$>% Max HP","ターゲットに噛みついて<Demage>を与える（通常攻撃としてみなす）。フィールドに「マーク」された敵がいる場合、追加ですべての「マーク」された敵に同量のダメージを与える。
体力上限の<$CostHp$>%分の体力を消費する。"
Card_Info/89,Text,,催动法器，随机【眩晕】场上一半的敌人,Activate the artifact to randomly [Stun] half of the enemies,法器を駆動し、ランダムにフィールド上の半分の敵を「スタン」させる。
Card_Info/9,Text,,召唤雷电，对目标造成<Demage>。并获得<#BuffCount#>【雷反】,Summon lightning to deal <Demage> to the target. Grant <#BuffCount#> [Lightning Counter],雷を召喚して、ターゲットに<Demage>を与える。<#BuffCount#>の「雷返し」を付与する。
Card_Info/90,Text,,生成<#SwordCount#>把飞剑，移除指定随从的所有负面buff，并使其获得等量层数的【灵压】（至少<Demage>）,Spawn <#SwordCount#> [Flying Swords]. Remove all debuffs from a minion and grant it an equal number of [Spiritual Pressure] (at least <Demage>),<#SwordCount#>本の「飛剣」を召喚する。ターゲットのすべてのデバフを解除し、解除したデバフの合計スタック数と同数の「霊圧」を付与する（最低<Demage>）。
Card_Info/91,Text,,为指定单位添加<Demage>【阳气之种】（对敌方使用时，添加等量的【阴气之种】）,"Add <Demage> [Seeds of Yang] to a unit. (When used on an enemy, add an equal number of [Seeds of Yin] instead)",指定ユニットに「陽気の種」を<Demage>付与する（敵に使用する場合、代わりに同量の「陰気の種」を付与する）。
Card_Info/92,Text,,为指定单位回复<Demage>并添加1【岁月】（对敌方使用时，造成等额伤害）,"Heal <Demage> for a unit and add 1 stack of [Aging]. (When used on an enemy, deal an equal amount of damage instead)",指定ユニットを<Demage>回復し、「歳月」を1付与する（敵に使用する場合、同量のダメージを与える）。
Card_Info/93,Text,,跳起来狠狠的顶敌人膝盖，造成<Demage>并将目标和自己【眩晕】（视为普攻）,"Leap up and ram the enemy's knee, dealing <Demage> and inflicting [Stun] on both the target and self (counted as a Basic Attack)",飛び上がって敵の膝に思いっきり頭突きして、<Demage>を与え、ターゲットと自身に「スタン」を付与する（通常攻撃としてみなす）。
Card_Info/94,Text,,酝酿体内的青龙之力，对所有敌人造成<Demage>。并对全场单位（不论敌我）施加<#PBuffCount#>【疫毒】,"Channel the dragon power within, dealing <Demage> to all enemies, and inflict <#PBuffCount#> [Plague Toxin] on all units (both allies and enemies)",体内の青龍の力を駆使して、すべての敵に<Demage>を与え、フィールド上のすべてのユニット（敵味方問わず）に「疫毒」を<#PBuffCount#>付与する。
Card_Info/95,Text,,连续对指定单位进行<#AtkCount#>次普通攻击,Perform <#AtkCount#> consecutive Basic Attacks on the designated unit,指定ユニットに<#AtkCount#>回連続の通常攻撃を行う。
Card_Info/96,Text,,睁开狂气的龙瞳，对目标施加<Demage>【破甲】，同时自身获得一半层数的【狂性】,"Open the maniac dragon eyes to inflict <Demage> [Sunder Armor] on the target, and grant half as many stacks of [Mania] to self",狂気の龍瞳を開き、ターゲットに<Demage>の「破れ」を付与する。自身は付与した「破れ」の半分のスタック数だけ「狂暴」を得る。
Card_Info/97,Text,,对所有敌方目标施加<Demage>【流逝】,Inflict <Demage> [Elapse] on all enemy targets,すべての敵ターゲットに<Demage>の「流れ」を付与する。
Card_Info/98,Text,,指定目标施加<#TimeCount#>【岁月】,Inflict <#TimeCount#> [Aging] on the designated target,指定ターゲットに「歳月」を<#TimeCount#>付与する。
Card_Info/99,Text,,划破无尽寒冬的春雷，对随机敌人造成<Demage>。每回合第一次由自身使用该卡牌时，伤害乘<#UpDemage#>,"Spring thunder shatters winter, dealing <Demage> to a random enemy. The first time this card is used by self each turn, multiply the damage by <#UpDemage#>",ランダムな敵に<Demage>を与える。各ターンで初めて自身がこのカードを使用するとき、<#UpDemage#>倍のダメージを与える。
Card_Name/,Text,,,,
Card_Name/1,Text,,追风,Wind Chaser,風追い
Card_Name/10,Text,,剑影,Flashing Sword,剣影
Card_Name/100,Text,,春眠,Spring Nap,春眠（しゅんみん）
Card_Name/10001,Text,,追风-破云,Wind Chaser - Cloud Piercer,風追い-雲破り
Card_Name/10002,Text,,回龙-雷行雨布,Circling Dragon - Thunder Rain,回龍-雷行雨布（らいぎょううふ）
Card_Name/10006,Text,,风-散絮,Wind - Scattered Fluff,風-絮散り（わたちり）
Card_Name/10007,Text,,烟火-愤怒之火,Fireworks Bolt - Wrathfire,煙火-怒りの火
Card_Name/10009,Text,,雷符-炫目,Lightning Sigil - Dazzling,雷霆符-目眩く
Card_Name/1001,Text,,斩立决,Decisive Execution,即斬
Card_Name/10010,Text,,剑影-归风,Flashing Sword - Circling Wind,剣影-風戻り（かざもどり）
Card_Name/10011,Text,,灵御-涓潮,Mana Ward - Tidal Flow,霊御-涓潮（けんちょう）
Card_Name/10014,Text,,赤符-癫之血,Scarlet Sigil - Blood of Madness,赤符-狂いの血
Card_Name/10018,Text,,点卯-青墨,Roll Call - Cyan Ink,点呼-青墨（せいぼく）
Card_Name/1002,Text,,始源灵阵,Origin Spirit Array,源の霊陣
Card_Name/10020,Text,,嚎魂-狂,Howling Soul - Frenzy,哮魂-狂
Card_Name/10021,Text,,咒锁-杀,Curse Lock - Kill,呪鎖-殺
Card_Name/10022,Text,,盾骸-雷响,Shield Remains - Thunderclap,盾骸-雷響（らいきょう）
Card_Name/10023,Text,,弹刃-雷反,Blade Deflection - Lightning Counter,刃弾き-雷返し
Card_Name/10024,Text,,三三阵-妖,Triple Formation - Fiend,三三陣-妖
Card_Name/10025,Text,,灵嚼-吞雷,Mana Muncher - Lightning Devour,霊嚼-呑雷（とんらい）
Card_Name/10026,Text,,怨骨-厄火,Resentful Skeleton - Calamity Fire,怨骨-厄火
Card_Name/10027,Text,,鬼火-荧,Ghost Fire - Glow,鬼火-蛍
Card_Name/10028,Text,,掌中天眼-吞灵,Palm-Eye - Spirit Devour,掌中天眼-呑霊
Card_Name/10029,Text,,腐生-尸泉,Decayborn - Corpse Fountain,生腐り-屍の泉
Card_Name/1003,Text,,自刀,Self-Sword,自害
Card_Name/10030,Text,,汲尸-食腐,Corpse Siphon - Carrion Eater,汲屍-腐食い（ふぐい）
Card_Name/10031,Text,,染疫-爆浆,Spreading Plague - Suppurate,染疫-粘液爆裂
Card_Name/10032,Text,,醉龙火-小盅,Drinky Dragon's Fire - Tiny Cup,酔龍火-お猪口
Card_Name/10033,Text,,烟酒行歌-交杯,Smoke & Liquor Ballad - Clinking Cups,煙酒行歌-盃交わし
Card_Name/10034,Text,,浊气掌-聚爆,Miasma Palm - Implosion,濁気掌-衆爆（しゅうばく）
Card_Name/10035,Text,,流风指,Finger of Gust,流風指
Card_Name/10036,Text,,重击-碎颅,Heavy Strike - Skull Crusher,重撃-顱砕き（ろくだき）
Card_Name/1004,Text,,武魂真躯,True Martial Soul Form,武魂真体
Card_Name/10040,Text,,邪心-燃,Wicked Heart - Burning,邪心-燃
Card_Name/10041,Text,,腥风连斩,Foul Slaughter,腥風連斬
Card_Name/10042,Text,,忘忧-回忆,Sorrow Eraser - Recall,憂忘れ-記憶
Card_Name/10043,Text,,无痕-逝水,,
Card_Name/10044,Text,,镇灵-铭记,,
Card_Name/10045,Text,,昨日-编年,Bygone Days - Chronicle,往日-編年
Card_Name/10046,Text,,游方歌-灵汐,Wanderer's Song - Spirit Tide,遊方歌-霊汐（れいせき）
Card_Name/10047,Text,,血祭-丹,Blood Sacrifice - Elixir,血祭-丹
Card_Name/10048,Text,,毒风-朝,Toxic Wind - Dawn,毒風-朝
Card_Name/10049,Text,,拢翅-绒烬,Folded Wings - Velvet Embers,蔽翼-絨燼（じゅうじん）
Card_Name/1005,Text,,倒影,,
Card_Name/10051,Text,,灵契-如约,Spiritual Pact - Promise,霊契-応約（おうやく）
Card_Name/10055,Text,,绘涩-饱暖思淫欲,Eros - Lust Comes with Abundance,絵渋-飽暖淫思（ほうだんいんし）
Card_Name/10056,Text,,心欲流泉-极乐,Fountain of Desires - Ultimate Bliss,心欲流泉-極楽
Card_Name/10057,Text,,桃花烬-春宵夜,Peach Blossom Embers - Spring Night,桃花燼-春宵幻夜（しゅんよいげんや）
Card_Name/10058,Text,,嫁枝-露水缘,Bridal Branch - Dewy Serendipity,婚枝-雫の縁
Card_Name/10059,Text,,剑感-识风,Sword Sense - Guiding Wind,剣感-風知り
Card_Name/1006,Text,,斩道-生死,,
Card_Name/10060,Text,,索心-刻雷,Heart Seeker - Endgraved Lightning,索心-刻雷（こくらい）
Card_Name/10061,Text,,水鳞-怠惰,,
Card_Name/10062,Text,,甩尾-跃龙门,,
Card_Name/10064,Text,,盘龙根-魔种,Coiling Dragon Root - Demonic Seed,盤龍根-魔種（ましゅ）
Card_Name/10065,Text,,木龙-假龙乱真,,
Card_Name/10066,Text,,破雷指-断,Lightning Breaker Finger - Severance,破雷指-断
Card_Name/10067,Text,,窒息-昏迷,Suffocation - Coma,窒息-気絶
Card_Name/10069,Text,,寄生-榨干,Parasite - Drain,寄生-搾取（さくしゅ）
Card_Name/1007,Text,,天地皆我,Heaven and Earth Are Mine,天地皆我
Card_Name/10070,Text,,瘴域-尸潭,,
Card_Name/10071,Text,,龙爪-残裂,Dragon Claw - Shatterer,龍爪-残裂（ざんれつ）
Card_Name/10073,Text,,妖弓-散,Demonic Bow - Scatter,影弓-散
Card_Name/10074,Text,,复化用-叠诵,Reuse - Reprise,復利用-詠唱
Card_Name/10075,Text,,巨擎袭-攥,Colossal Assault - Clench,巨擎撃-握
Card_Name/10076,Text,,清白之息-云卷,Breath of Purity - Swirling Clouds,潔白の息-雲巻き
Card_Name/10077,Text,,碎鼎-全身,Cauldron Shatterer - Full Body,砕鼎-全身
Card_Name/10078,Text,,一笔勾销-生,Stroke of Erasure - Life,一切破算-生
Card_Name/10079,Text,,判魂-冤责,Judgment of Souls - Grievance,魂裁き-冤責（えんせき）
Card_Name/1008,Text,,能者多劳,,
Card_Name/10080,Text,,烙印-罪责,Stigma - Guilt,烙印-罪責（ざいせき）
Card_Name/10081,Text,,鬼神躯-魂离,Wraithgod Form - Soul Detachment,鬼神躯-魂離（こんり）
Card_Name/10082,Text,,阴鳞剑-破灭,Umbralscale Blade - Annihilation,陰鱗剣-破滅（はめつ）
Card_Name/10083,Text,,狐媚-靡乱之春,Fox Allure - Spring of Debauchery,狐媚-淫乱の春（いんらんのはる）
Card_Name/10084,Text,,灵狐妖风-烧,Vixen Gale - Scorch,霊狐妖風-焼（しょう）
Card_Name/10085,Text,,沉渊之汐-喷涌,Abyssal Tide - Gush,沈淵の汐-噴涌（ふんよう）
Card_Name/10087,Text,,索心叉-贯通,Heart-Seeking Fork - Penetrate,索心叉-貫通（かんつう）
Card_Name/10089,Text,,翻天印-天倾,Celestial Overturn Seal - Heaven Collapse,翻天印-天傾（てんけい）
Card_Name/1009,Text,,往去神明之血,Blood of Departed Deities,去りゆく神の血
Card_Name/10090,Text,,玉剑-吞,Jade Sword - Devour,玉剣-呑（とん）
Card_Name/10091,Text,,本源之种-晦,Seed of Origin - Dusk,本源の種-晦（かい）
Card_Name/10092,Text,,预知-阴阳重聚,Presage - Reunion of Yin & Yang,予知-陰陽重聚（おんみょうじゅうしゅう）
Card_Name/10093,Text,,小青龙头槌-顶,Little Azure Dragon Headbutt - Ram,小青龍頭突き-頂（ちょう）
Card_Name/10094,Text,,小青龙胀气-涌,Little Azure Dragon Bloat - Surge,小青龍膨満-湧（よう）
Card_Name/10095,Text,,痛殴-踢脸,Thrash - Face Kick,痛打-顔面蹴り（がんめんけり）
Card_Name/10096,Text,,决睚之眼-愤,Gaze of Vengeance - Fury,決睚の眼-憤（ふん）
Card_Name/10098,Text,,长河落日-今朝,Setting Sun - Present,長河落日-今朝（こんちょう）
Card_Name/10099,Text,,惊蛰-雷动,Awakening of Insects - Thunder Roar,啓蟄-雷動（らいどう）
Card_Name/101,Text,,金攥勾月枪,Golden Crescent Spear,金攢鉤月槍（きんさんこうげつそう）
Card_Name/1010,Text,,我是小青龙,I am the Little Azure Dragon,我青龍なり
Card_Name/10100,Text,,春眠-觉,Spring Nap - Awakening,春眠-覚（かく）
Card_Name/10101,Text,,金攥勾月枪-挑,Golden Crescent Spear - Thrust,金攢鉤月槍-挑（ちょう）
Card_Name/10102,Text,,撼山猛虎拳-开天,Landslide Tiger Fist - Sky Shatterer,撼山猛虎拳-開天（かいてん）
Card_Name/10103,Text,,毒血剑-诛仙,Venomblood Sword - Immortal Slayer,毒血剣-誅仙（ちゅうせん）
Card_Name/10104,Text,,蚀心剑-陷仙,Heart-Eroding Sword - Immortal Ensnarer,蝕心剣-陥仙（かんせん）
Card_Name/10105,Text,,整备-随时待命,Rearm - On Standby,整備-用意万全（よういばんぜん）
Card_Name/10106,Text,,精准射击-爆头,Precision Shot - Headshot,正確射撃-頭撃ち（あたまうち）
Card_Name/10107,Text,,斩龙诀-天下,Dragon-Slaying Decree - All Under Heaven,斬龍決・天下（てんか）
Card_Name/10108,Text,,人皇骸-文,Remains of the Human Emperor - Civil,人皇骸・文（ぶん）
Card_Name/1011,Text,,一刹,Fleeting Instant,刹那（せつな）
Card_Name/1012,Text,,回夜,Recurring Nights,回夜（かいや）
Card_Name/1013,Text,,旬月,Decade Months,旬月（しゅんげつ）
Card_Name/1014,Text,,百载,Hundred Years,百載（ひゃくさい）
Card_Name/1015,Text,,上下五千年,Five Millennia,上下五千年（じょうげごせんねん）
Card_Name/1016,Text,,真理洗礼,Baptism of Truth,真理洗礼（しんりせんれい）
Card_Name/1017,Text,,堕龙血,Fallen Dragon Blood,堕龍血（だりゅうけつ）
Card_Name/102,Text,,撼山猛虎拳,Landslide Tiger Fist,撼山猛虎拳（かんざんもうこけん）
Card_Name/103,Text,,毒血剑,Venomblood Sword,毒血剣（どくけつけん）
Card_Name/104,Text,,蚀心剑,Heart-Eroding Sword,蝕心剣（しょくしんけん）
Card_Name/105,Text,,整备,Rearm,整備（せいび）
Card_Name/106,Text,,精准射击,Precision Shot,正確射撃（せいかくしゃげき）
Card_Name/107,Text,,斩龙诀,Dragon-Slaying Decree,斬龍決（ざんりゅうけつ）
Card_Name/108,Text,,人皇骸,Remains of the Human Emperor,人皇骸（じんこうがい）
Card_Name/11,Text,,灵御,Mana Ward,霊御（れいご）
Card_Name/12,Text,,神骸,Divine Remains,神骸（しんがい）
Card_Name/13,Text,,御剑-云聚,,
Card_Name/14,Text,,赤符-燃血,Scarlet Sigil - Burning Blood,赤符-血燃やし
Card_Name/15,Text,,心眼,Mind's Eye,心眼
Card_Name/16,Text,,东风归,,
Card_Name/17,Text,,惊蛰,,
Card_Name/18,Text,,点卯,Roll Call,点呼（てんこ）
Card_Name/19,Text,,僵尸之血,Zombie Blood,僵屍の血
Card_Name/2,Text,,回龙剑,Circling Dragon Sword,回龍剣
Card_Name/20,Text,,嚎魂,Howling Soul,哮魂（こうこん）
Card_Name/20001,Text,,追风-贯日,Wind Chaser - Sun Piercer,風追い-日貫き
Card_Name/20002,Text,,回龙-百鲤来朝,Circling Dragon - Carps Homage,回龍-百鯉来朝（ひゃくりらいちょう）
Card_Name/20006,Text,,风-镜御,Wind - Mirror Ward,風-鏡御（きょうおん）
Card_Name/20007,Text,,烟火-连陨之火,Fireworks Bolt - Meteor Shower,煙火-続隕（そくいん）の火
Card_Name/20009,Text,,雷符-晃神,Lightning Sigil - Confusion,雷霆符-神晃り
Card_Name/20010,Text,,剑影-留火,Flashing Sword - Lingering Flame,剣影-火留り（ひどまり）
Card_Name/20011,Text,,灵御-雷铠,Mana Ward - Lightning Armor,霊御-雷鎧（らいがい）
Card_Name/20014,Text,,赤符-燃血疯,Scarlet Sigil - Burning Blood Frenzy,赤符-血燃やしの狂い
Card_Name/20018,Text,,点卯-雷毫,Roll Call - Lightning Brush,点呼-雷毫
Card_Name/2002,Text,,春神之呓,The Spring Goddess's Whisper,春神の呟き
Card_Name/20020,Text,,嚎魂-怖,Howling Soul - Terror,哮魂-怖
Card_Name/20021,Text,,咒锁-怨,Curse Lock - Resentment,呪鎖-怨
Card_Name/20022,Text,,盾骸-水壁,Shield Remains - Wall of Water,盾骸-水壁
Card_Name/20023,Text,,弹刃-迅风,Blade Deflection - Swift Wind,刃弾き-疾風
Card_Name/20024,Text,,三三阵-瞬,Triple Formation - Instant,三三陣-瞬
Card_Name/20025,Text,,灵嚼-御水,Mana Muncher - Water Commander,霊嚼-御水
Card_Name/20026,Text,,怨骨-孽雷,Resentful Skeleton - Wicked Lightning,怨骨-孽雷
Card_Name/20027,Text,,鬼火-爆,Ghost Fire - Explosion,鬼火-爆
Card_Name/20028,Text,,掌中天眼-神压,Palm-Eye - Divine Pressure,掌中天眼-神圧
Card_Name/20029,Text,,腐生-疫乱,Decayborn - Plague Chaos,生腐り-疫乱れ（えきみだれ）
Card_Name/20030,Text,,汲尸-鲜吞,Corpse Siphon - Flesh Devourer,汲屍-鮮呑み（せんのみ）
Card_Name/20031,Text,,染疫-腐蚀,Spreading Plague - Erosion,染疫-腐蝕
Card_Name/20032,Text,,醉龙火-大盏,Drinky Dragon's Fire - Large Mug,酔龍火-ぐい呑み
Card_Name/20033,Text,,烟酒行歌-连饮,Smoke & Liquor Ballad - Drink Frenzy,煙酒行歌-連酌（れんしゃく）
Card_Name/20034,Text,,浊气掌-吹雷,Miasma Palm - Thunder Blast,濁気掌-雷吹き
Card_Name/20035,Text,,断风指,Finger of Severance,断風指
Card_Name/20036,Text,,重击-断脊,Heavy Strike - Spine Breaker,重撃-脊断ち（せきだち）
Card_Name/20040,Text,,邪心-崩,Wicked Heart - Collapse,邪心-崩
Card_Name/20041,Text,,血风斩,Sanguinary Slash,血風斬（けっぷうざん）
Card_Name/20042,Text,,忘忧-遗失,Sorrow Eraser - Lost,憂忘れ-遺失
Card_Name/20043,Text,,无痕-随风,,
Card_Name/20044,Text,,镇灵-忘却,,
Card_Name/20045,Text,,昨日-断代,Bygone Days - Age Division,往日-断代
Card_Name/20046,Text,,游方歌-风起,Wanderer's Song - Wind Rises,遊方歌-風起
Card_Name/20047,Text,,血祭-池,Blood Sacrifice - Pool,血祭-池
Card_Name/20048,Text,,毒风-夕,Toxic Wind - Dusk,毒風-夕
Card_Name/20049,Text,,拢翅-融风,Folded Wings - Melting Wind,蔽翼-融風（ゆうふう）
Card_Name/20051,Text,,灵契-履证,Spiritual Pact - Fulfillment,霊契-履行（りこう）
Card_Name/20055,Text,,绘涩-今日不早朝,Eros - Drowning in Indulgence,絵渋-不早朝
Card_Name/20056,Text,,心欲流泉-寸止,Fountain of Desires - Halt Before Climax,心欲流泉-寸止
Card_Name/20057,Text,,桃花烬-花开二度,Peach Blossom Embers - Second Bloom,桃花燼-二度咲き
Card_Name/20058,Text,,嫁枝-绕指风,Bridal Branch - Wrapping Wind,婚枝-指纏う風
Card_Name/20059,Text,,剑感-闻雨,Sword Sense - Revealing Rain,剣感-雨聞き
Card_Name/20060,Text,,索心-回雪,Heart Seeker - Circling Snow,索心-回雪（かいせつ）
Card_Name/20061,Text,,水鳞-惊醒,,
Card_Name/20062,Text,,甩尾-沉渊,,
Card_Name/20064,Text,,盘龙根-残息,Coiling Dragon Root - Lingering Breath,盤龍根-残息（ざんそく）
Card_Name/20065,Text,,木龙噬-狂雷,,
Card_Name/20066,Text,,破雷指-撩,Lightning Breaker Finger - Sweep,破雷指-撩
Card_Name/20067,Text,,窒息-放弃,Suffocation - Surrender,窒息-放棄
Card_Name/20069,Text,,寄生-硬嘬,Parasite - Suck,寄生-吸啜（きゅうてつ）
Card_Name/20070,Text,,瘴域-孽雷,,
Card_Name/20071,Text,,龙爪-炽火,Dragon Claw - Blaze,龍爪-熾炎（しえん）
Card_Name/20073,Text,,妖弓-蚀,Demonic Bow - Erosion,影弓-蝕
Card_Name/20074,Text,,复化用-齐发,Reuse - Volley,復利用-斉発
Card_Name/20075,Text,,巨擎袭-贯,Colossal Assault - Pierce,巨擎撃-貫
Card_Name/20076,Text,,清白之息-流风,Breath of Purity - Gust,潔白の息-風流し
Card_Name/20077,Text,,碎鼎-全灵,Cauldron Shatterer - Full Soul,砕鼎-全霊
Card_Name/20078,Text,,一笔勾销-死,Stroke of Erasure - Death,一切破算-死
Card_Name/20079,Text,,判魂-严律,Judgment of Souls - Stringent Laws,魂裁き-厳律（げんりつ）
Card_Name/20080,Text,,烙印-忏悔,Stigma - Repentance,烙印-懺悔（ざんげ）
Card_Name/20081,Text,,鬼神躯-烙印,Wraithgod Form - Stigma,鬼神躯-烙印（らくいん）
Card_Name/20082,Text,,阴鳞剑-诛伐,Umbralscale Blade - Retribution,陰鱗剣-誅伐（ちゅうばつ）
Card_Name/20083,Text,,狐媚-春宫妖术,Fox Allure - Erotic Sorcery,狐媚-春宮妖術（しゅんきゅうようじゅつ）
Card_Name/20084,Text,,灵狐妖风-盈,Vixen Gale - Surge,霊狐妖風-盈（えい）
Card_Name/20085,Text,,沉渊之汐-射流,Abyssal Tide - Torrent,沈淵の汐-射流（しゃりゅう）
Card_Name/20087,Text,,索心叉-阴损,Heart-Seeking Fork - Insidious,索心叉-陰損（いんそん）
Card_Name/20089,Text,,翻天印-地覆,Celestial Overturn Seal - Earth Upheaval,翻天印-地覆（ちふ）
Card_Name/20090,Text,,玉剑-纳,Jade Sword - Absorb,玉剣-納（のう）
Card_Name/20091,Text,,本源之种-明,Seed of Origin - Dawn,本源の種-明（めい）
Card_Name/20092,Text,,预知-晴雨未知,Presage - Fortune Unseen,予知-晴雨未知（せいうみち）
Card_Name/20093,Text,,小青龙头槌-磕,Little Azure Dragon Headbutt - Dunk,小青龍頭突き-磕（かく）
Card_Name/20094,Text,,小青龙胀气-泻,Little Azure Dragon Bloat - Vent,小青龍膨満-瀉（しゃ）
Card_Name/20095,Text,,痛殴-乱斗,Thrash - Brawl,痛打-乱闘（らんとう）
Card_Name/20096,Text,,决睚之眼-恶,Gaze of Vengeance - Malice,決睚の眼-悪（あく）
Card_Name/20098,Text,,长河落日-明日,Setting Sun - Morrow,長河落日-明日（あす）
Card_Name/20099,Text,,惊蛰-瀑流,Awakening of Insects - Cascading Torrent,啓蟄-瀑流（ばくりゅう）
Card_Name/20100,Text,,春眠-晓,Spring Nap - Dawn,春眠-暁（あかつき）
Card_Name/20101,Text,,金攥勾月枪-连破,Golden Crescent Spear - Flurry,金攢鉤月槍-連破（れんぱ）
Card_Name/20102,Text,,撼山猛虎拳-裂地,Landslide Tiger Fist - Earth Cleaver,撼山猛虎拳-裂地（れつち）
Card_Name/20103,Text,,毒血剑-戮仙,Venomblood Sword - Immortal Slaughterer,毒血剣-戮仙（りくせん）
Card_Name/20104,Text,,蚀心剑-绝仙,Heart-Eroding Sword - Immortal Extinctor,蝕心剣-絶仙（ぜっせん）
Card_Name/20105,Text,,整备-全军出击,Rearm - All-Out Assault,整備-総員出撃（そういんしゅつげき）
Card_Name/20106,Text,,精准射击-穿雷,Precision Shot - Piercing Lightning,正確射撃-貫雷（かんらい）
Card_Name/20107,Text,,斩龙诀-独尊,Dragon-Slaying Decree - Supreme Alone,斬龍決・独尊（どくそん）
Card_Name/20108,Text,,人皇骸-武,Remains of the Human Emperor - Martial,人皇骸・武（ぶ）
Card_Name/21,Text,,咒锁,Curse Lock,呪鎖（じゅさ）
Card_Name/22,Text,,盾骸,Shield Remains,盾骸（とんがい）
Card_Name/23,Text,,弹刃,Blade Deflection,刃弾き（じんはじき）
Card_Name/24,Text,,三三阵,Triple Formation,三三陣
Card_Name/25,Text,,灵嚼,Mana Muncher,霊嚼（れいしゃく）
Card_Name/26,Text,,怨骨,Resentful Skeleton,怨骨（えんこつ）
Card_Name/27,Text,,鬼火,Ghost Fire,鬼火（おにび）
Card_Name/28,Text,,掌中天眼,Palm-Eye,掌中天眼（しょうちゅうてんがん）
Card_Name/29,Text,,腐生,Decayborn,生腐り（なまくさり）
Card_Name/3,Text,,天落剑,,
Card_Name/30,Text,,汲尸,Corpse Siphon,汲屍（きゅうし）
Card_Name/31,Text,,染疫,Spreading Plague,染疫（せんえき）
Card_Name/32,Text,,醉龙火,Drinky Dragon's Fire,酔龍火（すいりゅうか）
Card_Name/33,Text,,烟酒行歌,Smoke & Liquor Ballad,煙酒行歌（えんしゅうぎょうか）
Card_Name/34,Text,,浊气掌,Miasma Palm,濁気掌（だっきしょう）
Card_Name/35,Text,,清风指,Finger of Breeze,清風指
Card_Name/36,Text,,重击,Heavy Strike,重撃
Card_Name/37,Text,,不灭斗志,,
Card_Name/38,Text,,虎符-千军令,,
Card_Name/39,Text,,绝灭斩,,
Card_Name/4,Text,,伏剑阵,,
Card_Name/40,Text,,邪心,Wicked Heart,邪心
Card_Name/41,Text,,腥风斩,Foul Slash,腥風斬（しょうふうざん）
Card_Name/42,Text,,忘忧,Sorrow Eraser,憂忘れ（ゆうわすれ）
Card_Name/43,Text,,无痕,,
Card_Name/44,Text,,镇灵,,
Card_Name/45,Text,,昨日,Bygone Days,往日
Card_Name/46,Text,,游方歌,Wanderer's Song,遊方歌
Card_Name/47,Text,,血祭,Blood Sacrifice,血祭
Card_Name/48,Text,,毒风,Toxic Wind,毒風
Card_Name/49,Text,,拢翅,Folded Wings,蔽翼（へいよく）
Card_Name/5,Text,,剑雨,,
Card_Name/50,Text,,祖宗八倍拳,Eightfold Ancestral Fist,先祖継承拳
Card_Name/51,Text,,灵契,Spiritual Pact,霊契（れいけい）
Card_Name/52,Text,,活人道-窃生,Way of the Living - Life's Theft,活人道-窃命
Card_Name/53,Text,,死人道-亡返,Way of the Dead - The Fallen's Return,死人道-亡還
Card_Name/54,Text,,生死撩断,Severance of Life and Death,生死断絶
Card_Name/55,Text,,绘涩,Eros,絵渋（えじゅう）
Card_Name/56,Text,,心欲流泉,Fountain of Desires,心欲流泉（しんよくりゅうせん）
Card_Name/57,Text,,桃花烬,Peach Blossom Embers,桃花燼（とうかじん）
Card_Name/58,Text,,嫁枝,Bridal Branch,婚枝（こんし）
Card_Name/59,Text,,剑感,Sword Sense,剣感
Card_Name/6,Text,,风,Wind,風
Card_Name/60,Text,,索心,Heart Seeker,索心（さくしん）
Card_Name/61,Text,,水鳞,,
Card_Name/62,Text,,甩尾,,
Card_Name/63,Text,,摆烂,,
Card_Name/64,Text,,盘龙根,Coiling Dragon Root,盤龍根（ばんりゅうこん）
Card_Name/65,Text,,木龙噬,,
Card_Name/66,Text,,破雷指,Lightning Breaker Finger,破雷指
Card_Name/67,Text,,窒息,Suffocation,窒息
Card_Name/68,Text,,退潮,Ebb Tide,退潮
Card_Name/69,Text,,寄生,Parasite,寄生
Card_Name/7,Text,,烟火弹,Firework Bolt,煙火弾
Card_Name/70,Text,,瘴域,,
Card_Name/71,Text,,龙爪,Dragon Claw,龍爪（りゅうさ）
Card_Name/72,Text,,衔鹊,Magpie's Gift,銜鵲（げんじゃく）
Card_Name/73,Text,,妖弓-连,Demonic Bow - Volley,影弓（かげゆみ）-連
Card_Name/74,Text,,复化用,Reuse,復利用
Card_Name/75,Text,,巨擎袭,Colossal Assault,巨擎撃（きょけいげき）
Card_Name/76,Text,,清白之息,Breath of Purity,潔白の息
Card_Name/77,Text,,碎鼎,Cauldron Shatterer,砕鼎（さいてい）
Card_Name/78,Text,,一笔勾销,Stroke of Erasure,一切破算
Card_Name/79,Text,,判魂,Judgment of Souls,魂裁き
Card_Name/8,Text,,水,,
Card_Name/80,Text,,烙印,Stigma,烙印
Card_Name/81,Text,,鬼神躯,Wraithgod Form,鬼神躯（きしんく）
Card_Name/82,Text,,阴鳞剑,Umbralscale Blade,陰鱗剣（いんりんけん）
Card_Name/83,Text,,狐媚,Fox Allure,狐媚（こび）
Card_Name/84,Text,,灵狐妖风,Vixen Gale,霊狐妖風（れいこようふう）
Card_Name/85,Text,,沉渊之汐,Abyssal Tide,沈淵の汐（しんえんのしお）
Card_Name/86,Text,,翻云覆雨-妖,Ripples of Pleasure - Fiend,翻雲覆雨-妖（ほんうんふくう-よう）
Card_Name/87,Text,,索心叉,Heart-Seeking Fork,索心叉（さくしんそう）
Card_Name/88,Text,,翻云覆雨-魔,Ripples of Pleasure - Demon,翻雲覆雨-魔（ま）
Card_Name/89,Text,,翻天印,Celestial Overturn Seal,翻天印（はんてんいん）
Card_Name/9,Text,,雷符,Lightning Sigil,雷霆符
Card_Name/90,Text,,玉剑,Jade Sword,玉剣（ぎょくけん）
Card_Name/91,Text,,本源之种,Seed of Origin,本源の種（ほんげんのたね）
Card_Name/92,Text,,预知,Presage,予知（よち）
Card_Name/93,Text,,小青龙头槌,Little Azure Dragon Headbutt,小青龍頭突き（こせいりゅうずつき）
Card_Name/94,Text,,小青龙胀气,Little Azure Dragon Bloat,小青龍膨満（こせいりゅうほうまん）
Card_Name/95,Text,,痛殴,Thrash,痛打（つうだ）
Card_Name/96,Text,,决睚之眼,Gaze of Vengeance,決睚の眼（ぜつがいのめ）
Card_Name/97,Text,,大江东去,Torrent of Time,大江東去（だいきょうどうく）
Card_Name/98,Text,,长河落日,Setting Sun,長河落日（ちょうがらくじつ）
Card_Name/99,Text,,惊蛰,Awakening of Insects,啓蟄（けいちつ）
EnemyAction/1,Text,,普攻,Basic Attack,通常攻撃
EnemyAction/10,Text,,变大,Enlarge,巨大化
EnemyAction/100,Text,,求哥哥垂怜,Please Be Gentle,可愛がって
EnemyAction/101,Text,,灵魂浇灌,Soul Irrigation,魂の潅ぎ
EnemyAction/102,Text,,血脉恩赐,Bloodline Blessing,血脈の祝福
EnemyAction/103,Text,,虚空之手,Hand of the Void,虚空の手
EnemyAction/104,Text,,虚空邪眼,Evil Eye of the Void,虚空邪眼
EnemyAction/105,Text,,踏云斩,Cloud-Treading Cleave,踏雲斬
EnemyAction/106,Text,,合欢仙露,Elixir of Carnal Bliss,合歓仙露
EnemyAction/107,Text,,沉渊之汐,Abyssal Tide,沈淵の汐
EnemyAction/108,Text,,索心叉,Heart-Seeking Fork,索心叉
EnemyAction/109,Text,,云雨符,Sigil of Carnal Desire,雲雨符
EnemyAction/11,Text,,引尸香,Corpse Lure Incense,引屍香
EnemyAction/110,Text,,缠龙根,Intertwining Dragon Root,纏龍根
EnemyAction/111,Text,,指令-弱化,Command - Weaken,指令-弱化
EnemyAction/112,Text,,魔焰,Demonic Flame,魔焔
EnemyAction/113,Text,,扑通,Thud,ドン
EnemyAction/114,Text,,怪异震颤,Eerie Tremor,怪異の震え
EnemyAction/115,Text,,指令-沉默,Command - Silence,指令-沈黙
EnemyAction/116,Text,,指令-怨恨,Command - Resentment,指令-怨恨
EnemyAction/117,Text,,扑通通,Thud-thump,ドキドキ
EnemyAction/118,Text,,心跳,Heartbeat,鼓動
EnemyAction/119,Text,,僵尸之血-死,Zombie Blood - Death,僵屍の血-死
EnemyAction/12,Text,,磁石,Magnet Stone,磁石
EnemyAction/120,Text,,生死撩断,Severance of Life and Death,生死断絶
EnemyAction/121,Text,,扭曲,Twist,捻り
EnemyAction/122,Text,,枯萎,Wither,枯死
EnemyAction/123,Text,,断腿！,Sever Leg!,足折り！
EnemyAction/124,Text,,剔肉！,Scrape Flesh!,肉削り！
EnemyAction/125,Text,,血污,Bloodstain,血汚
EnemyAction/126,Text,,赤潮,Scarlet Tide,赤潮
EnemyAction/127,Text,,撕咬,Bite,噛み付き
EnemyAction/128,Text,,破剑令-斩,Sword-Breaker Decree - Slash,破剣令-斬り
EnemyAction/129,Text,,仙符,Immortal Sigil,仙符
EnemyAction/13,Text,,横斩,Horizontal Slash,横斬
EnemyAction/130,Text,,罂粟引,Poppy Lure,ケシの誘い
EnemyAction/131,Text,,咒符,Curse Sigil,呪符
EnemyAction/132,Text,,萝北萝北萝？,Turnip nip tur?,だいこんだいこん？
EnemyAction/133,Text,,咒杀,Curse Kill,呪殺
EnemyAction/134,Text,,鬼煞,Ghost Malice,鬼煞
EnemyAction/135,Text,,鬼缚,Ghost Bind,鬼縛
EnemyAction/136,Text,,重启,Reboot,再起動
EnemyAction/137,Text,,扫尘,Sweep Dust,掃塵
EnemyAction/138,Text,,绽放,Bloom,咲く
EnemyAction/139,Text,,萝——北萝,Tur—nip Tur,だい…だいこん
EnemyAction/14,Text,,阴弓,Nether Bow,陰弓
EnemyAction/140,Text,,小青龙头槌,Little Azure Dragon Hammer,小青龍頭突き
EnemyAction/141,Text,,小青龙胀气,Little Azure Dragon Bloat,小青龍膨満
EnemyAction/142,Text,,啮咬,Gnaw,噛み
EnemyAction/143,Text,,瘴息,Miasma Breath,瘴気
EnemyAction/144,Text,,甩尾巴,Tail Whip,尻尾を振る
EnemyAction/145,Text,,咬！,Bite!,噛む！
EnemyAction/146,Text,,甩尾,Tail Swipe,尾振り
EnemyAction/147,Text,,横扫,Sweep,横掃
EnemyAction/148,Text,,巢喷,Nest Spray,巣噴
EnemyAction/149,Text,,引雷,Invoke Lightning,引雷
EnemyAction/15,Text,,横压斩,Horizontal Crush,横圧斬
EnemyAction/150,Text,,蟠龙剑法,Panloong Sword,盤龍剣法
EnemyAction/151,Text,,覆浪,Crushing Wave,覆浪
EnemyAction/152,Text,,草渊,Grassy Depths,草淵
EnemyAction/153,Text,,蝗烬,Locust Embers,蝗燼
EnemyAction/154,Text,,剑诀-破,Sword Art - Break,剣訣-破
EnemyAction/155,Text,,散魂曲,Soul-Scattering Melody,散魂曲
EnemyAction/156,Text,,清白之息,Breath of Purity,潔白の息
EnemyAction/157,Text,,灵湮,Spirit Oblivion,霊湮（れいいん）
EnemyAction/158,Text,,钢震,Steel Shock,鋼震（こうしん）
EnemyAction/159,Text,,嚎叫——,Howl—,遠吠え——
EnemyAction/16,Text,,军势-鬼降,Army Formation - Ghost Subjugation,軍勢-鬼降
EnemyAction/160,Text,,锈愈,Rust Heal,錆癒し
EnemyAction/161,Text,,暂避锋芒,Bide One's Time,控え
EnemyAction/162,Text,,换弹,Reload,弾替え
EnemyAction/163,Text,,铁甲,Iron Clad,鉄甲
EnemyAction/164,Text,,枪突,Bayonet Charge,槍突
EnemyAction/165,Text,,开火,Open Fire,発射
EnemyAction/166,Text,,铳符,Gun Sigil,銃符
EnemyAction/167,Text,,龙啸,Dragon Roar,龍哮
EnemyAction/168,Text,,炽龙甲,Blazing Dragon Armor,熾龍甲
EnemyAction/169,Text,,日轮,Solar Disc,日輪
EnemyAction/17,Text,,将旗-镇幡,Command Banner - Suppression,将旗-鎮幡（ちんはん）
EnemyAction/170,Text,,月轮,Lunar Disc,月輪
EnemyAction/171,Text,,哨眼符,Sentinel Sigil,哨眼符（しょうがんふ）
EnemyAction/172,Text,,聚阴,Gather Yin,聚陰（しゅういん）
EnemyAction/173,Text,,聚阳,Gather Yang,聚陽（しゅうよう）
EnemyAction/174,Text,,斩,Slash,斬り
EnemyAction/175,Text,,御剑-屠龙有术,Sword Mastery - Dragon Slayer,御剣-屠龍に術あり
EnemyAction/176,Text,,灵技-风调雨顺,Spiritual Hex - Propitious Seasons,霊技-風調雨順
EnemyAction/177,Text,,武道-天下归一,Martial Art - World Unification,武道-天下帰一
EnemyAction/178,Text,,清剑-云斩,Pure Sword - Cloud Slash,清剣-雲斬り
EnemyAction/179,Text,,流风指,Finger of Gust,流風指
EnemyAction/18,Text,,灵弓连,Spiritual Bow Volley,雷矢連
EnemyAction/180,Text,,浊气扇,Fan of Miasma,濁気扇
EnemyAction/181,Text,,灵蝶弹,Butterfly Bolt,霊蝶弾
EnemyAction/182,Text,,盛开腐朽之花,Blooming Flower of Decay,腐朽の花咲かせ
EnemyAction/183,Text,,绽放浊气之花,Blooming Flower of Miasma,濁気の花咲かせ
EnemyAction/184,Text,,浊气汇聚,Gather Miasma,濁気集め
EnemyAction/185,Text,,清风指,Finger of Breeze,清風指
EnemyAction/186,Text,,浊气掌,Miasma Palm,濁気掌（だっきしょう）
EnemyAction/187,Text,,连环斩,Chain Slash,連環斬
EnemyAction/188,Text,,幽冥撕咬,Netherworld Bite,幽冥噛み
EnemyAction/189,Text,,杀威棒,Will-Breaker Staff,殺威棒
EnemyAction/19,Text,,灵御,Mana Ward,霊御（れいご）
EnemyAction/190,Text,,饕餮啃食,Taotie's Gnaw,饕餮噛み砕き
EnemyAction/191,Text,,哈气,Hiss,吐息
EnemyAction/192,Text,,挠挠挠挠挠,Scratch Scratch Scratch,掻き掻き掻き
EnemyAction/193,Text,,判魂,Judgment of Souls,魂裁き
EnemyAction/194,Text,,震慑,Deterrence,威嚇
EnemyAction/195,Text,,绘涩,Eros,絵渋（えじゅう）
EnemyAction/196,Text,,剑，归去,"Sword, Depart",剣よ、帰れ
EnemyAction/197,Text,,回春,Rejuvenation,回春（かいしゅん）
EnemyAction/198,Text,,连啄,Consecutive Pecks,連続つつき（れんぞくつつき）
EnemyAction/199,Text,,碎岩,Rock Smasher,砕岩（さいがん）
EnemyAction/2,Text,,赤锁钉,Scarlet Lock Nail,赤鎖打ち
EnemyAction/20,Text,,妖弓-蚀,Demonic Bow - Erosion,影弓-蝕
EnemyAction/200,Text,,岩障,Rock Barrier,岩障（がんしょう）
EnemyAction/201,Text,,碎晶冲撞,Crystal Shatter Charge,砕晶衝突（さいしょうしょうとつ）
EnemyAction/202,Text,,盾骸,Shield Remains,盾骸（とんがい）
EnemyAction/203,Text,,横压斩,Horizontal Crush,横圧斬（おうあつざん）
EnemyAction/204,Text,,春雷清音,Roar of Spring Thunder,春雷清音（しゅんらいせいおん）
EnemyAction/205,Text,,回春,Rejuvenation,回春（かいしゅん）
EnemyAction/206,Text,,魂爆,Soul Burst,魂爆（こんばく）
EnemyAction/207,Text,,自爆,Self Burst,自爆（じばく）
EnemyAction/208,Text,,归于尘土,Return to Dust,塵へと還れ…
EnemyAction/209,Text,,往日长青,Evergreen Past,往日長青（おうじつちょうせい）
EnemyAction/21,Text,,灵聚,Gather Energy,霊聚
EnemyAction/210,Text,,孕育之种,Gestating Seed,孕みの種（はらみのたね）
EnemyAction/211,Text,,金攥勾月枪,Golden Crescent Spear,金攢鉤月槍
EnemyAction/212,Text,,撼山猛虎拳,Landslide Tiger Fist,撼山猛虎拳
EnemyAction/213,Text,,残影拳-崩雷,Blurring Fist - Thunder,残影拳-崩雷（ざんえいけん-ほうらい）
EnemyAction/214,Text,,碎颅拳,Skull Crusher Fist,顱砕拳（ろっさいけん）
EnemyAction/215,Text,,点卯,Roll Call,点呼（てんこ）
EnemyAction/216,Text,,赤烟令,Token of Scarlet Smoke,赤煙令（せきえんれい）
EnemyAction/217,Text,,神明之血,Blood of Deities,神の血（かみのち）
EnemyAction/218,Text,,神佑,Divine Protection,神護（しんご）
EnemyAction/219,Text,,毒墨,Toxic Ink,毒墨（どくずみ）
EnemyAction/22,Text,,破灵咒,Soul-Shattering Spell,破霊呪
EnemyAction/220,Text,,毒百合,Venomous Lily,毒百合（どくゆり）
EnemyAction/221,Text,,侵蚀之毒,Corrosive Poison,侵蝕の毒（しんしょくのどく）
EnemyAction/222,Text,,惊蛰,Awakening of Insects,啓蟄（けいちつ）
EnemyAction/223,Text,,复苏,Revival,蘇生（そせい）
EnemyAction/224,Text,,灵咬,Spirit Bite,霊噛（れいごう）
EnemyAction/225,Text,,毒鞭,Toxic Whip,毒鞭（どくむち）
EnemyAction/226,Text,,痛殴,Thrash,痛打（つうだ）
EnemyAction/227,Text,,蚀心剑,Heart-Eroding Sword,蝕心剣（しょくしんけん）
EnemyAction/23,Text,,碎灵击,Soul-Shattering Strike,砕霊撃
EnemyAction/24,Text,,风,Wind,風
EnemyAction/25,Text,,封灵术,Spiritual Seal,封霊術
EnemyAction/26,Text,,草符,Grass Sigil,草符
EnemyAction/27,Text,,草符-晕,Grass Sigil - Stun,草符-絶
EnemyAction/28,Text,,磁石-雷,Magnet Stone - Lightning,磁石-雷
EnemyAction/29,Text,,雷暴,Thunderstorm,雷爆
EnemyAction/3,Text,,骸骨之拳,Skeleton Fist,骸骨の拳
EnemyAction/30,Text,,呱！,Ribbit!,
EnemyAction/31,Text,,甩~舌,Flick~ Tongue,ペロペロ
EnemyAction/32,Text,,呱！！,Ribbit!!,ゲロ！！
EnemyAction/33,Text,,撞！,Crash!,突き！
EnemyAction/34,Text,,呱呱大合唱,Frog Chorus,ゲロゲロ大合唱
EnemyAction/35,Text,,舔舔,Lick,舐め
EnemyAction/36,Text,,爆爆,Popper,爆々
EnemyAction/37,Text,,风爪,Wind Claw,風爪
EnemyAction/38,Text,,衔刃斩,Beak Slash,銜刃斬
EnemyAction/39,Text,,龙咬,Dragon Bite,龍咬
EnemyAction/4,Text,,灵符,Spiritual Sigil,霊符
EnemyAction/40,Text,,蛇吻,Snake Kiss,蛇の口づけ
EnemyAction/41,Text,,毒渍,Toxic Stain,毒痕
EnemyAction/42,Text,,捶地,Smash the Ground,地面殴り
EnemyAction/43,Text,,拳击,Punch,パンチ
EnemyAction/44,Text,,嚎叫,Howl,叫び
EnemyAction/45,Text,,狐灵风爪,Fox Spirit: Wind Claw,狐霊風爪
EnemyAction/46,Text,,狐灵咒雨,Fox Spirit: Curse Rain,狐霊呪雨
EnemyAction/47,Text,,狐灵妖火,Fox Spirit: Vile Fire,狐霊妖火
EnemyAction/48,Text,,狐灵闪电,Fox Spirit: Lightning,狐霊稲妻
EnemyAction/49,Text,,噬灵之口,Soul-Devouring Maw,霊喰いの口
EnemyAction/5,Text,,驱邪符,Exorcism Sigil,駆邪札
EnemyAction/50,Text,,咒陨,Curse Meteor,呪隕
EnemyAction/51,Text,,咒雨无尽,Endless Curse Rain,無尽呪雨
EnemyAction/52,Text,,连刃之风,Blade Wind,連刃の風
EnemyAction/53,Text,,心欲之火,Desire's Flame,欲望の火
EnemyAction/54,Text,,欢愉之雷,Joy's Lightning,歓愉の雷
EnemyAction/55,Text,,残影拳,Blurring Fist,残影拳
EnemyAction/56,Text,,祖宗八倍拳,Eightfold Ancestral Fist,先祖継承拳
EnemyAction/57,Text,,毒粉,Poison Powder,毒粉
EnemyAction/58,Text,,拢翅,Folded Wings,蔽翼（へいよく）
EnemyAction/59,Text,,龙爪,Dragon Claw,龍爪（りゅうさ）
EnemyAction/6,Text,,御灵符,Ward Sigil,御霊札
EnemyAction/60,Text,,灰烬龙息,Dragon Breath of Ash,灰燼龍息（はいじんりゅうそく）
EnemyAction/61,Text,,桃花烬,Peach Blossom Embers,桃花燼（とうかじん）
EnemyAction/62,Text,,霹雳爆爆！,Thunder Popper!,霹靂爆々（へきれきばくばく）！
EnemyAction/63,Text,,雀翎,Peacock Plume,雀の羽根
EnemyAction/64,Text,,雷斩,Lightning Slash,雷斬
EnemyAction/65,Text,,墨爪,Ink Claw,墨爪
EnemyAction/66,Text,,结冰,Icy Freeze,凍結
EnemyAction/67,Text,,闪电链,Chain Lightning,連鎖稲妻
EnemyAction/68,Text,,驱雷术,Lightning Drive,駆雷術
EnemyAction/69,Text,,天雷咒,Heavenly Lightning,天雷呪
EnemyAction/7,Text,,投石,Throw Stones,投石
EnemyAction/70,Text,,雷符-晃神,Lightning Sigil - Confusion,雷霆符-神晃り
EnemyAction/71,Text,,破雷指,Lightning Breaker Finger,破雷指
EnemyAction/72,Text,,惑心咒,Enchanting Spell,惑心呪
EnemyAction/73,Text,,抡语,The Analects of Muscle,言葉回し
EnemyAction/74,Text,,文法-超度,Literature - Expiate,文法-超度
EnemyAction/75,Text,,岁月流沙,Sands of Time,歳月流沙
EnemyAction/76,Text,,遗忘,Forgot,忘却
EnemyAction/77,Text,,碎灵击,Soul-Shattering Strike,砕霊撃
EnemyAction/78,Text,,风,Wind,風
EnemyAction/79,Text,,灵弓连,Spiritual Bow Volley,雷矢連
EnemyAction/8,Text,,山崩,Landslide,山崩れ
EnemyAction/80,Text,,灵御,Mana Ward,霊御（れいご）
EnemyAction/81,Text,,纯阳刺,Pure-Yang Stab,純陽刺
EnemyAction/82,Text,,盾击,Shield Bash,盾撃
EnemyAction/83,Text,,恶犬撕咬,Feral Bite,悪犬噛み付き
EnemyAction/84,Text,,犬吠,Dog Bark,犬吠え
EnemyAction/85,Text,,强冲,Forceful Charge,強突
EnemyAction/86,Text,,沸血丸,Boiling Blood Pill,沸血丸
EnemyAction/87,Text,,吸魄,Soul Siphon,吸魄
EnemyAction/88,Text,,壮阳符,Tonifying Sigil,壮陽符
EnemyAction/89,Text,,榨髓,Marrow Extraction,髄搾り
EnemyAction/9,Text,,吃树,Devour Tree,木食い
EnemyAction/90,Text,,飞刀,Flying Dagger,短剣投げ
EnemyAction/91,Text,,就是它打我！,That's the one who hit me!,こいつが殴った！
EnemyAction/92,Text,,合欢散,Carnal Bliss Potion,合歓散
EnemyAction/93,Text,,欲阳符,Seducing Sigil,欲陽符
EnemyAction/94,Text,,纳灵吸魂,Soul Ingestion,納霊吸魂
EnemyAction/95,Text,,噬欲榨髓,Spirit Devourer,噬欲（ぜいよく）髄搾り
EnemyAction/96,Text,,霸刀斩,Overlord Slash,覇刀斬
EnemyAction/97,Text,,气爆掌,Explosion Palm,気爆掌
EnemyAction/98,Text,,闷棍,Cudgel Blow,鈍棍
EnemyAction/99,Text,,滚去干活,Get to Work,サボるな
Font_JXZK,Text,,JXZK2,JXZK2,NotoSansJP-VariableFont_wght SDF
Font_MSZ,TextMeshPFont,,MaShanZheng-Regular_Glow,SourceHanSansCN-Normal SDF_Normal,NotoSansJP-VariableFont_wght SDF
HIE_ExInfo/,Text,,战斗开始时，所有杂兵最大生命值提高150,,
HIE_ExInfo/1,Text,,ExInfo&尸姬大人的常服，总是随意的穿着。,"ExInfo&The Lady Zombie's casual attire, which is always worn in a casual way.",ExInfo&屍姫さまの普段着は、いつも気ままに着ている。
HIE_ExInfo/10001,Text,,所有己方单位以【虚弱】状态开始战斗,All allied units start the battle with [Asthenia],すべての味方ユニットは「衰弱」状態で戦闘を始める。
HIE_ExInfo/10004,Text,,所有己方单位战斗开始时获得5层【疫毒】,All allied units start the battle with 5 stacks of [Plague Toxin],すべての味方ユニットは戦闘開始時に「疫毒」を5スタック得る。
HIE_ExInfo/10006,Text,,回合开始时，所有己方单位移除5%当前生命值（无视护盾，无法致死）,"At the start of the turn, all allied units lose 5% Current HP (ignores Shield and non-lethal)",ターン開始時、すべての味方ユニットが現在体力の5%を失う（シールド無効、撃破不能）。
HIE_ExInfo/10007,Text,,回合开始时，所有敌方单位获得15%最大生命值的护盾(至多500点),"At the start of the turn, all enemy units gain Shield equal to 15% Max HP (up to 500)",ターン開始時、すべての敵ユニットが体力上限15%分のシールドを得る（最大500まで）。
HIE_ExInfo/10008,Text,,,,
HIE_ExInfo/10009,Text,,战斗开始时，所有敌人获得5层【防御】,"At the start of battle, all enemies gain 5 stacks of [Defense]",戦闘開始時、すべての敵が「防御」を5スタック得る。
HIE_ExInfo/1001,Text,,,,
HIE_ExInfo/10010,Text,,所有己方单位卡牌强度-10,All allied units -10 Card Power,すべての味方ユニットのカード強度-10。
HIE_ExInfo/10011,Text,,所有敌人获得25%吸血,All enemies gain 25% Lifesteal,すべての敵が25%吸血を得る。
HIE_ExInfo/10012,Text,,战斗开始时，所有敌人攻击力提高10%,"At the start of battle, all enemies +10% Attack",戦闘開始時、すべての敵の攻撃力が10%増加する。
HIE_ExInfo/10014,Text,,战斗开始时，失去25碎神玉,"At the start of battle, lose 25 Deity Shards",戦闘開始時、25砕神玉を失う。
HIE_ExInfo/10015,Text,,战斗开始时，所有敌人杂兵最大生命值提高25%,"At the start of battle, all enemy mobs +25% Max HP",戦闘開始時、すべての敵雑兵の体力上限が25%増加する。
HIE_ExInfo/10016,Text,,战斗开始时，所有敌方最大生命值提高200点,"At the start of battle, all enemy units +200 Max HP",戦闘開始時、すべての敵の体力上限が200増加する。
HIE_ExInfo/10017,Text,,所有卡牌费用翻倍,Double the Cost of all cards,すべてのカードコストが倍増する。
HIE_ExInfo/10019,Text,,战斗开始时，所有杂兵获得3层【防御】,"At the start of battle, all mobs gain 3 stacks of [Defense]",戦闘開始時、すべての雑兵が「防御」を3スタック得る。
HIE_ExInfo/1002,Text,,,,
HIE_ExInfo/1003,Text,,,,
HIE_ExInfo/1004,Text,,,,
HIE_ExInfo/1005,Text,,,,
HIE_ExInfo/1006,Text,,Tip_1&Item_312,Tip_1&Item_312,Tip_1&Item_312
HIE_ExInfo/1007,Text,,Tip_1&Item_2,,
HIE_ExInfo/11,Text,,ExInfo&尸姬大人的正装，上绘鱼跃龙门，百鸟朝凤……,"ExInfo&The Lady Zombie's formal attire, adorned with carps leaping through the dragon gate and a hundred birds paying homage to the phoenix...",ExInfo&屍姫さまの正装には、魚が龍門を昇る図や、百鳥が鳳に朝する図が描かれている…
HIE_ExInfo/12,Text,,ExInfo&神明已死，龙门不开，那些跃上龙门的鲤鱼精只能抱着半妖的身体慢慢在岸上溺死,"ExInfo&The gods are dead, the dragon gate is shut. Those carps that leapt over can only cling to their half-fiend bodies, slowly drowning on the shore",ExInfo&神はすでに死し、龍門は開かず、あの龍門を跳び越えた鯉の精たちは、半妖の体を抱えながら岸でゆっくりと溺れ死ぬしかない。
HIE_ExInfo/1201,Text,,,,
HIE_ExInfo/1202,Text,,Tip_1&Item_304,Tip_1&Item_304,Tip_1&Item_304
HIE_ExInfo/1204,Text,,Tip_1&Item_302;Tip_2&Item_301,Tip_1&Item_302;Tip_2&Item_301,Tip_1&Item_302;Tip_2&Item_301
HIE_ExInfo/1205,Text,,Tip_1&Item_6,Tip_1&Item_6,Tip_1&Item_6
HIE_ExInfo/13,Text,,ExInfo&尸姬大人不会再期待凡人，也不会再接受任何“凡人的礼物”,"ExInfo&The Lady Zombie no longer holds expections for mortals, nor will she accept any 'gifts from mortals'",ExInfo&屍姫さまはもはや凡人を期待せず、いかなる「凡人の贈り物」も受け取らない。
HIE_ExInfo/1301,Text,,,,
HIE_ExInfo/1302,Text,,,,
HIE_ExInfo/1303,Text,,,,
HIE_ExInfo/1304,Text,,,,
HIE_ExInfo/1305,Text,,Tip_1&Item_313,Tip_1&Item_313,Tip_1&Item_313
HIE_ExInfo/1306,Text,,Tip_1&Item_306,Tip_1&Item_306,Tip_1&Item_306
HIE_ExInfo/1307,Text,,,,
HIE_ExInfo/14,Text,,ExInfo&亡者的鬼火，才最能代表这世上的复苏……,ExInfo&It is the ghostly fires of the dead that truly represent this world's revival...,ExInfo&亡者の鬼火こそ、この世の復活を最も象徴している…
HIE_ExInfo/1402,Text,,,,
HIE_ExInfo/1403,Text,,,,
HIE_ExInfo/1404,Text,,,,
HIE_ExInfo/1501,Text,,,,
HIE_ExInfo/1601,Text,,,,
HIE_ExInfo/1602,Text,,,,
HIE_ExInfo/1603,Text,,Tip_1&Item_6,Tip_1&Item_6,Tip_1&Item_6
HIE_ExInfo/1604,Text,,,,
HIE_ExInfo/1605,Text,,Tip_1&Item_12,Tip_1&Item_12,Tip_1&Item_12
HIE_ExInfo/1701,Text,,,,
HIE_ExInfo/1702,Text,,Tip_1&Item_302,Tip_1&Item_302,Tip_1&Item_302
HIE_ExInfo/1801,Text,,,,
HIE_ExInfo/1802,Text,,,,
HIE_ExInfo/1901,Text,,,,
HIE_ExInfo/1902,Text,,,,
HIE_ExInfo/1903,Text,,,,
HIE_ExInfo/1904,Text,,,,
HIE_ExInfo/1905,Text,,,,
HIE_ExInfo/1906,Text,,,,
HIE_ExInfo/1907,Text,,,,
HIE_ExInfo/1908,Text,,,,
HIE_ExInfo/2,Text,,ExInfo&蛇与针，医术与复苏，僵尸，又何尝不是其中一种呢？,"ExInfo&Serpents and needles, medicine and revival—aren't zombies a part of it?",ExInfo&蛇と針、医術と復活、僵屍もまた、その一種にすぎないではないか。
HIE_ExInfo/20001,Text,,击败后永久解锁一名随从，并获得boss奖励，该恶趣味仅出现一次,"After defeating it, you permanently unlock a minion and gain a Boss reward. This Sick Humor appears only once",撃破後にミニオン1名を永続的にアンロックし、ボス報酬を獲得する。この悪趣味は1度だけ出現する。
HIE_ExInfo/20002,Text,,击败后永久解锁一名随从，并获得boss奖励，该恶趣味仅出现一次,"After defeating it, you permanently unlock a minion and gain a Boss reward. This Sick Humor appears only once",撃破後にミニオン1名を永続的にアンロックし、ボス報酬を獲得する。この悪趣味は1度だけ出現する。
HIE_ExInfo/20003,Text,,战斗胜利后额外获得30碎神玉,"After victory, you get an extra 30 Deity Shards",戦闘勝利後、追加で30砕神玉を獲得する。
HIE_ExInfo/20004,Text,,战斗胜利后，额外获得45碎神玉,"After victory, you get an extra 45 Deity Shards",戦闘勝利後、追加で45砕神玉を獲得する。
HIE_ExInfo/20005,Text,,战斗胜利后额外获得30碎神玉,"After victory, you get an extra 30 Deity Shards",戦闘勝利後、追加で30砕神玉を獲得する。
HIE_ExInfo/20006,Text,,战斗胜利后额外获得35碎神玉,"After victory, you get an extra 35 Deity Shards",戦闘勝利後、追加で35砕神玉を獲得する。
HIE_ExInfo/20007,Text,,战斗胜利后尸姬大人额外升一级,"After victory, the Lady Zombie gets an extra level-up",戦闘勝利後、屍姫は追加で1レベルアップする。
HIE_ExInfo/20008,Text,,战斗胜利后额外选择一次boss奖励,"After victory, you get 1 extra Boss reward",戦闘勝利後、追加でボス報酬を1回獲得する。
HIE_ExInfo/20009,Text,,战斗胜利后额外选择一次boss奖励,"After victory, you get 1 extra Boss reward",戦闘勝利後、追加でボス報酬を1回獲得する。
HIE_ExInfo/20010,Text,,战斗胜利后额外获得45碎神玉,"After victory, you get an extra 45 Deity Shards",戦闘勝利後、追加で45砕神玉を獲得する。
HIE_ExInfo/20011,Text,,战斗胜利后额外获得45碎神玉,"After victory, you get an extra 45 Deity Shards",戦闘勝利後、追加で45砕神玉を獲得する。
HIE_ExInfo/20012,Text,,战斗胜利后额外获得35碎神玉,"After victory, you get an extra 35 Deity Shards",戦闘勝利後、追加で35砕神玉を獲得する。
HIE_ExInfo/20013,Text,,击败后永久解锁一名随从，并获得boss奖励，该恶趣味仅出现一次,"After defeating it, you permanently unlock a minion and gain a Boss reward. This Sick Humor appears only once",撃破後にミニオン1名を永続的にアンロックし、ボス報酬を獲得する。この悪趣味は1度だけ出現する。
HIE_ExInfo/20014,Text,,击败后永久解锁一名随从，并获得boss奖励，该恶趣味仅出现一次,"After defeating it, you permanently unlock a minion and gain a Boss reward. This Sick Humor appears only once",撃破後にミニオン1名を永続的にアンロックし、ボス報酬を獲得する。この悪趣味は1度だけ出現する。
HIE_ExInfo/20015,Text,,最终关卡，无奖励，纯粹的恶趣味～(^з^)-,Pure whimsy for the final stage. Offers no reward ～(^з^)-,最終ステージ、報酬なし、ただの悪趣味~(^з^)-
HIE_ExInfo/20016,Text,,击败后永久解锁一名随从，并获得boss奖励，该恶趣味仅出现一次,"After defeating it, you permanently unlock a minion and gain a Boss reward. This Sick Humor appears only once",撃破後にミニオン1名を永続的にアンロックし、ボス報酬を獲得する。この悪趣味は1度だけ出現する。
HIE_ExInfo/20017,Text,,击败后永久解锁一名随从，并获得boss奖励，该恶趣味仅出现一次,"After defeating it, you permanently unlock a minion and gain a Boss reward. This Sick Humor appears only once",撃破後にミニオン1名を永続的にアンロックし、ボス報酬を獲得する。この悪趣味は1度だけ出現する。
HIE_ExInfo/20018,Text,,击败后永久解锁一名随从，并获得boss奖励，该恶趣味仅出现一次,"After defeating it, you permanently unlock a minion and gain a Boss reward. This Sick Humor appears only once",撃破後にミニオン1名を永続的にアンロックし、ボス報酬を獲得する。この悪趣味は1度だけ出現する。
HIE_ExInfo/20019,Text,,击败后永久解锁一名随从，并获得boss奖励，该恶趣味仅出现一次,"After defeating it, you permanently unlock a minion and gain a Boss reward. This Sick Humor appears only once",撃破後にミニオン1名を永続的にアンロックし、ボス報酬を獲得する。この悪趣味は1度だけ出現する。
HIE_ExInfo/20020,Text,,击败后永久解锁一名随从，并获得boss奖励，该恶趣味仅出现一次,"After defeating it, you permanently unlock a minion and gain a Boss reward. This Sick Humor appears only once",撃破後にミニオン1名を永続的にアンロックし、ボス報酬を獲得する。この悪趣味は1度だけ出現する。
HIE_ExInfo/20021,Text,,击败后永久解锁一名随从，并获得boss奖励，该恶趣味仅出现一次,"After defeating it, you permanently unlock a minion and gain a Boss reward. This Sick Humor appears only once",撃破後にミニオン1名を永続的にアンロックし、ボス報酬を獲得する。この悪趣味は1度だけ出現する。
HIE_ExInfo/20022,Text,,击败后永久解锁一名随从，并获得boss奖励，该恶趣味仅出现一次,"After defeating it, you permanently unlock a minion and gain a Boss reward. This Sick Humor appears only once",撃破後にミニオン1名を永続的にアンロックし、ボス報酬を獲得する。この悪趣味は1度だけ出現する。
HIE_ExInfo/20023,Text,,击败后永久解锁一名随从，并获得boss奖励，该恶趣味仅出现一次,"After defeating it, you permanently unlock a minion and gain a Boss reward. This Sick Humor appears only once",撃破後にミニオン1名を永続的にアンロックし、ボス報酬を獲得する。この悪趣味は1度だけ出現する。
HIE_ExInfo/21,Text,,ExInfo&春天到了，又到了复苏与生机的季节……,"ExInfo&Spring has come, a season of revival and vitality...",ExInfo&春が来た、また復活と生気の季節がやってきた…
HIE_ExInfo/22,Text,,ExInfo&衰败与死亡不属于万妖山，同样，也不属于尸姬大人……,"ExInfo&Decay and death belong not to the Mount Monsters, nor do they belong to the Lady Zombie...",ExInfo&衰退と死は万妖山には属さず、同様に屍姫さまにも属さない…
HIE_ExInfo/23,Text,,ExInfo&春回大地，步步生莲,"ExInfo&As spring returns to the earth, each step of hers blooms with lotus flowers",ExInfo&春が大地に戻り、一歩ごとに蓮が生じる。
HIE_ExInfo/24,Text,,ExInfo&最终，尸姬大人再次坐上了王座……可惜这次没有凡人和妖怪为她庆贺了……,"ExInfo&In the end, the Lady Zombie ascends the throne once more... Alas, this time, no mortals or fiends are left to celebrate her triumph...",ExInfo&最終的に、屍姫さまは再び王座に座った…惜しいことに、今回は凡人にも妖怪にも彼女を祝う者はいなかった…
HIE_ExInfo/3,Text,,ExInfo&曾经蕴含着神明的伟力，而现在，只是一张普通的黄纸罢了……,"ExInfo&Once imbued with divine power, it's now just an ordinary yellow paper...",ExInfo&かつて神の偉大な力を宿していたが、今はただの普通の黄色い紙にすぎない…
HIE_ExInfo/30001,Text,,ExInfo&该效果重复购买可叠加,ExInfo&Stackable on repeated purchases,この効果は重複する。
HIE_ExInfo/30002,Text,,ExInfo&该效果重复购买可叠加,ExInfo&Stackable on repeated purchases,この効果は重複する。
HIE_ExInfo/30003,Text,,ExInfo&该效果重复购买可叠加（包括上限）,ExInfo&Stackable on repeated purchases (including the upper limit),この効果は重複する（上限を含む）。
HIE_ExInfo/30007,Text,,ExInfo&百分比效果不仅提高当前值，对于之后获得的buff和装备同样生效,"ExInfo&Percentage-based effects boost not only the current value, but also apply to subsequent buffs and equipment obtained",ExInfo&パーセンテージ効果は現在の値を上げるだけでなく、その後に得られるバフや装備にも同様に効果がある。
HIE_ExInfo/30009,Text,,ExInfo&基础属性仅包括攻击力，卡牌强度，最大生命值，防御，选择随从后会自动脱下装备，单次最多1000点,"ExInfo&Base stats include Attack, Card Power, Max HP, and Defense. When a minion is selected, all equipped items are automatically taken off. A maximum of 1000 points can be increased per time",ExInfo&基本属性は攻撃力、カード強度、体力上限、防御のみ。ミニオン選択後に自動的に装備を外す、1回で最大1000まで。
HIE_ExInfo/30010,Text,,ExInfo&可吞噬属性包括攻击力，卡牌强度，最大生命值，防御，额外伤害加成，异常抗性,"ExInfo&Stats to be devoured include Attack, Card Power, Max HP, Defense, Extra Damage Bonus, and Debuff Resistance",ExInfo&呑み込める属性は攻撃力、カード強度、体力上限、防御、追加のダメージボーナス、デバフ耐性。
HIE_ExInfo/30011,Text,,ExInfo&已经被点化过的装备无法再次被点化,ExInfo&Equipment already transmuted cannot be transmuted again,ExInfo&すでに点化された装備は、再び点化することはできない。
HIE_ExInfo/30012,Text,,ExInfo&,ExInfo&,ExInfo&
HIE_ExInfo/30014,Text,,ExInfo&该效果重复购买可叠加,ExInfo&Stackable on repeated purchases,この効果は重複する。
HIE_ExInfo/30015,Text,,ExInfo&百分比效果不仅提高当前值，对于之后获得的buff和装备同样生效,"ExInfo&Percentage-based effects boost not only the current value, but also apply to subsequent buffs and equipment obtained",ExInfo&パーセンテージ効果は現在の値を上げるだけでなく、その後に得られるバフや装備にも同様に効果がある。
HIE_ExInfo/30018,Text,,ExInfo&该效果重复购买可叠加,ExInfo&Stackable on repeated purchases,この効果は重複する。
HIE_ExInfo/31,Text,,ExInfo&溯江海逆流而上，跃龙门点金化龙。所谓金龙……不过是尸姬大人衣服料子罢了……,"ExInfo&Rising against the surging tides, they leap over the dragon gate to turn into dragons. Alas, the so-called golden dragons... are just fabric of her robes...",ExInfo&江海を遡り、激流に逆らいて龍門を越え、金鱗をまといて龍となる。いわゆる金龍…ただ屍姫さまの衣服の布地にすぎない…
HIE_ExInfo/32,Text,,ExInfo&原本九天天上鹊，何须人界借梧桐？,ExInfo&Once a bird of the Nine Heavens; why do you deign to perch upon a mortal bough?,ExInfo&もとより天高く住まう瑞鳥、人の世の枝を借りるまでもない。
HIE_ExInfo/33,Text,,ExInfo&在尸姬大人脚下永远不缺摇尾乞怜的凡人……而他们的结果，也早已注定……,"ExInfo&At the Lady Zombie's feet, there is never a shortage of mortals begging for mercy... and their fate has long been sealed...",ExInfo&屍姫さまの足元には、尾を振って哀れみを乞う凡人が絶えることはない…そして彼らの結末も、すでに定められている…
HIE_ExInfo/34,Text,,ExInfo&修了半辈子道法的凡人，可曾想过，这天地的灵力都是有主人的？,"ExInfo&Would mortals, who spent half a lifetime practicing Taoist arts, have ever thought that the Mana of this world is already owned by another master?",ExInfo&半生を道法に費やした凡人よ、この天地の霊力にはすべて主人がいることを考えたことがあったか？
HIE_ExInfo/4,Text,,ExInfo&不屈的树，充满生机的藤……以及这扭曲的，复苏之春……,"ExInfo&The unyielding tree, the vibrant vines... and this distorted spring of revival...",ExInfo&不屈の樹、生気に満ちた蔓…そしてこの歪んだ、復活の春…
HIE_ExInfo/41,Text,,ExInfo&清风为绢，惊雷为引，半尺春雨织帘。,"ExInfo&Woven from breezes, threaded with thunderclaps, and hemmed with spring rain.",ExInfo&清風を絹とし、雷鳴を導きとし、細き春雨が簾を織る。
HIE_ExInfo/42,Text,,ExInfo&无尽的东风和永恒绽放的春之花……,ExInfo&The ceaseless east wind and the ever blooming spring flowers...,ExInfo&果てしない東風と、永遠に咲き誇る春の花…
HIE_ExInfo/43,Text,,ExInfo&花鹊依旧，可惜尸姬大人再也不会对它们有什么偏爱了……,"ExInfo&The flowers and magpies remain the same, yet the Lady Zombie has no favor for them anymore...",ExInfo&花鵲は相変わらずだが、残念ながら屍姫さまはもはや彼らに何の寵愛も注ぐことはない…
HIE_ExInfo/44,Text,,ExInfo&无思虑，不染尘，万古春在，青叶长开,"ExInfo&No thoughts, no stains. The eternal spring abides evergreen leaves",ExInfo&思い悩まず、塵に染まらず、万古の春はあり、青葉は長く咲く。
HIE_ExInfo/51,Text,,ExInfo&这不死的僵尸啊，不正是对复苏与生机最好的诠释吗？……愿每一具僵尸都能迎来自己的春天……,ExInfo&The undying zombies—are they not the finest manifest of revival and vitality? ... May every zombie greet their own spring...,ExInfo&この不死の僵屍こそ、復活と生気を最もよく表してはいないか…すべての僵屍が、自らの春を迎えられますように…
HIE_ExInfo/52,Text,,ExInfo&东风尽，旧梦残，这个世界需要重新认识一下……尸姬大人。,"ExInfo&The east wind fades as the old dreams crumble, this world needs to get to know the Lady Zombie... again.",ExInfo&東風は尽き、古き夢は残る。この世界は改めて見つめ直す必要がある…屍姫さま。
HIE_ExInfo/53,Text,,ExInfo&所谓神明……不过是更强大凡人罢了……,ExInfo&The so-called deities... are merely more powerful mortals...,ExInfo&いわゆる神とは…より強大な凡人にすぎない…
HIE_ExInfo/54,Text,,ExInfo&神明不是永恒的，她也会迷惘，同样，她也会改变……,"ExInfo&Deities are not eternal. She too can be lost, likewise, and she too can change...",ExInfo&神は永遠ではなく、彼女も迷い、同様に、変わることもある…
HIE_Info/,Text,,第一回合击杀的杂兵额外获得<#StoneCount#>点碎神玉,"After every 3 battles, gain 1 additional <sprite name=""Icon_12""><color=#FF33CC>Corpse Shard</color>.
<size=18><color=#ff487c>Current number of purchases:<#NowCount#></color></size>",
HIE_Info/1,Text,,己方单位普攻后，回复一点灵力,Gain 1 Mana after an allied unit performs a Basic Attack,味方ユニットが通常攻撃したあと、霊力を1回復する。
HIE_Info/10001,Text,,战斗开始时，每名己方单位为尸姬大人献上<#StoneCount#>点碎神玉,"At the start of battle, for each allied unit there is, offer <#StoneCount#> Deity Shards to the Lady Zombie",戦闘開始時、味方ユニット1名につき、屍姫に<#StoneCount#>砕神玉を与える。
HIE_Info/10004,Text,,带有【疫毒】的敌人受到伤害后移除【疫毒层数】*<$Demage$>点生命值（该效果无视加成）,"For enemies bearing [Plague Toxin]: On taking damage, remove [Plague Toxin Stacks * <$Demage$>] HP (this effect ignores multipliers)",「疫毒」を付与されている敵がダメージを受けたあと、「疫毒スタック」*<$Demage$>の体力を失う（この効果はボーナスを無視する）。
HIE_Info/10006,Text,,丢弃卡牌时回复1点灵力,Restore 1 Mana on discarding a card,カードを捨てるときに「霊力」を1回復する。
HIE_Info/10007,Text,,回合开始时，每名己方单位为尸姬大人提供1点灵力,"At the start of battle, for each allied unit there is, offer 1 Mana to the Lady Zombie",ターン開始時、味方ユニット1名につき、屍姫に霊力を1与える。
HIE_Info/10008,Text,,之后战斗中，每一列敌人随机增加一名杂兵,"For subsequent battles, randomly add 1 mob to each enemy column",これからの戦闘で、敵の各列にランダムに雑兵を1名追加する。
HIE_Info/10009,Text,,每2轮战斗结束后，可以多选择一次boss奖励,"After every 2 battles, you can choose 1 extra Boss reward",戦闘終了2回につき、ボス報酬を追加で1回選択できる。
HIE_Info/1001,Text,,每回合结束，所有己方攻击力+<#AddAtk#>,"At the end of each turn, all allies +<#AddAtk#> Attack",各ターン終了後、すべての味方攻撃力+<#AddAtk#>。
HIE_Info/10010,Text,,所有己方单位攻击力+<#AddAtk#>，最大生命值+<#AddHp#>,All allied units +<#AddAtk#> Attack and +<#AddHp#> Max HP,すべての味方ユニット攻撃力+<#AddAtk#>、体力上限+<#AddHp#>。
HIE_Info/10011,Text,,碎神玉获得量提高50%,+50% Deity Shard gain,砕神玉獲得量が50%増加する。
HIE_Info/10012,Text,,每回合额外抽一张牌，该卡牌具有【遗忘】标签,"Draw 1 extra card each turn, which comes with the [Forgotten] tag",各ターンで追加でカードを1枚ドローする、このカードはワード「忘却」付き。
HIE_Info/10014,Text,,战斗胜利后，额外获得一次奖励,"After victory, you get 1 extra reward",戦闘勝利後、追加で報酬を1回獲得する。
HIE_Info/10015,Text,,所有己方单位卡牌强度+<#AddMagic#>，最大生命值+<#AddHp#>,All allied units +<#AddMagic#> Card Power and +<#AddHp#> Max HP,すべての味方ユニットのカード強度+<#AddMagic#>、体力上限+<#AddHp#>。
HIE_Info/10016,Text,,击杀敌方杂兵额外获得<#StoneCount#>点碎神玉,Killing an enemy mob grants you <#StoneCount#> extra Deity Shards,敵の雑兵を撃破すると追加で<#StoneCount#>砕神玉を獲得する。
HIE_Info/10017,Text,,每经过1回合，本场战斗后续抽到的卡牌费用永久降低1点,"After this battle, all the subsequent cards drawn -1 Cost permanently with each passed turn",1ターン経過するごとに、この戦闘でドローするカードのコストが永続的に1低下する。
HIE_Info/10019,Text,,每名击杀的杂兵额外为尸姬大人提供<#EXP#>点经验,Each mob defeated grants the Lady Zombie an extra <#EXP#> Exp,雑兵撃破で屍姫に追加で<#EXP#>経験値を与える。
HIE_Info/1002,Text,,己方单位暴击后额外回复一点灵力,Gain 1 extra Mana after any allied unit CRITs,味方ユニットが会心後に追加で霊力を1回復する。
HIE_Info/1003,Text,,所有己方单位攻击力+<$AddAtk$>%,All allied units +<$AddAtk$>% Attack,すべての味方ユニットの攻撃力+<$AddAtk$>%。
HIE_Info/1004,Text,,所有卡牌均视为带有【火】标签,All cards are considered to have the [Fire] tag,すべてのカードをワード「火」付きだとみなす。
HIE_Info/1005,Text,,任意暴击后，所有己方攻击力+<#AddAtk#>,"On any critical hit, +<#AddAtk#> Attack for all allies",会心後、すべての味方攻撃力+<#AddAtk#>。
HIE_Info/1006,Text,,己方单位普攻后，追加<#BuffCount#>层【破甲】,"After an allied unit performs a Basic Attack, add <#BuffCount#> stacks of [Sunder Armor]",味方ユニットが通常攻撃したあと、追加で「破れ」を<#BuffCount#>付与する。
HIE_Info/1007,Text,,回合开始时，随机标记一名敌人，带有【标记】的敌人死亡后，再随机【标记】一名敌人,"At the start of your turn, [Mark] 1 random enemy. When the [Marked] enemy dies, mark another one at random",ターン開始時、ランダムな敵1名にマークを付与する。「マーク」されている敵が撃破されたあと、ランダムに敵1名を「マーク」する。
HIE_Info/11,Text,,"每回合开始时，回满灵力
使用卡牌后，随机1张手牌费用-1","At the start of each turn, fully recover Mana
After using a card, -1 Cost for a random hand card","各ターン開始時、霊力を全回復する。
カード使用後、ランダムな手札1枚のコスト-1。"
HIE_Info/12,Text,,可以支付全体10%生命值，重新随机恶趣味,Pay 10% of all allies' HP to randomize the Sick Humor,全体の10%体力を消費して、悪趣味をランダムに更新する。
HIE_Info/1201,Text,,所有己方单位卡牌强度+<#AddMagic#>,All allied units' Card Power +<#AddMagic#>,すべての味方ユニットのカード強度+<#AddMagic#>。
HIE_Info/1202,Text,,己方单位使用卡牌后，【灵压】+<#BuffCount#>,"After using a card, +<#BuffCount#> [Spiritual Pressure] for the allied unit",味方ユニットがカード使用後、「霊圧」+<#BuffCount#>。
HIE_Info/1204,Text,,回合开始时，所有己方单位【防御】+<#BuffCount#>【雷反】+<#BuffCount#>,"At the start of the turn, +<#BuffCount#> [Defense] and +<#BuffCount#> [Lightning Counter] for all allied units",ターン開始時、すべての味方ユニットが「防御」+<#BuffCount#>、「雷返し」+<#BuffCount#>。
HIE_Info/1205,Text,,使用卡牌后，随机敌人施加<#BuffCount#>层【疫毒】,"After using a card, inflict <#BuffCount#> stacks of [Plague Toxin] on a random enemy",カード使用後、ランダムな敵に「疫毒」を<#BuffCount#>付与する。
HIE_Info/13,Text,,任意敌人死亡后，抽2张牌，每回合开始时，若手牌小于2张，将手牌补充至2张。,"Draw 2 cards when any enemy dies. At the start of each turn, if hand cards are less than 2, draw until you have 2.",任意の敵が撃破されたあと、カードを2枚ドローする。各ターン開始時、手札が2枚未満の場合、2枚までドローする。
HIE_Info/1301,Text,,使用卡牌后，所有敌方单位减少<$CostHp$>%当前生命值,"After using a card, all enemy units lose <$CostHp$>% Current HP",カード使用後、すべての敵ユニットは現在体力の<$CostHp$>%を失う。
HIE_Info/1302,Text,,每回合回复<#AddCount#>点灵力，灵力上限+2（灵力上限至多为8）,Restore <#AddCount#> Mana each turn and +2 Max. Mana (Max. Mana is capped at 8),各ターンで霊力を<#AddCount#>回復する、霊力上限+2（霊力上限は最大8まで）。
HIE_Info/1303,Text,,所有己方单位最大生命值+<$AddMaxHp$>%,All allied units +<$AddMaxHp$>% Max HP,すべての味方ユニットの体力上限+<$AddMaxHp$>%。
HIE_Info/1304,Text,,使用卡牌后，所有己方单位回复<#AddHp#>点生命值,"After using a card, all allied units restore <#AddHp#> HP",カード使用後、すべての味方ユニットの体力を<#AddHp#>回復する。
HIE_Info/1305,Text,,使用卡牌后，为所有敌人施加<#BuffCount#>层【法穿】,"After using a card, inflict <#BuffCount#> [Magic Penetration] on all enemies",カード使用後、すべての敵に「法術貫通」を<#BuffCount#>付与する。
HIE_Info/1306,Text,,对己方单位使用卡牌后，获得<#BuffCount#>层【龙威】,"After using a card on an allied unit, grant <#BuffCount#> [Dragon's Presence]",味方ユニットにカード使用後、「龍威」を<#BuffCount#>得る。
HIE_Info/1307,Text,,抽到【水】卡牌后，所有己方单位获得<$AddShield$>护盾,"On drawing a [Water] card, all allied units gain <$AddShield$> Shield",「水」カードをドローしたあと、すべての味方ユニットが<$AddShield$>シールドを得る。
HIE_Info/14,Text,,碎神玉获得量提高25%，初始随从可以多选择一名,’+25% Deity Shard gain. +1 extra minion to begin with,砕神玉の獲得量が25%増加し、初期ミニオンを１名多く選択できる。
HIE_Info/1402,Text,,使用卡牌时，所有己方单位获得费用*<$AddShield$>的护盾,"When using a card, all allied units gain [Cost * <$AddShield$>] Shield",カード使用時、すべての味方ユニットがコスト*<$AddShield$>のシールドを得る。
HIE_Info/1403,Text,,所有己方单位真实伤害提高<$AddReal$>%，最大生命值提高<#AddHp#>,"All allied units: True Damage +<$AddReal$>%, Max HP +<#AddHp#>",すべての味方ユニットが与える真実ダメージが<$AddReal$>%増加し、体力上限が<#AddHp#>増加する。
HIE_Info/1404,Text,,每回合结束时将随机一张手牌费用置为0,"At the end of your turn, set the Cost of a random hand card to 0",各ターン終了時にランダムな手札のコストを０に変える。
HIE_Info/1501,Text,,【风】卡牌造成伤害翻倍,[Wind] cards deal 2x Damage,「風」カードが与えるダメージが倍増する。
HIE_Info/1601,Text,,回合结束时，所有己方单位回复<$Heal$>%最大生命值,"At the end of the turn, all allied units restore <$Heal$>% Max HP",ターン終了時、すべての味方ユニットの体力を体力上限の<$Heal$>%分回復する。
HIE_Info/1602,Text,,回合开始时，所有己方单位护盾+<#AddShield#>,"At the start of the turn, all allied units +<#AddShield#> Shield",ターン開始時、すべての味方ユニットのシールド+<#AddShield#>。
HIE_Info/1603,Text,,敌人每拥有1%生命值，【疫毒】效果对其提高<$CostUp$>%,"For every 1% of HP the enemy has, the effect of [Plague Toxin] against them +<$CostUp$>%",敵の体力1%につき、「疫毒」の効果が<$CostUp$>%増加する。
HIE_Info/1604,Text,,所有己方单位最大生命值+<#AddMaxHp#>，异常状态抗性+<#DebuffBlock#>,All allied units +<#AddMaxHp#> Max HP and +<#DebuffBlock#> Debuff Resistance,すべての味方ユニットの体力上限+<#AddMaxHp#>、デバフ耐性+<#DebuffBlock#>。
HIE_Info/1605,Text,,回合开始时，随机【眩晕】一名敌人,"At the start of the turn, [Stun] 1 random enemy",ターン開始時、ランダムな敵1名に「スタン」を付与する。
HIE_Info/1701,Text,,被击后，攻击力+<#BuffCount#>,Attack +<#BuffCount#> on being hit,攻撃されたあと、攻撃力+<#BuffCount#>。
HIE_Info/1702,Text,,弃牌后，所有己方单位【防御】+<#BuffCount#>,"After discarding a card, all allied units +<#BuffCount#> [Defense]",カードを捨てたあと、すべての味方ユニットの「防御」+<#BuffCount#>。
HIE_Info/1801,Text,,所有己方单位防御提升<$AddDef$>%,All allied units +<$AddDef$>% Defense,すべての味方ユニットの防御が<$AddDef$>%増加する。
HIE_Info/1802,Text,,敌人死亡后，所有己方单位护盾+<#AddShield#>,"When an enemy dies, all allied units +<#AddShield#> Shield",敵が撃破されたあと、すべての味方ユニットのシールド+<#AddShield#>。
HIE_Info/1901,Text,,卡牌伤害提高<$DemageUp$>%,Card Damage +<$DemageUp$>%,カードダメージが<$DemageUp$>%増加する。
HIE_Info/1902,Text,,普通伤害提高<$DemageUp$>%,Normal Damage +<$DemageUp$>%,通常ダメージが<$DemageUp$>%増加する。
HIE_Info/1903,Text,,造成卡牌伤害有<$Crite$>%概率造成<$CriteValue$>倍暴击,Card Damage has a <$Crite$>% chance to deal <$CriteValue$>x Critical Damage,カードダメージを与えるとき、<$Crite$>%の確率で<$CriteValue$>倍の会心になる。
HIE_Info/1904,Text,,造成普通伤害有<$Crite$>%概率造成<$CriteValue$>倍暴击,Normal Damage has a <$Crite$>% chance to deal <$CriteValue$>x Critical Damage,通常ダメージを与えるとき、<$Crite$>%の確率で<$CriteValue$>倍の会心になる。
HIE_Info/1905,Text,,所有伤害均有<$Crite$>%概率造成<$CriteValue$>倍暴击,All Damage has a <$Crite$>% chance to deal <$CriteValue$>x Critical Damage,すべてのダメージが<$Crite$>%の確率で<$CriteValue$>倍の会心になる。
HIE_Info/1906,Text,,所有己方单位造成普通伤害的<$Blood$>%回复为自身生命值,All allied units restore HP equal to <$Blood$>% of the Normal Damage dealt,すべての味方ユニットが与える通常ダメージの<$Blood$>%を自身の体力として回復する。
HIE_Info/1907,Text,,所有己方单位造成卡牌伤害的<$Blood$>%转化为自身护盾（单次至多1000点）,All allied units gain Shield equal to <$Blood$>% of the Card Damage dealt (up to 1000 at a time),すべての味方ユニットが与えるカードダメージの<$Blood$>%を自身のシールドとして付与する（1回で最大1000まで）。
HIE_Info/1908,Text,,所有己方单位【防御】+<#AddDef#>，最大生命值提升<$AddHp$>%,All allied units +<#AddDef#> Defense and +<$AddHp$>% Max HP,すべての味方ユニットの「防御」+<#AddDef#>、体力上限が<$AddHp$>%増加する。
HIE_Info/2,Text,,战斗结束永久成长10点生命（所有己方单位）,All allied units gain 10 HP permanently after a battle,戦闘終了時に永続的に体力が10増加する（すべての味方ユニット）。
HIE_Info/20001,Text,,本轮战斗中，敌方加入一名boss独臂老尸,"An extra Boss, the One-Armed Elder, joins the enemy in this battle",この戦闘に敵にボス片腕翁を1体加える。
HIE_Info/20002,Text,,本轮战斗中，敌方加入一名boss腐蛾,"An extra Boss, the Decay Moth, joins the enemy in this battle",この戦闘に敵にボス腐蛾を1体加える。
HIE_Info/20003,Text,,本轮战斗中，所有友方单位受到伤害后获得<#BuffCount#>层【破甲】,"In this battle, all allied units get <#BuffCount#> stacks of [Sunder Armor] on taking damage",この戦闘で、すべての味方ユニットがダメージを受けたあとに「破れ」を<#BuffCount#>得る。
HIE_Info/20004,Text,,本轮战斗中，所有敌人血量翻倍,All enemies have 2x HP in this battle,この戦闘で、すべての敵の体力が倍増する。
HIE_Info/20005,Text,,本轮战斗中，每次回合结束时，所有己方随从移除<$PDemage$>%生命(无视护盾，无法致死),"In this battle, remove <$PDemage$>% HP from all allied minions at the end of the turn (ignores Shield, non-lethal)",この戦闘で、各ターン終了時、すべての味方ミニオンが<$PDemage$>%体力を失う（シールド無効、撃破不能）。
HIE_Info/20006,Text,,本轮战斗中，所有己方单位以<#BuffCount#>层【疫毒】开始战斗,"In this battle, all allied units start with <#BuffCount#> stacks of [Plague Toxin]",この戦闘で、すべての味方ユニットは<#BuffCount#>の「疫毒」で戦闘を始める。
HIE_Info/20007,Text,,本轮战斗中，所有己方单位以损失<$CostHP$>%最大生命值开始战斗,"In this battle, all allied units start with <$CostHP$>% Max HP lost",この戦闘で、すべての味方ユニットは体力上限の<$CostHP$>%分の体力を失った状態で戦闘を始める。
HIE_Info/20008,Text,,本轮战斗中，所有己方单位普攻后【眩晕】,"In this battle, all allied units are [Stunned] after performing a Basic Attack",この戦闘で、すべての味方ユニットが通常攻撃したあとに「スタン」を得る。
HIE_Info/20009,Text,,本轮战斗中，随机一名杂兵攻击力和血量提高<$Big$>倍,"In this battle, the Attack and HP of a random mob are increased by <$Big$> times",この戦闘で、ランダムな雑兵1名の攻撃力と体力が<$Big$>倍になる。
HIE_Info/20010,Text,,本轮战斗中，所有卡牌费用+<#AddCost#>,"In this battle, the Cost of all cards +<#AddCost#>",この戦闘で、すべてのカードコスト+<#AddCost#>。
HIE_Info/20011,Text,,本轮战斗中，所有己方单位以【眩晕】状态开始战斗,"In this battle, all allied units start [Stunned]",この戦闘で、すべての味方ユニットは「スタン」状態で戦闘を始める。
HIE_Info/20012,Text,,本轮战斗中，所有敌人获得<#BuffCount#>层【龙威】,All enemies possess <#BuffCount#> [Dragon's Presence] in this battle,この戦闘で、すべての敵が「龍威」を<#BuffCount#>得る。
HIE_Info/20013,Text,,本轮战斗中，敌方加入一名boss烟灰龙,"An extra Boss, the Ash Dragon, joins the enemy in this battle",この戦闘に敵にボス煙灰龍を1体加える。
HIE_Info/20014,Text,,本轮战斗中，敌方加入一名boss桃枝,"An extra Boss, the Peach Branch, joins the enemy in this battle",この戦闘に敵にボス桃枝を1体加える。
HIE_Info/20015,Text,,攻击和生命大幅提高，被动效果大幅提高,"Significant increase in Attack, HP, and passive effects",攻撃、体力とパッシブ効果が大幅に増加する。
HIE_Info/20016,Text,,本轮战斗中，敌方加入一名boss尸灵古树,"An extra Boss, the Carrion Tree, joins the enemy in this battle",この戦闘に敵にボス屍霊古樹を1体加える。
HIE_Info/20017,Text,,本轮战斗中，敌方加入一名boss三目上人,"An extra Boss, the Three-Eyed Sage, joins the enemy in this battle",この戦闘に敵にボス三眼尼を1体加える。
HIE_Info/20018,Text,,本轮战斗中，敌方加入一名boss剑奴,"An extra Boss, the Sword Slave, joins the enemy in this battle",この戦闘に敵にボス縁奴を1体加える。
HIE_Info/20019,Text,,本轮战斗中，敌方加入一名boss画姬,"An extra Boss, the Lady Painter, joins the enemy in this battle",この戦闘に敵にボス絵夢を1体加える。
HIE_Info/20020,Text,,本轮战斗中，敌方加入一名boss灵鹊,"An extra Boss, the Spiritual Magpie, joins the enemy in this battle",この戦闘に敵にボス霊鵲を1体加える。
HIE_Info/20021,Text,,本轮战斗中，敌方加入一名boss静剑,"An extra Boss, the Still Sword, joins the enemy in this battle",この戦闘に敵にボス静剣を1体加える。
HIE_Info/20022,Text,,本轮战斗中，敌方加入一名boss昨日睚眦,"An extra Boss, Yesterday's Yazi, joins the enemy in this battle",この戦闘に敵にボス昨日の睚眦を1体加える。
HIE_Info/20023,Text,,本轮战斗中，敌方加入一名boss蛛王玄玑,"An extra Boss, Spheria the Spider Lord, joins the enemy in this battle",この戦闘に敵にボス蛛王玄璣を1体加える。
HIE_Info/21,Text,,"回合开始时，获得3点灵力
任意方式攻击debuff层数最多敌人后，回复一点灵力。","Gain 3 Mana at the start of your turn
Gain 1 Mana on attacking the enemy with the highest debuff stacks by any means.","ターン開始時、3霊力を獲得する。
いかなる方法でデバフのスタックが最も多い敵を攻撃すると、霊力を１回復する。"
HIE_Info/22,Text,,为敌人添加的异常状态层数翻倍,Double the number of debuff stacks inflicted on enemies,敵に付与するデバフのスタックが倍増する。
HIE_Info/23,Text,,奇数回合抽满手牌，偶数回合不会抽牌,"On odd turns, draw until your hand is full. On even turns, you do not draw",奇数ターンは手札が上限になるまでドローし、偶数ターンはドローしない。
HIE_Info/24,Text,,神像贡品初始即为满级，初始碎神玉+10,The Shrine Offering starts at max level. Initial Deity Shards +10,神像への供物は初めから最大レベル、初期砕神玉+10。
HIE_Info/3,Text,,每回合开始时抽取4张牌,"At the start of each turn, draw 4 cards",各ターン開始時にカードを4枚ドローする。
HIE_Info/30001,Text,,"所有己方【雷反】造成伤害提高<$UpValue$>%
<size=18><color=#ff487c>当前购买次数:<#NowCount#></color></size>","Damage of [Lightning Counter] dealt by allies +<$UpValue$>%
<size=18><color=#ff487c>Current Purchases: <#NowCount#>times</color></size>","すべての味方の「雷返し」が与えるダメージが<$UpValue$>%増加する。
<size=18><color=#ff487c>現在購入回数：<#NowCount#></color></size>"
HIE_Info/30002,Text,,"【疫毒】对敌人效果提高<$UpValue$>%
<size=18><color=#ff487c>当前购买次数:<#NowCount#></color></size>","Damage of [Plague Toxin] dealt to enemies +<$UpValue$>%
<size=18><color=#ff487c>Current Purchases: <#NowCount#></color></size>times","「疫毒」が敵に与える効果が<$UpValue$>%増加する。
<size=18><color=#ff487c>現在購入回数：<#NowCount#></color></size>"
HIE_Info/30003,Text,,"战斗胜利后，获得<#StoneStep#>碎神玉，每拥有<#StoneStep#>碎神玉，碎神玉+<#AddStone#>，单次至多获得<#StoneMax#>碎神玉
<size=18><color=#ff487c>当前购买次数:<#NowCount#></color></size>","Get <#StoneStep#> Deity Shards on winning the battle. +<#AddStone#> for every <#StoneStep#> Shards you have. Reward up to <#StoneMax#> Shards at a time
<size=18><color=#ff487c>Current Purchases: <#NowCount#> times</color></size>","戦闘勝利後、<#StoneStep#>砕神玉を獲得する。<#StoneStep#>砕神玉を所有しているごとに、砕神玉+<#AddStone#>、1回で最大<#StoneMax#>砕神玉まで
<size=18><color=#ff487c>現在購入回数：<#NowCount#></color></size>"
HIE_Info/30007,Text,,选择一名随从，提高<$UpValue$>%卡牌强度,Choose a minion to increase <$UpValue$>% Card Power,ミニオンを1名選び、カード強度を<$UpValue$>%増加させる。
HIE_Info/30009,Text,,选择一名随从杀死，战斗胜利后，该随从将以双倍基础属性状态复活（单次最多提升1000点）,"Select a minion and kill them. After winning the battle, that minion revives with 2x its base stats (+ up to 1000 stat points per time)",ミニオンを1名選んで撃破する、戦闘勝利後、このミニオンは2倍の基本属性で復活する（1回の向上は最大1000まで）。
HIE_Info/30010,Text,,"选择一名随从，将该随从身上装备全部吞噬，永久获得这些装备的属性
<color=#FF0000>(装备的词条和专属效果不会被吞噬)</color>","Select a minion and devour all their equipment, and permanently gain the stats of these equipment
<color=#FF0000>(Equipment affixes and exclusive effects are not devoured)</color>","ミニオンを1名選び、そのミニオンが装着しているすべての装備を呑み込み、永続的に装備の属性を得る。
<color=#FF0000>（装備のワードと専属効果を受け継がない）</color>"
HIE_Info/30011,Text,,选择一名随从，将该随从身上的随机一个装备面板翻三倍，词条效果翻倍。,"Select a minion and triple the stats of 1 random piece of equipment on them, and double the effect of its affixes.",ミニオンを1名選び、そのミニオンが装着しているランダムな装備1の属性を3倍にし、ワード効果を倍増する。
HIE_Info/30012,Text,,选择一名随从，提高<$UpValue$>%普通伤害,Choose a minion to increase <$UpValue$>% Normal Damage,ミニオンを1名選び、通常ダメージを<$UpValue$>%増加させる。
HIE_Info/30014,Text,,"所有己方单位护盾获得量提高<$ShieldUp$>%
<size=18><color=#ff487c>当前购买次数:<#NowCount#></color></size>","Shield gain of all allies +<$ShieldUp$>%
<size=18><color=#ff487c>Current Purchases: <#NowCount#> times</color></size>","すべての味方ユニットのシールド獲得量が<$ShieldUp$>%増加する。
<size=18><color=#ff487c>現在購入回数：<#NowCount#></color></size>"
HIE_Info/30015,Text,,选择一名随从，提高其<$AddtHP$>%最大生命值,Choose a minion to increase <$AddtHP$>% Max HP,ミニオンを1名選び、体力上限を<$AddtHP$>%増加させる。
HIE_Info/30018,Text,,"每3轮战斗结束后，额外获得<#AddCrystal#>枚<sprite name=""Icon_12""><color=#FF33CC>尸晶</color>（
<size=18><color=#ff487c>当前购买次数:<#NowCount#></color></size>","After every 3 battles, gain <#AddCrystal#> extra <sprite name=""Icon_12""><color=#FF33CC>Corpse Crystal</color>(
<size=18><color=#ff487c>Current Purchases: <#NowCount#> times</color></size>)","3回の戦闘ごとに、追加で<#AddCrystal#>枚の<sprite name=""Icon_12""><color=#FF33CC>屍晶</color>を得る。
（<size=18><color=#ff487c>現在購入回数：<#NowCount#></color></size>）"
HIE_Info/31,Text,,"以满灵力开始战斗
弃牌时，获得【1+卡牌费用】点灵力，同时所有单位获得20点护盾。","Begin combat with full Mana
When discarding a card, gain [1+ Card Cost] Mana and grant all units 20 Shield.","最大霊力で戦闘を始める。
カードを捨てるとき、霊力を「1+コスト」獲得し、すべてのユニットが20シールドを得る。"
HIE_Info/32,Text,,任意随从普攻后，攻击力永久+2%，使用伤害型卡牌后，卡牌强度永久+2%,"For all minions: after performing a Basic Attack, permanent +2% Attack. After using a damage-dealing card, permanent +2% Card Power",任意のミニオンが通常攻撃したあと、永続的に攻撃力+2%、ダメージ型カードを使用したあと、永続的にカード強度+2%。
HIE_Info/33,Text,,每回合随机抽<color=#99FFFF>1-8</color>张牌，最少抽牌数不小于尸姬大人等级的一半,Draw <color=#99FFFF>1–8</color> cards at random each turn. The minimum number drawn will not be less than half of the Lady Zombie' level,各ターンでランダムに<color=#99FFFF>1~8</color>枚のカードをドローする。最少で屍姫レベルの半分と同じ枚数。
HIE_Info/34,Text,,击杀敌人获得的经验翻倍,Double the Exp gained from killing enemies,撃破により獲得する経験値が倍増する。
HIE_Info/4,Text,,所有刷新价格固定为1,All refresh costs are fixed at 1,すべての更新の消費を1に固定する。
HIE_Info/41,Text,,以满灵力开始战斗，造成回复效果和真实伤害时，回复1点灵力,Start battle with full Mana. Gain 1 Mana when applying healing or dealing True Damage,最大霊力で戦闘を始める、回復と真実ダメージを与えるとき、霊力を1回復する。
HIE_Info/42,Text,,初始随从获得装备“碎玉盏”伤害减半，伤害值将按一定比例转化为碎神玉,"Initial minions gain the 'Shattered Jade Cup' and deal half damage, but the damage dealt is converted to Deity Shards at a certain ratio",初期ミニオンは装備「砕玉盞」を獲得し、その装備の効果で与えるダメージが半減する。半減したダメージは一定の比率で砕神玉に変換される。
HIE_Info/43,Text,,每回合随机抽3张牌，随从装备栏中每有一个不同品级的装备，抽牌数+1,"Draw 3 random cards each turn. For every item of different tiers there is in the minions' inventory, draw +1 card",各ターンでランダムにカードを3枚ドローする。ミニオンの装備スロットに異なる品質の装備があるごとに、ドロー回数+1。
HIE_Info/44,Text,,战斗开始时，将一张《春神之呓》加入手牌,Add 1 <Spring Goddess's Whisper> to hand at the start of the turn,戦闘開始時、「春神の呟き」を1枚手札に加える。
HIE_Info/51,Text,,"任意单位死亡后，回复一半灵力
回合开始时，回复一半灵力","Gain half of the Max Mana when any unit dies
Gain half of the Max Mana at the start of your turn","任意のユニットが撃破されたあと、霊力を半分回復する。
ターン開始時に霊力を半分回復する。"
HIE_Info/52,Text,,战斗结束选择属性奖励时，获得奖励减半，但是同时加给所有随从,"When choosing Attribute rewards at the end of battle, the rewarded Attributes are halved, but are also granted to all minions",戦闘終了で属性報酬を選択するときに得られる報酬が半減し、すべてのミニオンに与える。
HIE_Info/53,Text,,每回合开始时，随机抽2张牌，再从每名随从身上各抽一张牌。,"At the start of your turn, draw 2 random cards, and then draw 1 card from each minion.",各ターン開始時、ランダムにカードを2枚ドローしてから、各ミニオンから1枚ずつドローする。
HIE_Info/54,Text,,所有己方单位有50%概率造成2.5倍暴击，未暴击时伤害减半,All allied units have a 50% chance to deal 2.5x Critical Damage. But non-critical hits deal only half damage,すべての味方ユニットは50%の確率で2.5倍の会心を与える。会心しないときのダメージが半減する。
HIE_Name/,Text,,杀戮竞赛,,
HIE_Name/1,Text,,葬神袍,Deity Burial Robe,葬神袍
HIE_Name/10001,Text,,侍寝,Night Attendance,添い寝
HIE_Name/10004,Text,,强迫吞咽,Force Swallow,強迫呑み
HIE_Name/10006,Text,,榨汁,Juice Extraction,搾り
HIE_Name/10007,Text,,酒池肉林,Carnal Banquet,酒池肉林
HIE_Name/10008,Text,,取悦我，凡人,"Amuse me, mortal",喜ばせよ、凡人
HIE_Name/10009,Text,,额外赏赐,Extra Reward,追加の褒美
HIE_Name/1001,Text,,凶狠,Ferocious,凶悪
HIE_Name/10010,Text,,神血,Divine Blood,神血
HIE_Name/10011,Text,,血玉,Blood Jade,血玉
HIE_Name/10012,Text,,恶意挑衅,Malicious Provocation,悪意挑発
HIE_Name/10014,Text,,欢愉行宫,Palace of Pleasure,歓愉行宮
HIE_Name/10015,Text,,盛宴,Feast,盛宴
HIE_Name/10016,Text,,僵尸木偶戏,Zombie Puppet Show,僵屍からくり芝居
HIE_Name/10017,Text,,等待戈多,Waiting for Godot,ゴドーを待ちながら
HIE_Name/10019,Text,,京观,Mound of Skulls,京観
HIE_Name/1002,Text,,宠爱烙印,Brand of Favor,寵愛の烙印
HIE_Name/1003,Text,,恶躯,Evil Shell,悪躯
HIE_Name/1004,Text,,燎原,Raging Wildfire,燎原
HIE_Name/1005,Text,,践踏,Trample,踏みつけ
HIE_Name/1006,Text,,剥壳,Peeled,殻を剥く
HIE_Name/1007,Text,,梅开二度,Second Bloom,梅二度咲き
HIE_Name/11,Text,,鱼龙百鹊袍,Robe of Dragon and Magpies,魚龍百鵲袍（ぎょりゅうひゃくじゃくほう）
HIE_Name/12,Text,,缠龙断月枝,Branch of Decease and Eclipse,纏龍断月枝（せんりゅうだんげつし）
HIE_Name/1201,Text,,感恩,Gratitude,感謝
HIE_Name/1202,Text,,思维快感,Mental Pleasure,思考快感
HIE_Name/1204,Text,,龟甲与荆棘,Tortoise Shell and Thorns,亀甲と茨
HIE_Name/1205,Text,,腐烂之颅,Rotting Skull,腐敗の頭蓋
HIE_Name/13,Text,,飞鸢鎏金环,Gilded Kite Circlet,飛鳶鎏金環（ひえんりゅうきんかん）
HIE_Name/1301,Text,,倒春寒,Late Spring Chill,春先の寒気
HIE_Name/1302,Text,,灵吞,Spirit Devour,霊吞
HIE_Name/1303,Text,,滋养,Nourish,滋養
HIE_Name/1304,Text,,尸气逸散,Corpse Energy Dispersal,屍気逸散
HIE_Name/1305,Text,,尸国诅咒,Corpse Realm's Curse,屍国呪い
HIE_Name/1306,Text,,恩赐,Boon,恩恵
HIE_Name/1307,Text,,润物无声,Silent Nourishment,物潤い
HIE_Name/14,Text,,青藤挑火,Ivy Flicking Fire,青藤挑火
HIE_Name/1402,Text,,枯荣逆转,Wither and Bloom Reversed,枯栄逆転
HIE_Name/1403,Text,,惊蛰,Awakening of Insects,啓蟄（けいちつ）
HIE_Name/1404,Text,,常春藤之梦,Ivy Dream,常春藤の夢
HIE_Name/1501,Text,,东风归,East Wind's Return,東風帰
HIE_Name/1601,Text,,复苏之风,Wind of Revival,蘇生の風
HIE_Name/1602,Text,,护体之风,Wind of Protection,護体の風
HIE_Name/1603,Text,,瘟疫之春,Spring of Plague,疫病の春
HIE_Name/1604,Text,,恶咒祈祷,Curse Prayer,悪呪の祈り
HIE_Name/1605,Text,,尸国魔音,Corpse Realm's Demonic Sound,屍国魔音
HIE_Name/1701,Text,,痛与愉悦,Pain and Pleasure,苦痛と快楽
HIE_Name/1702,Text,,疤痕,Scar,傷跡
HIE_Name/1801,Text,,雷躯,Lightning Husk,雷躯
HIE_Name/1802,Text,,肉铠,Flesh Armor,肉鎧
HIE_Name/1901,Text,,信仰之鞭,Whip of Faith,信仰の鞭
HIE_Name/1902,Text,,欢愉之齿,Teeth of Delight,歓愉の歯
HIE_Name/1903,Text,,邪恶期待,Evil Anticipation,邪悪期待
HIE_Name/1904,Text,,解脱,Released,解脱
HIE_Name/1905,Text,,蹂躏,Ravage,蹂躙
HIE_Name/1906,Text,,肉灵之宴,Feast of Flesh & Spirits,肉霊の宴
HIE_Name/1907,Text,,灵铠,Spiritual Armor,霊鎧
HIE_Name/1908,Text,,云雾之体,Body of Mist,雲霧の体
HIE_Name/2,Text,,银蛇簪,Silver Serpent Hairpin,銀蛇簪
HIE_Name/20001,Text,,临时挑战-独臂老尸,Emergent Challenge - One-Armed Elder,臨時挑戦-片腕翁
HIE_Name/20002,Text,,临时挑战-腐蛾,Emergent Challenge - Decay Moth,臨時挑戦-腐蛾
HIE_Name/20003,Text,,千刀万剐,A Thousand Cuts,千刀万断
HIE_Name/20004,Text,,捏人,Modeling,捏ねる
HIE_Name/20005,Text,,炮烙,Searing Punishment,炮烙
HIE_Name/20006,Text,,沉熏,Smothering,沈熏
HIE_Name/20007,Text,,放血,Bloodletting,放血
HIE_Name/20008,Text,,折磨,Torture,拷問
HIE_Name/20009,Text,,活剥,Flaying Alive,生き剥ぎ
HIE_Name/20010,Text,,人格脱出,Excretion of Personality,人格脱出
HIE_Name/20011,Text,,活埋,Burying Alive,生き埋め
HIE_Name/20012,Text,,凡人之血,Mortal Blood,凡人の血
HIE_Name/20013,Text,,临时挑战-烟灰龙,Emergent Challenge - Ash Dragon,臨時挑戦-煙灰龍
HIE_Name/20014,Text,,临时挑战-桃枝,Emergent Challenge - Peach Branch,臨時挑戦-桃枝
HIE_Name/20015,Text,,最终的恶趣味,The Final Sick Humor,最終悪趣味
HIE_Name/20016,Text,,临时挑战-尸灵古树,Emergent Challenge - Carrion Tree,臨時挑戦-屍霊古樹
HIE_Name/20017,Text,,临时挑战-三目上人,Emergent Challenge - Three-Eyed Sage,臨時挑戦-三眼尼
HIE_Name/20018,Text,,临时挑战-剑奴,Emergent Challenge - Sword Slave,臨時挑戦-縁奴
HIE_Name/20019,Text,,临时挑战-画姬,Emergent Challenge - Lady Painter,臨時挑戦-絵夢
HIE_Name/20020,Text,,临时挑战-灵鹊,Emergent Challenge - Spiritual Magpie,臨時挑戦-霊鵲
HIE_Name/20021,Text,,临时挑战-静剑,Emergent Challenge - Still Sword,臨時挑戦-静剣
HIE_Name/20022,Text,,临时挑战-昨日睚眦,Emergent Challenge - Yesterday's Yazi,臨時挑戦-昨日の睚眦（さくじつのがいし）
HIE_Name/20023,Text,,临时挑战-蛛王玄玑,Emergent Challenge - Spheria the Spider Lord,臨時挑戦（りんじちょうせん）-蛛王玄璣（じゅおうげんけい）
HIE_Name/21,Text,,妖宗百媚裳,Gown of Myriad Charm,妖宗百媚裳（ようそうひゃくめいしょう）
HIE_Name/22,Text,,灵鹿紫金枝,Violet Deer Branch,霊鹿紫金枝（れいろくしきんし）
HIE_Name/23,Text,,天蚕丝,Heavenly Silkworm Silk,天蚕糸（てぐす）
HIE_Name/24,Text,,万妖王座,Throne of Ten Thousand Fiends,万妖王座
HIE_Name/3,Text,,镇灵符,Spirit-Taming Sigil,鎮霊符
HIE_Name/30001,Text,,春雷余音,Echoes of Spring Thunder,春雷の余響
HIE_Name/30002,Text,,野蛮生长,Wild Growth,野蛮成長
HIE_Name/30003,Text,,钱能生慧,Wealth Begets Wisdom,金は知恵
HIE_Name/30007,Text,,开眼,Eye Awakening,開眼
HIE_Name/30009,Text,,涅磐,Nirvana,涅槃
HIE_Name/30010,Text,,吞噬,Devour,吞噬
HIE_Name/30011,Text,,点化,Transmutation,点化
HIE_Name/30012,Text,,肃杀之风,Grim Gale,粛殺の風
HIE_Name/30014,Text,,春神灵碑,Spring Goddess's Stele,春神霊碑
HIE_Name/30015,Text,,血雾之花,Bloodmist Blossoms,血霧の花
HIE_Name/30018,Text,,腐生柳叶,Saprophytic Willow Leaves,腐生柳葉
HIE_Name/31,Text,,如意金龙甲,Ruyi Golden Dragon Armor,如意金龍甲
HIE_Name/32,Text,,云阁点凤冠,Cloud Phoenix Crown,云閣点鳳冠（うんかくてんほうかん）
HIE_Name/33,Text,,玄履丝,Silk of the Mystic Footwear,玄履糸（げんりつす）
HIE_Name/34,Text,,道诡煞气,Eldritch Aura,道詭煞気（どうきさっき）
HIE_Name/4,Text,,青藤座,Ivy Base,青藤座
HIE_Name/41,Text,,春雷织雨袍,Robe of Spring Storm,春雷織雨袍
HIE_Name/42,Text,,东风无尽花,Immortelle of East Wind,東風無尽花
HIE_Name/43,Text,,花风鹊鲤,"Flowers, Winds, Magpies, Carps",花風鵲鯉
HIE_Name/44,Text,,无垢莲台,Immaculate Lotus Base,無垢蓮台（むくれんだい）
HIE_Name/51,Text,,血雾尸神袍,Robe of Blood Mist Lich,血霧屍神袍（けつむししんほう）
HIE_Name/52,Text,,东风残梦盏,Chalice of Fading Dream,東風残夢盞（とうふうざんむうき）
HIE_Name/53,Text,,天人混沌锁,Primordial Shackle,天人混沌鎖
HIE_Name/54,Text,,不净妖莲,Impure Vile Lotus,不浄妖蓮
IE_ExInfo/,Text,,ExInfo&春风飘絮，浮萍无根，尸姬大人的根，又在哪里呢？,Spring winds the bowstring—,ExInfo&春風に舞う綿、根なき浮き草、では、屍姫さまの根は、一体どこにあるのか…
IE_ExInfo/2001,Text,,ExInfo&刻有春神祝文的残破铠甲，会缓慢生长。,ExInfo&The broken armor engraved with the Spring Goddess's prayer. It still grows slowly.,ExInfo&春神の祝福が刻まれている破れた鎧、ゆっくりと成長する。
IE_ExInfo/2002,Text,,ExInfo&尸姬大人的收藏品，永远跳动的龙心,ExInfo&A collection of the Lady Zombie—an eternally beating dragon heart,ExInfo&屍姫のコレクション、永遠に鼓動する龍の心臓。
IE_ExInfo/2003,Text,,ExInfo&天象水文，不过尸姬大人的雨露神恩,ExInfo&Celestial phenomena and hydrology are but the divine grace of the Lady Zombie,ExInfo&天象水文、屍姫の雨露のご加護には及ばず。
IE_ExInfo/2004,Text,,ExInfo&亡国之印，这可是，永世的骂名啊……,ExInfo&The seal of a fallen kingdom's Chancellor—this is an eternal stain upon one's name...,ExInfo&亡国の印、これは…永遠に背負う汚名だ…
IE_ExInfo/2005,Text,,ExInfo&只是一块刻字的石头罢了,ExInfo&Just a rock engraved with words,ExInfo&ただの文字が刻まれた石に過ぎない。
IE_ExInfo/2006,Text,,ExInfo&凡人的勇气，必死的决心，以及，向尸姬大人挥拳的，自不量力。,"ExInfo&A mortal's courage, the resolve to die, and the ignorance to raise a fist against the Lady Zombie.",ExInfo&凡人の勇気、必死の覚悟、そして、屍姫さまに拳を振るうという身の程知らずな行い…
IE_ExInfo/2007,Text,,ExInfo&春风飘絮，浮萍无根，尸姬大人的根，又在哪里呢？,"ExInfo&Spring breeze scatters cotton-like fluff, water lilies drift without roots—where, then, are the Lady Zombie's roots?",ExInfo&春風に舞う綿、根なき浮き草、では、屍姫さまの根は、一体どこにあるのか…
IE_ExInfo/2008,Text,,ExInfo&足不履地，衣不染尘，如神明一般，如尸姬大人一般。,"ExInfo&Feet never touching the ground, robes untouched by dust, like a deity, like the Lady Zombie.",ExInfo&足は地を踏まず、衣は塵に染まらず、まるで神の如く、屍姫さまの如く。
IE_ExInfo/2009,Text,,ExInfo&尸姬大人的妆镜，是曾经凡人献上的宝贝,ExInfo&The mirror used by the Lady Zombie for makeup. It was a treasure offered by mortals,ExInfo&屍姫さまの化粧鏡は、かつて凡人が捧げた宝物です。
IE_ExInfo/2010,Text,,ExInfo&把灵力封在符纸上，真是，凡人的小聪明……,"ExInfo&Sealing mana within paper—truly, the petty cleverness of mortals...",ExInfo&霊力を符に封じるとは、まったく、凡人の小賢しさよ…
IE_ExInfo/2011,Text,,ExInfo&可以开山，开路，也可以开人，但是，开不了神，开不了尸姬大人,"ExInfo&It breaks mountains, clears paths, and splits apart men—but it cannot hurt gods, nor the Lady Zombie",ExInfo&山を切り開き、道を拓き、人をも討つことはできる、だが、神をも、屍姫さまをも切り開くことはできぬ。
IE_ExInfo/2012,Text,,ExInfo&划过无尽寒冬的惊蛰，正如春神……不，尸姬大人没这个想法。,"ExInfo&The spear slicing through the endless winter for the awakening, just like the Spring Goddess... No, the Lady Zombie harbors no such thoughts.",ExInfo&果てなき寒冬を切り裂く驚蟄、まるで春の神のように…いや、屍姫さまにはそんなお考えはない。
IE_ExInfo/2013,Text,,ExInfo&大剑无锋，大巧不工,ExInfo&The greatest sword has no edge; true craft requires no artifice,ExInfo&重き剣に刃はなく、極めし技は飾らず。
IE_ExInfo/2014,Text,,ExInfo&灵木安神，养体，对僵尸来说，也是如此,ExInfo&Sacred wood calms the spirit and nourishes the body—the same holds true for zombies,ExInfo&霊木は神を安んじ、体を養う。僵屍にとっても、同じことだ。
IE_ExInfo/2015,Text,,ExInfo&听风吹叶，落剑回心,ExInfo&Hear the wind rustle leaves; wield the sword and take hearts,ExInfo&風に吹かれる葉を聞き、剣を落として心を戻す。
IE_ExInfo/2016,Text,,ExInfo&所谓鬼铁，不过是沾染尸姬大人气息的矿石罢了,ExInfo&The so-called warp-iron is nothing more than ore touched by the Lady Zombie's aura,ExInfo&いわゆる鬼鉄とは、屍姫さまの気を帯びた鉱石に過ぎない。
IE_ExInfo/2017,Text,,ExInfo&看不到的东西，反而更刻骨铭心……,ExInfo&What cannot be seen is often all the more unforgettable...,ExInfo&見えぬものほど、かえって心に深く刻まれる…
IE_ExInfo/2018,Text,,ExInfo&合乎粥礼？,ExInfo&Is that the canon use of them?,ExInfo&足フェチ、礼儀に適うのか？
IE_ExInfo/2019,Text,,ExInfo&吾之蜜糖，汝之砒霜,"ExInfo&My honey, your poison",ExInfo&我が蜜、汝の砒素。
IE_ExInfo/2020,Text,,ExInfo&壮志饥餐胡虏肉，笑谈渴饮匈奴血,"ExInfo&The will to feast on the enemy's flesh, and the spirit to drink their blood",ExInfo&大志を胸に、飢えれば胡虜の肉を食らい、渇けば笑いながら匈奴の血を啜る。
IE_ExInfo/2021,Text,,ExInfo&晚来天欲雪，能饮一杯无,ExInfo&How about a drink on this snowy evening?,ExInfo&雪の降る夜になりそうだ。温まるまで、一杯付き合わないか。
IE_ExInfo/2022,Text,,ExInfo&天寒地冻，凝水成冰,ExInfo&The biting cold freezes water into ice,ExInfo&天寒く地凍り、凝りた水は氷となる。
IE_ExInfo/2023,Text,,ExInfo&飞柳为箭，春风化弦，世上再无尸祸言,"ExInfo&With the arrows of willow branches and bowstrings of spring breezes, the cursed corpses shall haunt the world no more",ExInfo&柳は矢と化し、春風は弦となる。世に屍の禍言は二度とない。
IE_ExInfo/2024,Text,,ExInfo&明日复明日，明日何其多,ExInfo&Tomorrow after tomorrow—there is always another tomorrow,ExInfo&明日また明日、明日はかくも多し。
IE_ExInfo/2025,Text,,ExInfo&春神的常服，清风为绢，惊雷为引，半尺春雨织帘,"ExInfo&The Spring Goddess's attire, woven from breezes, threaded with thunderclaps, and hemmed with spring rain",ExInfo&春神の普段着、清風を絹とし、雷鳴を導きとし、細き春雨が簾を織る。
IE_ExInfo/2026,Text,,ExInfo&可以放电的石头，远不及尸姬大人的伟力，但凡人们却宝贝的很。,"ExInfo&The stone that emits electricity. Pale in comparison to the might of the Lady Zombie, yet mortals treasure it dearly.",ExInfo&放電する石など、屍姫さまの偉力には遠く及ばぬ、しかし凡人たちは大事にするのだ。
IE_ExInfo/2027,Text,,ExInfo&以此间雷响，重现春神威光！,"ExInfo&With this thunderous roar, the Spring Goddess's glory shall be restored!",ExInfo&この雷鳴をもって、春神の威光を再び現さん！
IE_ExInfo/2028,Text,,ExInfo&用一场祭祀就能骗取神明恩泽的时代已经过去了。尸姬大人要更多，更有价值的东西。,ExInfo&Gone are the days when a mere ritual was worthy of divine favors. The Lady Zombie demands more—things of more value.,ExInfo&一度の祭祀で神の加護を騙し取れる時代は、もう終わった。屍姫さまは、より多く、より価値あるものを求める。
IE_ExInfo/2029,Text,,ExInfo&藏器于身，待时而动。,"ExInfo&Conceal your edge, and bide your time.",ExInfo&器を身に隠し、時を待って動く。
IE_ExInfo/2030,Text,,ExInfo&魂兮，归来！,"ExInfo&Oh souls, return!",ExInfo&魂よ、帰れ！
IE_ExInfo/2031,Text,,ExInfo&在尸姬大人看来，凡人的铠甲就像凡人的智慧一样可笑。,"ExInfo&In the eyes of Lady Corpse, mortal armor is as ridiculous as mortal wisdom.",ExInfo&屍姫様にとって、凡人の鎧は凡人の知恵と同じく滑稽である。
IE_ExInfo/2032,Text,,ExInfo&欺凌，压迫，万物皆以此沉沦。,ExInfo&Bullying and oppression—all things sink into ruin through these.,ExInfo&欺き、圧迫し、万物は皆これに沈む。
IE_ExInfo/2033,Text,,ExInfo&祀天地以祭春神,ExInfo&Offer tribute to Heaven and Earth to honor the Spring Goddess,ExInfo&天地を祀り、春神を祭る。
IE_ExInfo/2034,Text,,ExInfo&金猴奋起千钧棒，玉宇澄清万里埃,"ExInfo&The Golden Monkey raises his heavy staff, clearing the heavens for a thousand miles",ExInfo&金の猿が如意の棒をひとたび振るえば、天地を覆う塵もたちまち晴れる。
IE_ExInfo/2035,Text,,ExInfo&天发杀机，易星易宿,"ExInfo&When Heaven's wrath stirs, the stars are cast astray",ExInfo&天が殺意を示す時、星々の運命さえ塗り替わる。
IE_ExInfo/2036,Text,,ExInfo&夫战，勇气也，一鼓作气，再而衰，三而竭,ExInfo&Warfare relies on courage. Charge to the end at the first drum beat,ExInfo&戦とは、勇気なり。一鼓作気、二にして衰え、三にして竭く。
IE_ExInfo/2037,Text,,ExInfo&所谓圣人心有七窍，当真如此？,ExInfo&Is it true that the sage's heart has seven orifices?,ExInfo&いわゆる聖人の心には七つの節があるというが、本当にそうなのか？
IE_ExInfo/2038,Text,,ExInfo&修禊事也，涤旧荡新。,"ExInfo&The rite of lustration: cleanse the old, embrace the new.",ExInfo&修禊とは事なり、旧を洗い新を甦す。
IE_ExInfo/2039,Text,,ExInfo&尸姬大人的神国里，没有怨气,"ExInfo&In the divine realm of the Lady Zombie, there is no resentment",ExInfo&屍姫さまの神国には、怨みの気はない。
IE_ExInfo/2040,Text,,ExInfo&断了爪牙的龙，和砧板上的鱼，没有区别,ExInfo&A dragon stripped of its claws and fangs is no different from a fish on the chopping block,ExInfo&爪牙を断たれた龍は、まな板の上の魚と変わらぬ。
IE_ExInfo/2041,Text,,ExInfo&彻底死亡，没有鲜血，无法跳动……即便是传说中的春神，也无法让其复苏吧……,ExInfo&Dead with no blood left and utter silence... Not even the mythical Spring Goddess could revive it...,ExInfo&完全に死せし者は、血もなく、鼓動もなく…たとえ伝説の春神であろうと、蘇らせることはできまい…
IE_ExInfo/2042,Text,,ExInfo&跳动的心代表活力与生机，即使这颗心在僵尸的胸膛里,"ExInfo&A beating heart signifies vitality and life, even in a zombie's chest",ExInfo&鼓動する心は活力と生気を示す、たとえその心が僵屍の胸にあろうとも。
IE_ExInfo/2043,Text,,ExInfo&按不下手印，便留下手指罢……,"ExInfo&If you cannot give your fingerprint, then leave your finger behind...",ExInfo&印を結べぬなら、指だけでも残せばよい…
IE_ExInfo/2044,Text,,ExInfo&扶九幽而上，嗥鸣于岐山,"ExInfo&From the depths of the Nine Abysses, a cry pierces the heights of Qishan",ExInfo&九幽より舞い上がり、岐山に鳴き叫ぶ。
IE_ExInfo/2045,Text,,ExInfo&据说，这片叶子关系着一个什么，白银的诅咒……,ExInfo&They say this leaf holds the key to a silvery curse...,ExInfo&聞くところによると、この葉はある何か、白銀の呪いに関わっているらしい…
IE_ExInfo/2046,Text,,ExInfo&传说春神座下永世不染的莲台……很明显，不是这个……大概,"ExInfo&Legend has it that the lotus throne beneath the Spring Goddess remains eternally unstained... Clearly, this isn't it... Probably",ExInfo&伝説の春神の座下、永遠に汚れなき蓮台…明らかに、これは違う…多分。
IE_ExInfo/2047,Text,,ExInfo&这世上，最不缺的就是热血上头的匹夫,ExInfo&There is no shortage of hot-blooded fools in this world,ExInfo&この世で、最も欠けていないものは、熱血に頭をやられた愚か者だ。
IE_ExInfo/2048,Text,,ExInfo&豪绅的钱如数奉还，百姓的钱三七分帐。,"ExInfo&Refund the gentry every cent, split the peasants' money seventy-thirty.",ExInfo&豪商の金は全て返し、民の金は三七の割合で分ける。
IE_ExInfo/2049,Text,,ExInfo&舍不得这一口，那便乖乖做一个死人吧，尸姬大人很欢迎你……,"ExInfo&If you can't bear to part with a puff, then serve in death obediently... The Lady Zombie welcomes you...",ExInfo&その一口を惜しむなら、素直に死人となれ、屍姫さまは歓迎してくれる…
IE_ExInfo/2050,Text,,ExInfo&向凡人挥刀，换句话说，向弱者挥刀,"ExInfo&To wield a blade against mortals—in other words, to wield a blade against the weak",ExInfo&凡人に刀を振るうとは、言い換えれば、弱き者に刀を振るうことだ。
IE_ExInfo/2051,Text,,ExInfo&凡人，迟早是尸体……,ExInfo&Mortals become corpses sooner or later...,ExInfo&凡人は、遅かれ早かれ屍となる…
IE_ExInfo/2052,Text,,ExInfo&一道灵光便是符，世人枉费墨与朱。,"ExInfo&One spark of spiritual light makes the charm, but mortals squander ink and cinnabar for naught.",ExInfo&ひと筋の霊光こそ符。墨も朱も、世人の徒労なり。
IE_ExInfo/2053,Text,,ExInfo&衰败是复苏的一部分，乖乖成为我的养分吧，凡人。,"ExInfo&Decay is part of revival, so be my nourishment, mortal.",ExInfo&衰退は復活の一部、素直に我が養分となれ、凡人よ。
IE_ExInfo/2054,Text,,ExInfo&尖利，颤动的铁心，然而尸姬大人喜欢把它塞到其他位置~,"ExInfo&A sharp, quivering iron heart—though the Lady Zombie prefers to shove it elsewhere~",ExInfo&尖り、震える鉄の心。しかし屍姫さまは、それを別の場所に差し込むのを好む~
IE_ExInfo/2055,Text,,ExInfo&不听话的家伙……该关在里边好好电一电了……,ExInfo&Disobedient wretches… time to lock you inside for a good jolt…,ExInfo&言うことを聞かぬ奴…中に閉じ込めて、しっかりと電気を通すべきだ…
IE_ExInfo/2056,Text,,ExInfo&书中皆尽王侯事，青史不留人间名,"ExInfo&Books record but the affairs of princes, yet history preserves not the names of the people",ExInfo&書にあるは皆、王侯の事、青史には人の名は留まらず。
IE_ExInfo/2057,Text,,ExInfo&神明怎么会有罪呢，有罪的是这个世界,ExInfo&How could deities bear sin? It is this world that is guilty,ExInfo&神に罪などあるものか、有罪なのはこの世界だ。
IE_ExInfo/2058,Text,,ExInfo&黑黢黢的泥丸，但是对于凡人来说，已经算得上仙丹了,"ExInfo&A pitch-black mud pellet, yet for mortals, it is already a divine elixir",ExInfo&真っ黒な泥丸、しかし凡人にとっては、すでに仙丹と呼べる代物だ。
IE_ExInfo/2059,Text,,ExInfo&娇嫩的花瓣，还请尸姬大人不必怜惜，粗暴一点的对待它吧……,"ExInfo&Tender petals—please, my Lady, spare no pity. Treat them with harsh and more brutality...",ExInfo&繊細な花弁、屍姫さま、どうか憐れまず、少し乱暴に扱ってください…
IE_ExInfo/2060,Text,,ExInfo&对尸姬大人来说，种子是没有价值的东西，丢掉就好,"ExInfo&To the Lady Zombie, seeds are worthless—just throw them away",ExInfo&屍姫さまにとって、種など価値のないもの、捨てればよい。
IE_ExInfo/2061,Text,,ExInfo&你改悔罢！（物理）,ExInfo&I’ll make you repent! (with physical means),ExInfo&改悔せよ！（物理）
IE_ExInfo/2062,Text,,ExInfo&某年月日，XXX自愿成为尸姬大人奴隶，永世沉沦,"ExInfo&On YYMMDD, XXX voluntarily became the Lady Zombie's slave, entering an eternal servitude",ExInfo&某年某月某日、〇〇は自ら進んで屍姫さまの奴隷となり、永遠に沈む。
IE_ExInfo/2063,Text,,ExInfo&生命在于运动,ExInfo&Life thrives on movement,ExInfo&生命は運動にあり。
IE_ExInfo/2064,Text,,ExInfo&这不沾人血的馒头，终究是缺了几分味道……,ExInfo&Steamed buns with human blood do lack a certain flavor...,ExInfo&人の血に染まらぬ饅頭、結局はいくばくか味気が欠ける…
IE_ExInfo/2065,Text,,ExInfo&随便路边一条瞪一眼，这龙威都得凭空掉两层，着实可笑,"ExInfo&A glare from any roadside dog would drop this ""Dragon's Presence"" by two stacks. What a joke",ExInfo&路傍のただのアリ一匹を睨まれただけで、この龍威が二段も減るとは、まったく笑える話だ。
IE_ExInfo/2066,Text,,ExInfo&钓鱼人永远不会担心鱼钩被吞进肚子里……,ExInfo&Anglers never worry about hooks being swallowed whole...,ExInfo&釣り人は、決して釣り針が腹の中に飲み込まれることを心配しない…
IE_ExInfo/2067,Text,,ExInfo&折戟把酒始皇游，剑指黄道无边……,"ExInfo&Shattered blade and flowing wine mark the Emperor's grand trek. With sword to the stars, he seeks the infinite",ExInfo&折れた戟を手に酒をあおり、始皇は遊ぶ。剣はあやしき道を指し、その先は果てることを知らぬ…
IE_ExInfo/2068,Text,,ExInfo&曾经被春神赐福过的生机之种，会不择手段的生存下去……不择手段……,ExInfo&The seed of vitality once blessed by the Spring Goddess. It will survive... by any means necessary...,ExInfo&かつて春神に加護された生命の種は、手段を選ばず生き延びる…手段を選ばず…
IE_ExInfo/2069,Text,,ExInfo&妖怪也好，凡人也罢……尽情的吞噬吧……这一切都会变成你的养分……,"ExInfo&Demons, mortals... devour them all... for your nourishment...",ExInfo&妖怪であれ、凡人であれ…存分に喰らい尽くせ…すべてはお前の養分となる…
IE_ExInfo/2070,Text,,ExInfo&飞起玉龙三百万，搅得周天寒彻,"ExInfo&Three million jade dragons take to the sky, churning the universe into a world of ice",ExInfo&玉龍三百万、空へ舞い上がり、天をかき乱して寒気を満たす。
IE_ExInfo/2071,Text,,ExInfo&半片天青半片雪，不见风来不见春,"ExInfo&Divided between pale blue and drifting white, no wind stirs, no spring in sight",ExInfo&半分の天青、半分の雪、風も春も見えず。
IE_ExInfo/2072,Text,,"ExInfo&尸姬大人喜欢听话的丫头……
感谢“德克萨斯”定制的装备","ExInfo&The Lady Zombie favors obedient maidens...
Thanks to ""Texas"" for customizing this gear","ExInfo&屍姫さまは従順な娘が好き…
「テキサス」製の装備に感謝。"
IE_ExInfo/2073,Text,,"ExInfo&世间安得万全法，不负佳人不负君？一朝旧神复归来，方知佳人亦为君。
感谢“灰角”定制的装备","ExInfo&Is there a way to satisfy both? To not fail my beloved, nor betray my faith? As the ancient deities ascend once more, I realize my fair lady was indeed my liege.
Thanks to ""Grayhorn"" for customizing this gear","ExInfo&世に万全の策などあるものか、佳人にも君にも背かずに済む法は？旧き神が復た帰るその日、初めて佳人もまた君であると知る。
「グレイホーン」製の装備に感謝。"
IE_ExInfo/2074,Text,,"ExInfo&不要相信敌人的谗言，尸姬大人的意志不是F2键……
感谢“灰角”定制的装备","ExInfo&Trust not the enemy's slander, the Lady Zombie's will lies not in the F2 key... 
Thanks to ""Grayhorn"" for customizing this gear","ExInfo&敵の讒言を信じるな、屍姫さまの意志はF2キーではない…
「グレイホーン」製の装備に感謝。"
IE_ExInfo/2075,Text,,"ExInfo&始龙身上剥离的逆鳞，蕴含着不容侵犯的绝对威严。
感谢“felix”定制的装备","ExInfo&The reverse scale stripped from the Primordial Dragon, radiating an absolute majesty that brooks no challenge.
Thanks to ""felix"" for customizing this gear","ExInfo&始龍の身から剥がれた逆鱗には、侵すことを許さぬ絶対の威厳が宿る。
「felix」製の装備に感謝。"
IE_ExInfo/2076,Text,,"ExInfo&往去的神明以另一种形式，重新降临世间……
感谢“德克萨斯”定制的装备","ExInfo&The departed deities have returned to the world in another form...
Thanks to ""Texas"" for customizing this gear","ExInfo&去りし神は別の形をもって、再びこの世に降臨する…
「テキサス」製の装備に感謝。"
IE_ExInfo/2077,Text,,ExInfo&闭嘴，含住！,ExInfo&Shut up and hold it!,ExInfo&黙れ、口に出すな！
IE_ExInfo/2078,Text,,ExInfo&修仙是骗局，上界神人以我族元婴为食,ExInfo&Immortality cultivation is a scam—the beings of the upper realms feed on our Nascent Souls,ExInfo&修仙など詐欺に過ぎぬ、上界の神人は我が族の元嬰を食らうのだ。
IE_ExInfo/2079,Text,,ExInfo&谁说我底牌用尽了？,ExInfo&Who said I've run out of tricks?,ExInfo&誰が、我の切り札は使い尽くされたと言ったのか？
IE_ExInfo/2080,Text,,ExInfo&削发代首，不复为春,"ExInfo&Shave hair as penance, and spring shall be seen again",ExInfo&髪を断ちて首に代え、もはや春は戻らず。
IE_ExInfo/2081,Text,,ExInfo&似死非死，似活非活,ExInfo&Neither quite dead nor fully living,ExInfo&死に似て死にあらず、生に似て生にあらず。
IE_ExInfo/2082,Text,,ExInfo&生死有命，富贵在天,"ExInfo&Man proposes, deity disposes",ExInfo&生死は命にあり、富貴は天にあり。
IE_ExInfo/2083,Text,,ExInfo&槐木属阴，为木中之鬼,"ExInfo&The locust tree possesses Yin energy, and is the ghost among trees",ExInfo&槐木は陰に属し、木の中の鬼とされる。
IE_ExInfo/2084,Text,,ExInfo&岩石的重量，让人安息,ExInfo&The weight of rocks brings rest to the soul,ExInfo&岩の重みは、人を安らげる。
IE_ExInfo/2085,Text,,"ExInfo&神秘的西餐，酥皮卷上巧克力馅烤制，外层裹着黄豆粉。我问店长这是什么，他说AUV这是洋驴打滚。
感谢“Mona健康监护中心”定制的装备","ExInfo&A mysterious Western dessert—chocolate filling baked inside a flaky crust, coated with soybean powder. When I asked the shop owner what it was, he replied, ""Oh my goodness, it's the Foreign Rolling Donkey!""
Thanks to ""Mona Health Monitoring Center"" for customizing this gear","ExInfo&神秘の西洋菓子、パイ生地でチョコレートフィリングを包み焼き、外側に黄豆粉をまぶす。店長にこれは何かと尋ねると、AUVによれば「変わり餅」だという。
「Mona健康監護センター」製の装備に感謝。"
IE_ExInfo/2086,Text,,ExInfo&假作真时真亦假，真作假时假亦真,ExInfo&Truth becomes fiction when the fiction's true; Real becomes unreal where the unreal's real,ExInfo&偽を真と為す時、真もまた偽となり、真を偽と為す時、偽もまた真となる。
IE_ExInfo/2087,Text,,ExInfo&“母猪检疫合格”,"ExInfo&""Sow Inspection Approved""",ExInfo&「雌豚検疫合格」
IE_ExInfo/2088,Text,,ExInfo&出于某种恶趣味，所有以肾脏作为祭品的凡人，都会获得6个苹果的奖励……,"ExInfo&Out of some weird sense of humor, all mortals who sacrifice their kidneys receive a reward of 6 apples...",ExInfo&ある種の悪趣味から、腎臓を祭品とした凡人は皆、リンゴ6個の報酬を得る…
IE_ExInfo/2089,Text,,ExInfo&片叶飞花，皆可伤人,ExInfo&Fallen leaves and flying petals can all become deadly weapons,ExInfo&ひとひらの葉も花びらも、すべて人を傷つけ得る。
IE_ExInfo/2090,Text,,ExInfo&得道年来八百秋，不曾飞剑斩人头,"ExInfo&Eight hundred years since I found my way, yet never once has my flying sword taken a life",ExInfo&八百年の修行を経ても、この剣を殺めるために振るったことはない。
IE_ExInfo/2091,Text,,ExInfo&问剑今何有，天上九十九,ExInfo&Where are my swords? Ninety-nine lie beyond the heavens,ExInfo&剣に問う、今いずこにありや。天上に九十九振り。
IE_ExInfo/2092,Text,,ExInfo&吾有一剑，可开天门！,"ExInfo&One sword I hold, the Gates of Heaven it opens!",ExInfo&我が一剣あり、天門を開かん！
IE_ExInfo/2093,Text,,ExInfo&“正 正 正 止”,"ExInfo&""One, two, three, and four fifths tally marks""",ExInfo&「正・正・正・止」
IE_ExInfo/2094,Text,,ExInfo&于深渊中，长眠吧……,ExInfo&Sleep eternally in the abyss...,ExInfo&深淵の中で、永く眠れ…
IE_ExInfo/2095,Text,,ExInfo&祸太岁用触手编制的铠甲，粘嗒嗒的缓慢蠕动着,"ExInfo&Armor woven with the Calamity Lord's tentacles, slithering in sticky, sluggish motions",ExInfo&タコ姫が触手で編んだ鎧は、ねっとりとゆっくり蠢いている。
IE_ExInfo/2096,Text,,ExInfo&细细的切做臊子……,ExInfo&Chopped into fine mince...,ExInfo&細かく刻んでそぼろに…
IE_ExInfo/2097,Text,,ExInfo&曾经春神赐下的流银池，专为剑修洗剑所用……,"ExInfo&The quicksilver pool bestowed by the Spring Goddess, dedicated solely for sword cultivators to cleanse their blades...",ExInfo&かつて春神が賜った流銀の池は、剣修が剣を洗うためにのみ用いられた…
IE_ExInfo/2098,Text,,ExInfo&尸姬大人切茶的小木剑……不过，凡人似乎更喜欢用这东西打打杀杀……,ExInfo&The small wooden sword that the Lady Zombie uses to cut tea bricks... Though mortals seem to prefer wielding this thing for killing,ExInfo&屍姫さまの茶を切る小木剣…だが、凡人はどうやらこれで打ち合いや殺しごっこをするのを好むようだ…
IE_ExInfo/2099,Text,,ExInfo&最终，死去的神明放弃了一切……,"ExInfo&In the end, the fallen deity abandoned all...",ExInfo&最終的に、死せる神はすべてを捨てた…
IE_ExInfo/2100,Text,,ExInfo&春风一月白，雨过半池青……,ExInfo&Spring breeze turns the moon a pristine white; the passing rain leaves the pond half-cloaked in green...,ExInfo&春風に花は白く咲き、雨上がりの池には青が満ちる…
IE_ExInfo/2101,Text,,ExInfo&我且唤你一声，你敢答应么？,ExInfo&I'll call your name—dare you answer?,ExInfo&あなたを一声呼びますが、答える勇気はありますか？
IE_ExInfo/2102,Text,,ExInfo&人活一世，就应清清白白,ExInfo&One should live a life of purity and integrity,ExInfo&生きるなら、潔く生きるべきだ。
IE_ExInfo/2103,Text,,ExInfo&“碎神玉”据说是已故神明的神格结晶……尸姬大人有时也会自己捏几块玩。,"ExInfo&The ""Deity Shards"" are said to be the crystallized essence of departed deities... The Lady Zombie occasionally molds a few pieces herself for amusement.",ExInfo&「砕神玉」とは、故せる神の神格の結晶と言われている…屍姫さまも時々、自分でいくつか作って遊ぶことがある。
IE_ExInfo/2104,Text,,ExInfo&真是诱人啊……就这么吊在这……恐怕人人都想来亵玩一番吧……,ExInfo&How tempting... dangling here like that... surely everyone would want to come and have a go at it...,ExInfo&実に魅惑的だ…こうしてぶら下がっていると…恐らく誰もが弄びたくなるだろう…
IE_ExInfo/2105,Text,,ExInfo&竹子不就是大号的草嘛，好吃！,ExInfo&Ani't Bamboos just giant grasses? And they're delicious!,ExInfo&竹はただの大きな草にすぎない、うまい！
IE_ExInfo/2106,Text,,ExInfo&你听这玉碎之声，是否清脆悦耳？,ExInfo&Listen to the sound of jade shattering—is it crisp and pleasing to the ear?,ExInfo&この玉の砕ける音を聞いて、清らかで耳に心地よいと思わないか？
IE_ExInfo/2107,Text,,ExInfo&尸姬大人……您不妨捆得……再紧一些……,ExInfo&My Lady... please... bind me tighter...,ExInfo&屍姫さま…もう少し…きつく縛ってもらえますか…
IE_ExInfo/2108,Text,,ExInfo&哦哦哦，尸姬大人，好烫……但是……不……不要停……,"ExInfo&Ohohooo... My Lady, it's so hot... But... No... Don't stop...",ExInfo&あああ、屍姫さま、熱い…でも…や…やめないで…
IE_ExInfo/2109,Text,,ExInfo&无思虑，不染尘，万古春在，青叶长开,"ExInfo&No thoughts, no stains. The eternal spring abides evergreen leaves",ExInfo&思い悩まず、塵に染まらず、万古の春はあり、青葉は長く咲く。
IE_ExInfo/2112,Text,,"ExInfo&想当年,金戈铁马,气吞万里如虎。","ExInfo&Those were the years, with golden halberds and iron steeds, we swept across thousands of miles like a tiger.",ExInfo&かつては金戈鉄馬を率い、万里を呑み込む虎の如き勢いだった。
IE_ExInfo/2113,Text,,"ExInfo&玄冥：""这鬼界到底你是主还是我是主？""","ExInfo&Necroria: ""Who's the real master of this Netherworld—you or I?""",ExInfo&玄冥：「この鬼界は一体誰が主だ？」
IE_ExInfo/2115,Text,,ExInfo&妆造是狐媚子的必修课,ExInfo&Makeup is a mandatory course for a vixen,ExInfo&化粧は狐媚子にとって欠かせない技。
IE_ExInfo/2116,Text,,"ExInfo&""小安，加大药量""","ExInfo&""Xiao An, increase the dosage""",ExInfo&「あんちゃん、薬を増やせ」
IE_ExInfo/2117,Text,,ExInfo&妖仙威仪，欲露还遮~,ExInfo&The majesty of a demon immortal—half-revealed and half-concealed~,ExInfo&妖仙の威厳、見せるか見せぬかの絶妙な加減〜
IE_ExInfo/2118,Text,,ExInfo&大郎~~该喝药了呢~,ExInfo&Deary~~ It's time for your medicine~,ExInfo&旦那様～お薬のお時間ですよ～
IE_ExInfo/2119,Text,,ExInfo&扣 龙 珠（物理）,ExInfo&Tease the dragon orb (literally),ExInfo&龍珠いじり（物理的）
IE_ExInfo/2120,Text,,ExInfo&慢溯云雨抚江风，再枕巫山一梦晴,"ExInfo&Gliding through mist and rain, caressing the river breeze. Pillowed on Mount Wu, dreaming of sunlit skies",ExInfo&ゆるやかに雲雨をたどり、江風をなでる。再び巫山に身を預ければ、一夢の晴れとなる。
IE_ExInfo/2121,Text,,ExInfo&当年射出的子弹，如今，重回掌心……,"ExInfo&A bullet fired from years ago, now returned to the palm of my hand...",ExInfo&かつて放った弾丸が、今ふたたび掌に戻ってくる……
IE_ExInfo/2122,Text,,ExInfo&凡人只知铅汞水火，不认自家金丹……,"ExInfo&Mortals know only of lead, mercury, water, and fire, yet fail to recognize the Golden Elixir within themselves...",ExInfo&凡人は鉛と水銀、水と火しか知らず、自らの金丹を認めようとしない……
IE_ExInfo/2123,Text,,ExInfo&呵呵，凡人这一把破剑能挡的了什么？不妨来听听我这“尸国魔音”吧……,"ExInfo&Heh, what can a mortal's trash sword block? Might as well listen to my ""Demonic Sound of the Corpse Realm""...",ExInfo&ふふっ、凡人のそのボロ剣で何が防げる？よければ、この「屍国の魔音」を聞いてみるといい……
IE_ExInfo/2124,Text,,ExInfo&玉京镇魂碑？正巧，镇你这白玉京里的孤魂野鬼吧……哈哈……,ExInfo&The Soul-Sealing Stele of Jade Capital? How convenient—let it seal the restless souls of your White Jade Capital... Haha...,ExInfo&玉京鎮魂碑か？ちょうどいい、その白玉京に迷い込んだ孤魂野鬼を鎮めてやろう……ははは……
IE_ExInfo/2125,Text,,ExInfo&今朝剑指叠云处，炼蛊炼人还炼天,"ExInfo&Today the sword points toward the layered clouds, refining poisons, men, and the heavens",ExInfo&今朝、剣をもって叠雲の地を指し示し、蠱を練り、人を練り、さらには天までも練る。
IE_ExInfo/2126,Text,,ExInfo&群缨荟萃？萝北开会！,ExInfo&A gathering of elite tassels? More like a gathering of turnips!,ExInfo&何を言おうとインチキに変わらない！
IE_ExInfo/2127,Text,,ExInfo&尸姬大人，天下非有公是也，而各是其所是……,"ExInfo&My Lady, there is no absolute universal truth in this world; rather, each considers what they deem right as the truth...",ExInfo&屍姫さま、天下に普遍の「正しさ」はなく、それぞれが自らの「正しさ」を正当とするのみ……
IE_ExInfo/2128,Text,,ExInfo&钱可以解决很多问题……很多……,ExInfo&Money can solve many... so many problems...,ExInfo&お金でたくさんの問題を解決できる……たくさん……
IE_ExInfo/2129,Text,,ExInfo&被捆住的家伙……可是会越来越疼的哦……,ExInfo&The tied-up guy... will be getting more and more painful,ExInfo&縛られたやつは……どんどん痛みが増していくんだよ……
IE_ExInfo/2130,Text,,ExInfo&废话真多，吃我一剑！！！,"ExInfo&""Too much nonsense, let me show you my sword!""!!!",ExInfo&くだらないことが多い、私を一剣食らえ！！！
IE_ExInfo/2131,Text,,ExInfo&据说是睚眦被崩掉的龙牙……她用这个去啃什么了？,ExInfo&Said to be the dragon tooth chipped from Yazi... What did she try to gnaw on with this?,ExInfo&これはどうやら睚眦の欠けた牙らしい……それで一体、何を噛み砕いたというのか？
IE_ExInfo/2132,Text,,ExInfo&轻于鸿毛，或，重于泰山……,"ExInfo&Deaths are either lighter than a feather, or heavier than Mount Tai...",ExInfo&鴻毛よりも軽く、あるいは泰山よりも重い……
IE_ExInfo/2133,Text,,"ExInfo&此身如传舍,何处是吾乡……",ExInfo&This body is an inn where I come and depart; where is the home to which I may rest...,ExInfo&この身は旅の宿のようなもの、我が故郷はどこにあるのか……
IE_ExInfo/2134,Text,,ExInfo&干净的死去……,ExInfo&To die a clean death...,ExInfo&清らかに死ぬこと……
IE_ExInfo/2135,Text,,ExInfo&万物初始的元气，正静静等待唤醒。,"ExInfo&The primordial vitality of all creation, quietly waiting to be awakened.",ExInfo&万物の始まりの気が、静かに目覚めを待っている。
IE_ExInfo/2136,Text,,ExInfo&如破开黎明般顶开土壤，第一抹翠色宣告生命的苏醒,"ExInfo&Pushing through the soil like breaking the dawn, the first touch of emerald green heralds the awakening of life",ExInfo&夜明けを切り裂くように土を押しのけ、最初の翠が生命の目覚めを告げる。
IE_ExInfo/2137,Text,,ExInfo&青涩的锋芒，一心向往阳光，茁壮生长,"ExInfo&A budding edge yearning for sunlight, thrives and grows toward the sky",ExInfo&若き鋭さはひたすら陽光を求め、力強く伸びていく。
IE_ExInfo/2138,Text,,ExInfo&柔软而坚韧，蜿蜒缠绕，是生命力的顽强与不息,"ExInfo&Soft yet resilient, it bends but never breaks—a testament to enduring life",ExInfo&柔らかく、それでいて強靭に、うねりながら絡みつくそれは、生命力のたくましさと絶え間なさそのものだ。
IE_ExInfo/2139,Text,,ExInfo&扶疏凝露，展叶栖霞，神韵天成……,"ExInfo&Lush branches laden with dew, unfurling leaves to embrace the rosy clouds, its natural grace is truly divine...",ExInfo&枝葉は繁り、露をたたえ、葉は霞に宿る。その神韻は、まさに天成のものだ……
IE_ExInfo/2140,Text,,ExInfo&春神曾以此花为誓，许万物以永恒的春意。,"ExInfo&Once Spring Goddess swore by this flower, promising eternal spring to all creation.",ExInfo&春神はかつてこの花を誓いとし、万物に永遠の春の気配を授けた。
IE_ExInfo/2141,Text,,ExInfo&饿饿，饭饭！,ExInfo&Me hungy! Food please!,ExInfo&お腹すいた、ご飯！
IE_ExInfo/2142,Text,,ExInfo&,ExInfo&,ExInfo&
IE_ExInfo/2143,Text,,ExInfo&无尽的冬风与永恒的灾厄之花……你们的春天，永远不会来了……,ExInfo&The endless winter wind and the eternal flower of calamity... Your spring will never come...,ExInfo&果てなき冬の風と、永劫の災厄の花……お前たちの春は、二度と訪れない……
IE_ExInfo/2144,Text,,ExInfo&没有威力，仅作为指示用的特殊弹丸……被它打中的话，可能会引来一些不好的东西哦……,"ExInfo&A special bullet with no power, used solely for marking targets... If hit by it, it might attract some unpleasant things...",ExInfo&威力はないが、指示用の特殊弾だ……これに当たれば、何か厄介なものを呼び寄せるかもしれない……
IE_ExInfo/2145,Text,,ExInfo&枪械，火铳……哼，凡人的奇技淫巧……,"ExInfo&Firearms, flintlocks... Hmph, mortal tricks and gadgets...",ExInfo&銃器、火縄銃……ふん、凡人の小手先の技に過ぎぬ……
IE_ExInfo/2146,Text,,ExInfo&不知从什么时候起，‘中庸’竟成了贬义词呢……,"ExInfo&I don't know since when, but 'moderation' has become a derogatory term...",ExInfo&いつの頃からか、『中庸』が悪い言葉になってしまったな……
IE_ExInfo/2147,Text,,ExInfo&把你的心脏，献给我！,"ExInfo&Give me your heart, my love!",ExInfo&あなたの心臓を、私に捧げなさい！
IE_ExInfo/2148,Text,,ExInfo&真可惜……这个愚昧的世界不懂得欣赏死亡呢……,ExInfo&What a pity... this foolish world knows not how to appreciate death...,ExInfo&残念だな…この愚かな世界は死の価値がわからないのだから…
IE_ExInfo/2149,Text,,ExInfo&对春日与神明的信仰才是最坚固的护盾，万古春在，青叶长开……,"ExInfo&Faith in spring and the gods is the sturdiest shield—everlasting spring abides, green leaves forever spread...",ExInfo&春と神々への信仰こそが最も堅固な盾だ。万古の春は在り、青葉は常に茂る…
IE_ExInfo/2150,Text,,ExInfo&硕鼠硕鼠，无食我黍！,"ExInfo&Big rat, big rat, eat not my millet!",ExInfo&大鼠よ、大鼠よ、我が黍を食らうな！
IE_ExInfo/2151,Text,,ExInfo&粘嗒嗒的液体，来源成谜，具有惊人的神性与生机…………,"ExInfo&Sticky fluid of mysterious origin, imbued with astonishing divinity and vitality....",ExInfo&ねばねばした液体、出所は謎で、驚くべき神性と生気を備えている……
IE_ExInfo/2152,Text,,ExInfo&烫烫烫烫，这是是岩浆吗？整个喉咙都烧起来了！,"ExInfo&Scorching hot, hot, hot—is this lava? My whole throat is on fire!",ExInfo&熱い熱い熱い熱い、これは溶岩か？喉全体が焼けつくようだ！
IE_ExInfo/2153,Text,,ExInfo&充满煞气的骨面，据说是某个走火入魔的剑客头颅……,"ExInfo&A bone mask thick with baleful aura, said to be the skull of a swordsman who went mad with obsession...",ExInfo&殺気に満ちた骨の面、それはある修羅道に堕ちた剣客の頭蓋だと言われている…
IE_ExInfo/2154,Text,,ExInfo&我想我的那些个蛐蛐，各个有情有义……,ExInfo&I miss those crickets of mine—each one so full of feeling and loyal,ExInfo&俺のあのコオロギたちが恋しいよ、どれもこれも情に厚いやつらだった…
IE_Info/,Text,,"全场造成真实伤害后，对最近的1/2名敌人造成<$MDemage$>点真实伤害
强化：提高<$AddDemage$>点伤害",,
IE_Info/1,Text,,"普攻时，必须先攻击嘲讽的单位
回合结束时，层数-1","Basic Attacks can only be used on units with Taunt
-1 stack at the end of the turn","通常攻撃は挑発を優先攻撃しなければならない。
ターン終了時、スタック-1。"
IE_Info/10,Text,,雷灵根+【尸姬大人等级*1】,,
IE_Info/1001,Text,,任意卡牌使用后，对随机目标造成【<$MDemage$>】点卡牌伤害，并添加<#BuffCount#>层【法穿】（优先卡牌指向敌人）,"After using any cards, deal [<$MDemage$>] Card Damage to a random target and inflict <#BuffCount#> stacks of [Magic Penetration] (prioritizing enemies)",任意のカードを使用後、ランダムなターゲットに「<$MDemage$>」カードダメージを与え、「法術貫通」を<#BuffCount#>付与する。（優先的に敵を指定する）
IE_Info/1002,Text,,回合结束时，为所有单位回复【卡牌强度*<$MDemage$>】点生命,"At the end of the turn, restore [Card Power * <$MDemage$>] HP for all units",ターン終了時、すべてのユニットが「カード強度*<$MDemage$>」体力を回復する。
IE_Info/1003,Text,,自身每点卡牌强度提高1点天赋【灵弓】的伤害,Each point of Card Power increases the damage of [Spiritual Bow] talent by 1,自身のカード強度1ごとに天賦「雷矢」のダメージを1増加する。
IE_Info/1004,Text,,普攻后【汲取】<#AddAtk#>点攻击力,[Drain] <#AddAtk#> Attack after a Basic Attack,通常攻撃後、<#AddAtk#>攻撃力を「吸収」する。
IE_Info/1005,Text,,对【标记】的敌人普攻后，<$GetCardPresent$>%概率执行一次【全局抽牌】,"After a Basic Attack on a [Marked] enemy, <$GetCardPresent$>% chance to perform a [Random Draw]",「マーク」された敵に通常攻撃したあと、<$GetCardPresent$>%の確率で「全体ドロー」を実行する。
IE_Info/1006,Text,,使用自身卡牌后，行动次数+<#AddAction#>,AP + <#AddAction#> after using this unit's cards,自身カードを使用後、行動回数+<#AddAction#>。
IE_Info/1007,Text,,普攻后，自身及左右获得<#Defence#>点防御,"After a Basic Attack, grant <#Defence#> Defense to self and adjacent units",通常攻撃後、自身および隣接ユニットが<#Defence#>防御力を得る。
IE_Info/1008,Text,,回合开始时，获得一张《神骸》,Get 1 <Divine Remains> at the start of the turn,ターン開始時に、『神骸』を1枚獲得する。
IE_Info/1009,Text,,造成伤害后，追加【防御*<$RDemage$>】点真实伤害,"On dealing damage, inflict an extra [Defense * <$RDemage$>] True Damage",ダメージを与えたあと、追加で「防御力*<$RDemage$>」真実ダメージを与える。
IE_Info/1010,Text,,丢弃卡牌后，获得<#BuffCount#>层【抵抗】,"On discarding a card, grant <#BuffCount#> stacks of [Resistance]",カードを捨てると、<#BuffCount#>の「抵抗」を得る。
IE_Info/1011,Text,,自身及左右单位受到伤害时，【标记】对方,"When self and adjacent units take damage, [Mark] the enemy",自身および隣接ユニットがダメージを受けると、相手を「マーク」する。
IE_Info/1012,Text,,使用《灵嚼》后<$GetCardPresent$>%概率重新抽一张《灵嚼》,"After using a <Mana Muncher>, <$GetCardPresent$>% to draw a new <Mana Muncher>",『霊嚼』使用後、<$GetCardPresent$>%の確率で『霊嚼』をもう一度ドローする。
IE_Info/1013,Text,,受到伤害后，回复<$HealPresent$>%生命,Restore <$HealPresent$>% HP on taking damage,ダメージを受けると、<$HealPresent$>%体力を回復する。
IE_Info/1014,Text,,每回合额外抽<#CardCount#>张《僵尸之血》,Draw <#CardCount#> extra <Zombie Blood> cards each turn,各ターンで追加で『僵屍の血』を<#CardCount#>枚ドローする。
IE_Info/1015,Text,,任意单位死亡，抽一张《僵尸之血》,Draw 1 <Zombie Blood> card when any unit dies,ユニットが撃破されるたびに、『僵屍の血』を1枚ドローする。
IE_Info/1016,Text,,对敌人使用《僵尸之血》后，<$Present$>%概率执行一次【全局抽牌】,"After using a <Zombie Blood> on an enemy, <$Present$>% chance to perform a [Random Draw]",敵に『僵屍の血』を使用後、<$Present$>%の確率で「全体ドロー」を1回実行する。
IE_Info/1017,Text,,任意方式使用卡牌后，<$Present$>%对随机敌人释放一次《鬼火》（视为卡牌事件）（优先标记）,"After using a card in any way, <$Present$>% chance to use <Ghost Fire> on a random enemy (counted as a card event, prioritizing Marked targets)",いかなる方法でカードを使用したあと、<$Present$>%の確率でランダムな敵に『鬼火』を1回発動する（カード使用としてみなす。「マーク」された敵を優先）。
IE_Info/1018,Text,,任意单位普攻后，召唤触手对目标造成【<$MDemage$>*攻击力】点卡牌伤害,"After any unit's Basic Attack, summon tentacles to deal [<$MDemage$> * Attack] Card Damage to the target",任意のユニットが通常攻撃したあと、触手を召喚してターゲットに「<$MDemage$>*攻撃力」のカードダメージを与える。
IE_Info/1019,Text,,使用卡牌后，随机一名带有【疫毒】的敌人结算一次【疫毒】效果,"After using a card, a random enemy with [Plague Toxin] resolves the [Plague Toxin] effect once",カード使用後、「疫毒」が付与されているランダムな敵の「疫毒」効果を1回発動する。
IE_Info/1020,Text,,使用卡牌后，所有敌人叠加<#BuffCount#>层【法穿】,"After using a card, stack <#BuffCount#> [Magic Penetration] to all enemies",カード使用後、すべての敵に「法術貫通」を<#BuffCount#>付与する。
IE_Info/1021,Text,,回合开始时，为自身相邻的1/2名敌人施加<#PBuffCount#>层【疫毒】,"At the start of the turn, inflict <#PBuffCount#> stacks of [Plague Toxin] on 1/2 enemies adjacent to this unit",ターン開始時、自身に隣接する1/2名の敵に「疫毒」を<#PBuffCount#>スタック付与する。
IE_Info/1022,Text,,对带有【疫毒】敌人普攻时，追加【<$MDemage$>*疫毒层数】的卡牌伤害,"When performing Basic Attacks on enemies with [Plague Toxin], deal an extra [<$MDemage$> * Plague Toxin stack] Card Damage",「疫毒」が付与されている敵に通常攻撃するとき、追加で「<$MDemage$>*疫毒スタック」のカードダメージを与える。
IE_Info/1023,Text,,回合结束时，手牌中所有【疫毒】效果提高<$AddCount$>%（线性增涨）,"At the end of the turn, increase all the [Plague Toxin] effects in hand cards by <$AddCount$>% (linear growth)",ターン終了時、手札にあるすべての「疫毒」効果が<$AddCount$>%増加する（線形増加）。
IE_Info/1024,Text,,回合开始时，所有己方单位获得尸姬大人等级一半的【龙威】,"At the start of the turn, all allied units gain [Dragon's Presence] equal to half of the Lady Zombie's level",ターン開始時、すべての味方ユニットが屍姫レベルの半分の「龍威」を得る。
IE_Info/1025,Text,,当前每损失<$NeedHp$>%生命，造成伤害提高<$AddDemage$>%（独立乘区）,"For each <$NeedHp$>% of HP lost, increase damage dealt by <$AddDemage$>% (independent multiplier)",<$NeedHp$>%体力を失うごとに、与えるダメージが<$AddDemage$>%増加する（独立乗算）。
IE_Info/1026,Text,,每回合第一次弃牌后，抽一张《烟酒行歌》（手牌已满时不触发该效果）,"After discarding a card for the first time each turn, draw a <Smoke & Liquor Ballad> (skipped if your hand is full)",各ターンで初めてカードを捨てたあと、『煙酒行歌』を1枚ドローする（手札枚数上限に達した場合はこの効果を発動しない）。
IE_Info/1027,Text,,普攻后号令左侧单位攻击同一目标（视为普攻）,"After a Basic Attack, command the unit to the left to attack the same target (counted as a Basic Attack)",通常攻撃後、左のユニットが同じターゲットを攻撃する（通常攻撃としてみなす）。
IE_Info/1028,Text,,敌方被《僵尸之血》攻击时，追加<#BuffCount#>层【破甲】,Inflict <#BuffCount#> [Sunder Armor] when the enemy is attacked by <Zombie Blood>,敵が『僵屍の血』に攻撃されるとき、追加で「破れ」を<#BuffCount#>付与する。
IE_Info/1029,Text,,己方单位被《僵尸之血》治疗时，获得<#BuffCount#>层【怒意】,Grant <#BuffCount#> [Rage] when an ally is healed by <Zombie Blood>,味方ユニットが『僵屍の血』で回復されるとき、『激怒』を<#BuffCount#>得る。
IE_Info/1030,Text,,普攻后，对目标释放《僵尸之血》（视为卡牌事件）,Use <Zombie Blood> on the target after a Basic Attack (counted as a card event),通常攻撃後、ターゲットに『僵屍の血』を発動する（カード使用としてみなす）。
IE_Info/1031,Text,,全场累计普攻<#CompleteCount#>次，获得一张斩立决,Get an Immediate Execution card after allies perform <#CompleteCount#> Basic Attacks in total,味方ユニットが通常攻撃を<#CompleteCount#>回行うごとに、『即斬』を1枚獲得する。
IE_Info/1032,Text,,任意方式造成伤害后，自身获得<#BuffCount#>层【杀意】,Gain <#BuffCount#> [Killing Malice] after any damage is dealt by any means,ダメージを与えたあと、自身は「殺意」を<#BuffCount#>得る。
IE_Info/1033,Text,,伤害提高<$DemageUp$>%（独立乘区）,Damage +<$DemageUp$>% (independent multiplier),与えるダメージが<$DemageUp$>%増加する（独立乗算）。
IE_Info/1034,Text,,,,
IE_Info/1035,Text,,任意手段触发岁月效果时，自身最大生命值-<#CostMaxHp#>，随机敌人受到<DemagePresent>%当前生命值的卡牌伤害,"On triggering the effect of Aging by any means, self Max HP -<#CostMaxHp#>, a random enemy takes <DemagePresent>% of Current HP's Card Damage",いかなる手段でも歳月の効果を発動するとき、自身の体力上限-<#CostMaxHp#>、ランダムな敵が現在体力<DemagePresent>%分のカードダメージを受ける。
IE_Info/1036,Text,,回合开始时，随机从本回合的使用过的卡牌中抽一张放回手牌，（视为抽牌事件）,"At the start of the turn, randomly draw a card from the cards used this turn and return it to hand (counted as a draw event)",ターン開始時、このターンで使用したカードからランダムに1枚を手札に加える（ドローとしてみなす）。
IE_Info/1037,Text,,回合结束时，随机一张手牌费用-1,"At the end of the turn, -1 cost for a random hand card",ターン終了時、ランダムな手札の1枚のコスト-1。
IE_Info/1038,Text,,回合开始或非自身岁月效果触发时，执行1次【全局抽牌】,"At the start of the turn  or when a non-self Time effect triggers, perform a [Random Draw]",ターン開始時、または自身以外の 【歳月】 効果発動時「全体ドロー」を1回実行する。
IE_Info/1039,Text,,每回合第一次敌人死亡后，将一张《昨日》加入手牌（回合开始时重置该效果）,"Each turn, on the first death of an enemy, add 1 <Bygone Days> to hand (reset this effect at the start of the turn)",各ターンで初めて敵が撃破されたあと、『往日』を1枚手札に加える（ターン開始時にこの効果をリセットする）。
IE_Info/1040,Text,,回合结束时，所有场上单位减少<$HpCost$>%当前生命值(不致死),"At the end of the turn, all units on the field lose <$HpCost$>% Current HP (non-lethal)",ターン終了時、すべてのフィールドにいるユニットは現在体力の<$HpCost$>%分を失う（撃破不能）。
IE_Info/1041,Text,,回合开始时，生成<#SwordCount#>把飞剑,"At the start of the turn, spawn <#SwordCount#> [Flying Swords]",ターン開始時、<#SwordCount#>本の飛剣を召喚する。
IE_Info/1042,Text,,每消耗一把飞剑，随机己方单位获得<#BuffCount#>层【灵压】,"Every time a flying sword is consumed, a random allied unit gains <#BuffCount#> [Spiritual Pressure]",飛剣を1本消費するごとに、ランダムな味方ユニットが「霊圧」を<#BuffCount#>得る。
IE_Info/1043,Text,,回合结束时，自身每剩余1点行动次数，生成<#SwordCount#>把飞剑对随机敌人造成【攻击力*<$Demage$>】点卡牌伤害,"At the end of the turn, for each point of remaining AP, spawn <#SwordCount#> flying swords to deal [Attack * <$Demage$>] Card Damage to a random enemy",ターン終了時、残された行動回数1ごとに、<#SwordCount#>本の飛剣を召喚してランダムな敵に「攻撃力*<$Demage$>」のカードダメージを与える。
IE_Info/1044,Text,,抽到自身卡牌时回复<#Magic#>点【灵力】,Restore <#Magic#> [Mana] when drawing this unit's cards,自身のカードをドローするときに「霊力」を<#Magic#>回復する。
IE_Info/1045,Text,,普攻后，<$Present$>%概率无条件使用一张随机手牌（不消耗卡牌）（视为卡牌事件）,"After a Basic Attack, <$Present$>% chance to use a random hand card for free (without consuming the card, counted as a card event)",通常攻撃後、<$Present$>%の確率でコストなしでランダムな手札を使用する（手札を消費しない、カード使用としてみなす）。
IE_Info/1046,Text,,每场战斗，累计使用<#CompleteCount#>次卡牌后，将一张《始源灵阵》加入手牌,"Each battle, after using <#CompleteCount#> cards in total, add 1 <Primordial Formation> to hand",各戦闘で、カードを合計<#CompleteCount#>枚使用したあと、『源の霊陣』を1枚手札に加える。
IE_Info/1047,Text,,任意己方单位被击时，将损失血量的<$Present$>%转化为自身和左侧单位的【攻击力】,"When any allied unit is hit, convert <$Present$>% of the lost HP into [Attack] for self and the unit to the left",任意の味方ユニットが攻撃されたとき、失った体力の<$Present$>%を自身と左のユニットの「攻撃力」に変える。
IE_Info/1048,Text,,回合开始时，将一张《自刀》加入手牌,Add 1 <Suicidal Stab> to hand at the start of the turn,ターン開始時、『自害』を1枚手札に加える。
IE_Info/1049,Text,,带有【血祭】的单位死亡时，向左右扩散<$Present$>%层数,"When a unit with [Blood Sacrifice] dies, add <$Present$>% stacks to its adjacent units",「血祭」が付与されているユニットが撃破されたとき、両側に<$Present$>%のスタックを拡散する。
IE_Info/1050,Text,,全场对带有【疫毒】的敌人造成任意伤害后，为目标和左右单位添加<#BuffCount#>层【疫毒】,"After allied units deal any damage to an enemy inflicted with [Plague Toxin], add <#BuffCount#> [Plague Toxin] to the target and its adjacent units",すべてのユニットが「疫毒」の付与されている敵に任意のダメージを与えたあと、ターゲットとその隣接ユニットに「疫毒」を<#BuffCount#>付与する。
IE_Info/1051,Text,,所有敌人行动前，结算一次【疫毒】效果,"Before all enemies act, resolve the [Plague Toxin] effect once",すべての敵が行動する前に、「疫毒」の効果を1回発動する。
IE_Info/1052,Text,,任意带有【疫毒】的敌人被击时，【汲取】<#EatValue#>点最大生命值,"When any enemy with [Plague Toxin] is hit, [Drain] <#EatValue#> Max HP",「疫毒」が付与されている敵が攻撃されたとき、<#EatValue#>体力上限を「吸収」する。
IE_Info/1053,Text,,无法以任何方式回复生命值（不可移除）,Cannot restore HP in any way (non-removable),いかなる方法でも体力を回復できない（解除できない）。
IE_Info/1054,Text,,普攻后追加【攻击力*<$DemagePresent$>】的普通伤害,Deal an extra [Attack * <$DemagePresent$>] Normal Damage after a Basic Attack,通常攻撃後、追加で「攻撃力*<$DemagePresent$>」の通常ダメージを与える。
IE_Info/1055,Text,,每回合第一次普攻，【眩晕】目标,[Stun] the target with the first Basic Attack each turn,各ターンの初めての通常攻撃はターゲットに「スタン」を付与する。
IE_Info/1056,Text,,回合开始时，损失<$CostHp$>%当前生命值，获得<#BuffCount#>层【狂性】和一张《祖宗八倍拳》,"At the start of each turn, lose <$CostHp$>% of Current HP, gain <#BuffCount#> stacks of [Mania], and draw a <Eightfold Ancestral Fist>",ターン開始時に現在体力の<$CostHp$>%を失い、「狂暴」<#BuffCount#>と『先祖継承拳』を1枚得る。
IE_Info/1057,Text,,自身累计造成<#CompleteCount#>点伤害后，获得一张《武魂真躯》（仅一次）,Get 1 <Martial Avatar> card after dealing <#CompleteCount#> damage in total by self .(Once only),自身が合計<#CompleteCount#>ダメージを与えたあと、『武魂真体』を1枚獲得する。（1回限り）
IE_Info/1058,Text,,全场造成任意伤害累计<#CompleteCount#>次后，获得一张《武魂真躯》（仅一次）,Get 1 <Martial Avatar> card after allied units deal damage <#CompleteCount#> times in total .(Once only),累計<#CompleteCount#>回ダメージを与えたあと、『武魂真体』を1枚獲得する（1回限り）。
IE_Info/1059,Text,,"受到伤害减半,免疫所有debuff,
自身造成任意伤害后，追加<$DemagePresent$>%的真实伤害","Halve the damage taken, ignore any debuffs.
Inflcit an extra <$DemagePresent$>% True Damage after dealing any damage","受けるダメージが半減し、すべてのデバフを無効化する。
自身がダメージを与えたあと、追加で<$DemagePresent$>%の真実ダメージを与える。"
IE_Info/1060,Text,,使用任意卡牌或者回合结束时，获得<#Sword#>把【飞剑】,Gain <#Sword#> [Flying Swords] on using any card or at the end of the turn,カード使用またはターン終了時に、<#Sword#>本の「飛剣」を獲得する。
IE_Info/1061,Text,,使用《回龙剑》后，将一张未升级的《追风》加入手牌,Add a basic <Wind Chaser> to hand after using a <Circling Dragon Sword>,『回龍剣』を使用したあと、グレードアップしていない『風追い』を手札に加える。
IE_Info/1062,Text,,所有伤害卡牌倍率+<$Demage$>，同时获得【遗忘】标签（【随风】标签卡牌不会获得【遗忘】标签）,"All damage-dealing cards gain a multiplier of +<$Demage$>, and gain the [Forgotten] tag (excluding cards with the [Wind-Led] tag)",すべてのダメージカードの倍率+<$Demage$>、「忘却」のワードを獲得する。（「随風」ワードのカードは「忘却」を獲得しない）
IE_Info/1063,Text,,任意己方单位累计损失<$DemageNeed$>%自身最大生命值后，获得一张<#CardID#>,Get 1 <#CardID#> after any allied unit loses <$DemageNeed$>% Max. HP in total,任意の味方ユニットが累計で体力上限の<$DemageNeed$>%分の体力を失うと、<#CardID#>を1枚獲得する。
IE_Info/1064,Text,,"每回合开始时，获得<#CardCount#>张《僵尸之血》
所有《僵尸之血》卡牌倍率+<$DemageMult$>%","Get <#CardCount#> <Zombie Blood> cards at the start of each turn
All <Zombie Blood> cards get a +<$DemageMult$>% multiplier","各ターン開始時に『僵屍の血』を<#CardCount#>枚獲得する。
すべての『僵屍の血』のカード倍率+<$DemageMult$>%。"
IE_Info/1065,Text,,全场所有伤害型卡牌，造成伤害额外受到<$CostHpMult$>倍损失血量加成,All damage-dealing cards get an additional damage multiplier equal to <$CostHpMult$> x lost HP,すべてのダメージカードは失われた体力の<$CostHpMult$>倍のダメージボーナスを受ける。
IE_Info/1066,Text,,全场所有《僵尸之血》额外受到<$MagicMult$>倍卡牌强度加成,All <Zombie Blood> cards get an <$MagicMult$>x Card Power Bonus,すべての『僵屍の血』は追加で<$MagicMult$>倍のカード強度ボーナスを受ける。
IE_Info/1067,Text,,任意方式使用《僵尸之血》后，本场战斗的《僵尸之血》伤害+<$ValueUp$>,Using <Zombie Blood> by any means increases its damage by <$ValueUp$> for this battle,いかなる方法でも『僵屍の血』を使用後、本戦闘での『僵屍の血』のダメージ+<$ValueUp$>。
IE_Info/1068,Text,,敌人死亡时，自身最大生命值永久+<$AddHp$>,Permanently increase Max HP by <$AddHp$> on enemy death,敵が撃破されたとき、自身の体力上限が永続的に+<$AddHp$>。
IE_Info/1069,Text,,战斗开始时，获得一张《生死撩断》,Get 1 <Severance of Life and Death> at the start of battle,戦闘開始時に、『生死断絶』を1枚獲得する。
IE_Info/1070,Text,,累计使用<#CompleteCount#>张《僵尸之血》后，获得一张《生死撩断》,Get 1 <Severance of Life and Death> on using a total of <#CompleteCount#> <Zombie Blood> cards,『僵屍の血』を<#CompleteCount#>枚使用したあと、『生死断絶』を1枚獲得する。
IE_Info/1071,Text,,回合开始时，若手牌中没有《绘涩》将一张未升级的《绘涩》加入手牌,"At the start of the turn, if you have no <Eros> card in hand, add 1 basic <Eros> to hand",ターン開始時に、手札に『絵渋』がない場合、アップグレードしていない『絵渋』を手札に加える。
IE_Info/1072,Text,,回合结束时，若剩余行动次数，则对随机敌人释放《心欲流泉》（视为卡牌事件）,"At the end of the turn, if any AP remains, use <Fountain of Desires> on a random enemy (counted as a card event)",ターン終了時に行動回数が残っている場合、ランダムな敵に『心欲流泉』を発動する（カード使用としてみなす）。
IE_Info/1073,Text,,所有己方单位卡牌伤害提高<$Demage$>%（独立乘区）,All allied units +<$Demage$>% Card Damage (independent multiplier),すべての味方ユニットのカードダメージが<$Demage$>%増加する（独立乗算）。
IE_Info/1074,Text,,自身任意方式攻击带有异常状态的敌人时，追加<$MDemage$>点卡牌伤害,"When attacking debuffed enemies by any means, inflict an extra <$MDemage$> Card Damage",自身が任意の方法でデバフが付与されている敵を攻撃するとき、追加で<$MDemage$>カードダメージを与える。
IE_Info/1075,Text,,每回合第一次弃牌后，对随机敌人释放《桃花烬》,"After discarding a card for the first time each turn, use <Peach Blossom Embers> on a random enemy",各ターンで初めてカードを捨てると、ランダムな敵に『桃花燼』を発動する。
IE_Info/1076,Text,,"任意单位死亡时，将目标最大生命值的<$AddOnce$>%累计至【红熏】的伤害
当前：<$AddDemage$>","On the death of any unit, stack <$AddOnce$>% of the target's Max HP to the damage of [Red Brush]
Current: <$AddDemage$>","任意のユニットが撃破されたとき、ターゲットの体力上限の<$AddOnce$>%分を「紅染」のダメージに加える。
現在：<$AddDemage$>"
IE_Info/1077,Text,,战斗开始时，所有己方单位睁开<#BuffCount#>只【心眼】，【心眼】会提供暴击效果,"At the start of battle, all allied units open <#BuffCount#> [Mind's Eyes], which grants critical hits",戦闘開始時、すべての味方ユニットが<#BuffCount#>の「心眼」を開く。「心眼」は会心効果を与える。
IE_Info/1078,Text,,任意方式暴击后，消耗2把飞剑对随机敌人造成【<$BaseDemage$>+卡牌强度】点卡牌伤害,"After landing any critical hits, consume 2 flying swords to deal [<$BaseDemage$> + Card Power] Card Damage to a random enemy",会心後、飛剣を2本消費してランダムな敵に「<$BaseDemage$>+カード強度」のカードダメージを与える。
IE_Info/1079,Text,,累计抽到<#CompleteCount#>张【水】卡牌后，发动《索心》（不触发卡牌事件）,"After drawing a total of <#CompleteCount#> [Water] cards, cast a <Heart Seeker> (without triggering a card event)",「水」カードを合計<#CompleteCount#>枚ドローしたあと、『索心』を発動する（カード使用とみなさない）。
IE_Info/1080,Text,,回合开始时损失<$CostHp$>%最大生命值（不致死)，同时对相邻的2/3名敌人造成【已损失血量*<$Demage$>】的卡牌伤害,"Lose <$CostHp$>% Max HP at the start of the turn (non-lethal), and deal [Lost HP * <$Demage$>] Card Damage to 2/3 adjacent enemies",ターン開始時に体力上限<$CostHp$>%分の体力を失い（撃破不能）、隣接する敵2/3名に「失っている体力*<$Demage$>」のカードダメージを与える。
IE_Info/1081,Text,,回合结束时，每剩余一次行动次数，触发一次溺死的鱼,"At the end of the turn, trigger [Drowned Fish] once for each AP that remains",ターン終了時、残された行動回数1ごとに、溺れた魚を1回発動する。
IE_Info/1082,Text,,被击后，触发溺死的鱼,Trigger [Drowned Fish] on being hit,攻撃されたあと、溺れた魚を発動する。
IE_Info/1083,Text,,回合结束时，本回合未受到敌人攻击时，获得<#BuffCount#>嘲讽,"Grant <#BuffCount#> [Taunt] at the end of the turn, if this unit is not attacked by any enemies throughout the turn",ターン終了時、本ターンで敵からの攻撃を受けていない場合、<#BuffCount#>挑発を得る。
IE_Info/1084,Text,,左侧单位使用任意卡牌时，【汲取】自身<#EatValue#>点攻击力,"When a unit on the left uses any card, [Drain] <#EatValue#> Attack from this unit",左のユニットがカードを使用するとき、自身から<#EatValue#>攻撃力を「吸収」する。
IE_Info/1085,Text,,全场触发【汲取】效果时，自身额外获得等量的汲取效果,"When any allied unit triggers the [Drain] effect, this unit gets the equivalent [Drain] effect",「吸収」効果が発動したとき、自身は追加で同量の吸収効果を得る。
IE_Info/1086,Text,,全场触发【汲取】效果时，自身获得<#BuffCount#>层【灵压】,"When any allied unit triggers the [Drain] effect, this unit gets <#BuffCount#> [Spiritual Pressure]",「吸収」効果が発動したとき、自身は「霊圧」を<#BuffCount#>得る。
IE_Info/1087,Text,,任意单位死亡后，施展一次《盘龙根》（视为卡牌事件）,"When any unit dies, cast 1 <Coiling Dragon Root> (counted as a card event)",任意のユニットが撃破されたあと、『盤龍根』を1回発動する（カード使用としてみなす）。
IE_Info/1088,Text,,被击后，获得自身【雷反】层数一半的【攻击力】和【灵压】,"On being hit, gain [Attack] and [Spiritual Pressure] equal to half of the current [Lightning Counter] stacks",攻撃されたあと、自身の「雷返し」スタックの半分の「攻撃力」と「霊圧」を得る。
IE_Info/1089,Text,,全场造成的真实伤害的<$GetShield$>%转化为护盾,"When any allied unit deals True Damage, the unit converts <$GetShield$>% of the damage dealt into Shield",すべてのユニットが与える真実ダメージの<$GetShield$>%がシールドに変わる。
IE_Info/1090,Text,,全场所有抽到的【雷】卡牌，卡牌强度系数+<#AddCardDemage#>,’+<#AddCardDemage#> Card Power to all [Lightning] cards drawn,ドローされた「雷」カードのカード強度係数+<#AddCardDemage#>。
IE_Info/1091,Text,,奇数回合开始时，获得一张《天地皆我》,Get 1 <Domination of Heaven and Earth> at the start of each odd turn,奇数ターン開始時に、『天地皆我』を1枚獲得する。
IE_Info/1092,Text,,每回合开始时，<$CardPresent$>%概率获得一张<#CardID#>,,
IE_Info/1093,Text,,回合结束时，若剩余行动次数，获得<#CardCount#>张<#CardID#>,"At the end of the turn, if any AP remains, get <#CardCount#> <<#CardID#>>",ターン終了時に行動回数が残されている場合、<#CardID#>を<#CardCount#>枚獲得する。
IE_Info/1094,Text,,累计丢弃一张【水】卡牌，一张【火】卡牌后，执行一次【全局抽牌】,"After discarding a [Water] card and a [Fire] card, perform a [Random Draw]",「水」カード1枚と「火」カード1枚を捨てたあと、「全体ドロー」を1回実行する。
IE_Info/1095,Text,,任意单位任意方式累积使用<#CardCount#>张任意卡牌后，自身获得<#BuffCount#>层【抵抗】,"After any unit uses a total of <#CardCount#> cards by any means, this unit gains <#BuffCount#> stacks of [Resistance]",任意のユニットがいかなる方法でも<#CardCount#>枚のカードを使用すると、自身は「抵抗」を<#BuffCount#>得る。
IE_Info/1096,Text,,任意单位死亡时，随机【汲取】一名敌人<#EatValue#>点全灵根。,"When any unit dies, [Drain] <#EatValue#> points of all Spiritual Roots from a random enemy.",任意のユニットが撃破されたとき、ランダムな敵から<#EatValue#>全霊根を「吸収」する。
IE_Info/1097,Text,,任意单位任意方式造成卡牌伤害时，<$CardPresent$>%概率释放一次《瘴域》（视为卡牌事件）,"When any unit deals Card Damage in any way, <$CardPresent$>% chance to use a <Field of Miasma> (counted as a card event)",任意のユニットがカードダメージを与えるとき、<$CardPresent$>%の確率で『瘴域』を発動する（カード使用としてみなす）。
IE_Info/1098,Text,,任意方式触发汲取时，<$GetMagicPresent$>%概率回复<#Magic#>点灵力,<$GetMagicPresent$>% chance to restore <#Magic#> Mana when triggering [Drain] in any way,いかなる方法で吸収を発動するとき、<$GetMagicPresent$>%の確率で<#Magic#>霊力を回復する。
IE_Info/1099,Text,,全场任意方式使用【火】/【风】卡牌后，对周围1/2名敌人叠加<#BuffCount#>层【破甲】和【法穿】,"When any [Fire] / [Wind] cards are used in any way, stack <#BuffCount#> [Sunder Armor] and [Magic Penetration] on 1/2 surrounding enemies",いかなる方法で「火」/「風」カードを使用後、周りの敵1/2名に「破れ」と「法術貫通」を<#BuffCount#>付与する。
IE_Info/11,Text,,风灵根+【尸姬大人等级*1】,,
IE_Info/11001,Text,,任意卡牌使用后，对随机目标及左右单位造成【<$MDemage$>】点卡牌伤害。并添加<#BuffCount#>层【法穿】（优先卡牌指向敌人）,"After using any cards, deal [<$MDemage$>] Card Damage to a random target and its adjacent units, and inflict <#BuffCount#> stacks of [Magic Penetration] (prioritizing enemies)",任意のカードを使用後、ランダムなターゲットとその隣接ユニットに「<$MDemage$>」カードダメージを与え、「法術貫通」を<#BuffCount#>付与する。（優先的に敵を指定する）
IE_Info/11004,Text,,攻击力+<$Add_Atk_Mult$>%，普攻后【汲取】<#AddAtk#>点攻击力,Attack +<$Add_Atk_Mult$>%. [Drain] <#AddAtk#> Attack after a Basic Attack,攻撃力+<$Add_Atk_Mult$>%、通常攻撃後、<#AddAtk#>攻撃力を「吸収」する。
IE_Info/11007,Text,,普攻后，自身及左右获得<#Defence#>点防御和【<$Shield$>+<$HpMult$>%*(最大生命值)】点护盾,"After a Basic Attack, grant <#Defence#> Defense to self and adjacent units and [<$Shield$>+<$HpMult$>% * (Max HP)] Shield",通常攻撃後、自身および隣接ユニットが<#Defence#>防御力と「<$Shield$>+<$HpMult$>%*(体力上限)」シールドを得る。
IE_Info/11010,Text,,丢弃卡牌后，自身及左右获得<#BuffCount#>层【抵抗】,"On discarding a card, grant <#BuffCount#> stacks of [Resistance] to self and adjacent units",カードを捨てると、自身および隣接ユニットが「抵抗」を<#BuffCount#>得る。
IE_Info/11013,Text,,"受到伤害后，回复<$HealPresent$>%生命
【卡牌强度】加成提高<$Add_MagicMult_Mult$>%","Restore <$HealPresent$>% HP on taking damage
[Card Power] multiplier +<$Add_MagicMult_Mult$>%","ダメージを受けると、<$HealPresent$>%体力を回復する。
「カード強度」のボーナスは<$Add_MagicMult_Mult$>%増加する。"
IE_Info/11018,Text,,"任意单位普攻后，召唤触手对目标造成【<$MDemage$>*攻击力】点卡牌伤害
自身造成任意伤害后，叠加<#PBuffCount#>层【疫毒】","After any unit's Basic Attack, summon tentacles to deal [<$MDemage$> * Attack] Card Damage to the target
Inflict <#PBuffCount#> stacks of [Plague Toxin] each time this unit deals any damage","任意のユニットが通常攻撃したあと、触手を召喚してターゲットに「<$MDemage$>*攻撃力」のカードダメージを与える。
自身がダメージを与えると、「疫毒」を<#PBuffCount#>スタック付与する。"
IE_Info/1102,Text,,回合开始时，获得<#BuffCount#>层【攻击力】、【灵压】，单轮战斗中每次触发效果翻倍（正面buff单次最多获得100层）,"Gain <#BuffCount#> [Attack] and [Spiritual Pressure] at the start of the turn. Each battle, this effect doubles each time it triggers (A buff can stack up to 100 at a time)",ターン開始時、「攻撃力」と「霊圧」を<#BuffCount#>得る。各戦闘で発動するごとに効果が2倍になる（1回で得られるバフは最大100スタックまで）。
IE_Info/11021,Text,,"回合开始时，为自身相邻的1/2名敌人施加<#PBuffCount#>层【疫毒】
任意方式使用卡牌后，额外触发一次毒囊效果","At the start of the turn, inflict <#PBuffCount#> stacks of [Plague Toxin] on 1/2 enemies adjacent to this unit
After using a card in any way, trigger the Poison Sac effect one extra time","ターン開始時、自身に隣接する1/2名の敵に「疫毒」を<#PBuffCount#>スタック付与する。
カード使用後、追加で毒嚢の効果を1回発動する。"
IE_Info/11024,Text,,"回合开始时，所有己方单位获得尸姬大人等级一半的【龙威】
打出《烟酒行歌》后，消耗<$CostHp$>%生命值(不致死)，额外获得<#BuffCount#>层【龙威】","At the start of the turn, all allied units gain [Dragon's Presence] equal to half of the Lady Zombie's level
On using a <Smoke & Liquor Ballad> card, consume <$CostHp$>% HP (non-lethal) to gain <#BuffCount#> extra stacks of [Dragon's Presence]","ターン開始時、すべての味方ユニットが屍姫レベルの半分の「龍威」を得る。
《煙酒行歌》を使用した後、<$CostHp$>%体力を消費し（撃破不能）、追加で「龍威」を<#BuffCount#>得る。"
IE_Info/11027,Text,,"普攻后号令左侧单位攻击同一目标（视为普攻）
每回合第一次普攻后，号令所有单位攻击同一目标（视为普攻）","After a Basic Attack, command the unit to the left to attack the same target (counted as a Basic Attack)
Each turn, after the first Basic Attack, command all the units to attack the same target","通常攻撃後、左のユニットが同じターゲットを攻撃する（通常攻撃としてみなす）。
各ターンで初めて通常攻撃したあと、すべてのユニットが同じターゲットを攻撃する（通常攻撃としてみなす）。"
IE_Info/1103,Text,,回合开始时，获得<#BuffCount#>层【龙威】，单轮战斗中每次触发效果提高100%,"Gain <#BuffCount#> [Dragon's Presence] at the start of the turn. Each time this effect triggers during a battle, its efficiency increases by 100%",ターン開始時、「龍威」を<#BuffCount#>得る。1回の戦闘で発動するごとに効果が100%増加する。
IE_Info/11032,Text,,"任意方式造成伤害后，自身获得<#BuffCount#>层【杀意】
生命值损失<$HpNeed_1$>%/<$HpNeed_2$>%/<$HpNeed_3$>%时，额外获得<#BuffCount_1#>/<#BuffCount_2#>/<#BuffCount_3#>层【杀意】（同时满足条件时，叠加）","Gain <#BuffCount#> [Killing Malice] after any damage is dealt by any means
On losing <$HpNeed_1$>%/<$HpNeed_2$>%/<$HpNeed_3$>% HP, gain <#BuffCount_1#>/<#BuffCount_2#>/<#BuffCount_3#> extra [Killing Malice] (stack if conditions are met)","ダメージを与えたあと、自身は「殺意」を<#BuffCount#>得る。
体力を<$HpNeed_1$>%/<$HpNeed_2$>%/<$HpNeed_3$>%失ったとき、追加で「殺意」を<#BuffCount_1#>/<#BuffCount_2#>/<#BuffCount_3#>スタック得る（同時に条件達成の場合は重複する）。"
IE_Info/11035,Text,,"任意手段触发岁月效果时，随机敌人受到<DemagePresent>%当前生命值的卡牌伤害
任意【水】卡牌使用后，对所有【标记】敌人施加【岁月】效果","On triggering the effect of Aging by any means, a random enemy takes <DemagePresent>% Current HP's Card Damage
Inflict [Aging] on all [Marked] enemies after any [Water] card is used","いかなる手段でも歳月の効果を発動するとき、ランダムな敵が現在体力<DemagePresent>%分のカードダメージを受ける。
「水」カードを使用後、すべての「マーク」された敵に「歳月」を付与する。"
IE_Info/11038,Text,,"回合开始或非自身岁月效果触发时，执行1次【全局抽牌】
偶数回合额外执行一次【全局抽牌】","At the start of the turn or when a non-self Time effect triggers, perform a [Random Draw]
Perform an extra [Random Draw] on even turns","ターン開始時、または自身以外の 【歳月】 効果発動時「全体ドロー」を1回実行する。
偶数のターンは追加で「全体ドロー」を1回実行する。"
IE_Info/1104,Text,,所有己方单位卡牌伤害提高<$Demage$>%,All allied units +<$Demage$>% Card Damage,すべての味方ユニットのカードダメージが<$Demage$>%増加する。
IE_Info/11041,Text,,回合开始时，生成<#SwordCount#>把飞剑,"At the start of the turn, spawn <#SwordCount#> [Flying Swords]",ターン開始時、<#SwordCount#>本の飛剣を召喚する。
IE_Info/11044,Text,,"抽到自身卡牌时回复<#Magic#>点【灵力】
使用自身卡牌后，<$MagicPresent$>%概率左侧单位执行一次【自身抽牌】","Restore <#Magic#> [Mana] when drawing this unit's cards
After using this unit's cards, <$MagicPresent$>% chance that the unit to the left performs a [Self Draw]","自身のカードをドローするときに「霊力」を<#Magic#>回復する。
自身のカードを使用すると、<$MagicPresent$>%の確率で左のユニットが「単体ドロー」を1回実行する。"
IE_Info/11047,Text,,任意己方单位被击时，将损失血量的<$Present$>%转化为自身和左侧单位的【攻击力】,"When any allied unit is hit, convert <$Present$>% of the lost HP into [Attack] for self and the unit to the left",任意の味方ユニットが攻撃されたとき、失った体力の<$Present$>%を自身と左のユニットの「攻撃力」に変える。
IE_Info/1105,Text,,回合结束时，所有伤害型手牌卡牌强度加成+<#AddCardUp#>,"At the end of the turn, Card Power Bonus +<#AddCardUp#> to all damage-dealing cards in hand",ターン終了時、すべてのダメージ型手札のカード強度ボーナス+<#AddCardUp#>。
IE_Info/11050,Text,,"全场对带有【疫毒】的敌人造成任意伤害后，为目标和左右单位添加<#BuffCount#>层【疫毒】
触发效果时，有<$BuffPresent$>%概率将目标【疫毒】层数翻倍并扩散至左右单位。（单次至多1000层）","After allied units deal any damage to an enemy inflicted with [Plague Toxin], add <#BuffCount#> [Plague Toxin] to the target and its adjacent units
On triggering this effect, <$BuffPresent$>% chance to double the target's and its adjacent units' [Plague Toxin] stacks. (Up to 1000 at a time)","すべてのユニットが「疫毒」の付与されている敵に任意のダメージを与えたあと、ターゲットとその隣接ユニットに「疫毒」を<#BuffCount#>付与する。
効果発動時、<$BuffPresent$>%の確率でターゲットの「疫毒」スタックを2倍にして隣接ユニットに拡散する（1回で1000スタックまで）。"
IE_Info/11054,Text,,普攻后追加【攻击力*<$DemagePresent$>】的真实伤害,Deal an extra [Attack * <$DemagePresent$>] True Damage after a Basic Attack,通常攻撃後、追加で「攻撃力*<$DemagePresent$>」の真実ダメージを与える。
IE_Info/1106,Text,,回合开始时，对相邻的2/3名敌人施加<#BuffCount#>法穿,"At the start of the turn, inflict <#BuffCount#> stacks of [Magic Penetration] on 2/3 adjacent enemies",ターン開始時、自身に隣接する2/3名の敵に「法術貫通」を<#BuffCount#>付与する。
IE_Info/11060,Text,,"使用任意卡牌或者回合结束时，获得<#Sword#>把【飞剑】和【灵压】
连续使用相同卡牌时，触发获得【灵压】数量+<#AddCount#>
当前：<#NowCount#>","Gain <#Sword#> [Flying Swords] and [Spiritual Pressure] on using any card or at the end of the turn
On using the same cards consecutively, [Spiritual Pressure] bonus +<#AddCount#>
Current: <#NowCount#>","カード使用またはターン終了時に、<#Sword#>本の「飛剣」と「霊圧」を獲得する。
同じカードを連続で使用するとき、「霊圧」+<#AddCount#>を発動する。
現在：<#NowCount#>"
IE_Info/11064,Text,,"每回合开始时，损失<$CostHp$>%当前生命，获得<#CardCount#>张《僵尸之血》
所有《僵尸之血》卡牌倍率+<$DemageMult$>%","At the start of each turn, lose <$CostHp$>% Current HP and get <#CardCount#> <Zombie Blood> cards
All <Zombie Blood> cards gain a +<$DemageMult$>% multiplier","各ターン開始時に現在体力を<$CostHp$>%失い、『僵屍の血』を<#CardCount#>枚獲得する。
すべての『僵屍の血』のカード倍率+<$DemageMult$>%。"
IE_Info/1107,Text,,任意方式使用《神骸》时，对目标相邻的1/2名敌人造成【10+卡牌强度*<$Demage$>】点卡牌伤害,Using <Divine Remains> in any way deals [10 + Card Power * <$Demage$>] Card Damage to 1/2 enemies adjacent to the target,いかなる方法でも『神骸』を使用するとき、ターゲットに隣接する1/2名の敵に「10+カード強度*<$Demage$>」のカードダメージを与える。
IE_Info/11071,Text,,"回合开始时，若手牌中没有《绘涩》将一张未升级的《绘涩》加入手牌
己方单位普攻，<$CardPresent$>%概率执行一次【自身抽牌】","At the start of the turn, if you have no <Eros> card in hand, add 1 basic <Eros> to hand
When allied units perform Basic Attacks, <$CardPresent$>% chance to perform a [Self Draw]","ターン開始時に、手札に『絵渋』がない場合、アップグレードしていない『絵渋』を手札に加える。
味方ユニットの通常攻撃で<$CardPresent$>%の確率で「単体ドロー」を1回実行する。"
IE_Info/11074,Text,,全场任意方式攻击带有异常状态的敌人时，追加<$MDemage$>点卡牌伤害,"When allied units attack debuffed enemies by any means, inflict an extra <$MDemage$> Card Damage",すべてのユニットが任意の方法でデバフが付与されている敵を攻撃するとき、追加で<$MDemage$>カードダメージを与える。
IE_Info/11077,Text,,"战斗开始时，所有己方单位睁开<#BuffCount#>只【心眼】
普攻后，将一张《心眼》加入手牌，该卡牌可以为任意单位添加【心眼】效果","At the start of battle, all allied units open <#BuffCount#> [Mind's Eyes]
After a Basic Attack, add 1 <Mind's Eye> to hand, which can be used to grant [Mind's Eye] to any allied unit","戦闘開始時、すべての味方ユニットが<#BuffCount#>の「心眼」を開く。
通常攻撃後、『心眼』を1枚手札に加える。このカードは任意のユニットに「心眼」を付与できる。"
IE_Info/1108,Text,,任意方式使用《神骸》时，目标执行一次自身抽牌,"When you use <Divine Remains> in any way, the target performs a [Self Draw]",いかなる方法でも『神骸』を使用するとき、ターゲットが単体ドローを1回実行する。
IE_Info/11080,Text,,回合开始时损失<$CostHp$>%最大生命值（不致死)，同时对相邻的2/3名敌人造成【已损失血量*<$Demage$>】的卡牌伤害,"Lose <$CostHp$>% Max HP at the start of the turn (non-lethal), and deal [Lost HP * <$Demage$>] Card Damage to 2/3 adjacent enemies",ターン開始時に体力上限<$CostHp$>%分の体力を失い（撃破不能）、隣接する敵2/3名に「失っている体力*<$Demage$>」のカードダメージを与える。
IE_Info/11085,Text,,"全场触发【汲取】效果时，自身额外获得等量的汲取效果。
所有己方【汲取】效果提高<$UpGetValue$>%","When any allied unit triggers the [Drain] effect, this unit gets the equivalent [Drain] effect.
Increase the [Drain] efficiency of all allies by <$UpGetValue$>%","「吸収」効果が発動したとき、自身は追加で同量の吸収効果を得る。
すべての味方の「吸収」効果が<$UpGetValue$>%増加する。"
IE_Info/11088,Text,,被击后，获得【雷反】层数2倍的【攻击力】和【灵压】,"On being hit, gain [Attack] and [Spiritual Pressure] equal to 2x of the current [Lightning Counter] stacks",攻撃されたあと、自身の「雷返し」スタックの2倍の「攻撃力」と「霊圧」を得る。
IE_Info/1109,Text,,战斗开始时若存在空白的装备槽，在该槽位装备一个新的“蔓延尸变之血”,"If any empty slot is available at the start of battle, equip a new ""Blood of Spreading Necromorph"" in that slot",戦闘開始時に空きの装備スロットがある場合、そのスロットに新しい「蔓延する屍変の血」を装着する。
IE_Info/11093,Text,,回合结束时，若自身及左右剩余行动次数，各自获得<#CardCount#>张<#CardID#>,"At the end of the turn, if this unit and adjacent units have any AP left, each of them gets <#CardCount#> <<#CardID#>>",ターン終了時、自身および隣接ユニットに行動回数が残っている場合、それぞれ<#CardID#>を<#CardCount#>枚獲得する。
IE_Info/11096,Text,,"任意单位死亡时，随机【汲取】一名敌人<#EatValue#>点全灵根。
任意单位任意方式使用【旁门】卡牌后，触发陪葬效果","When any unit dies, [Drain] <#EatValue#> points of all Spiritual Roots from a random enemy.
When any unit uses a [Sideway] card in any way, trigger [Sacrificial Burial]","任意のユニットが撃破されたとき、ランダムな敵から<#EatValue#>全霊根を「吸収」する。
任意のユニットが方法を問わず「邪道」カードを使用したあと、殉葬効果を発動する。"
IE_Info/11099,Text,,"全场任意方式使用【火】/【风】卡牌后，对周围1/2名敌人叠加<#BuffCount#>层【破甲】和【法穿】
本场战斗中灰烬之眼每触发一次，叠加的Debuff层数+<#BuffCountAdd#>
当前：<#BuffCountEx#>","When any [Fire] / [Wind] cards are used in any way, stack <#BuffCount#> [Sunder Armor] and [Magic Penetration] on 1/2 surrounding enemies
Each time [Eye of Ashes] is triggered, inflict +<#BuffCountAdd#> more stacks of debuffs
Current: <#BuffCountEx#>","方法を問わず「火」/「風」カードを使用したあと、周りの敵1/2名に「破れ」と「法術貫通」を<#BuffCount#>付与する。
本戦闘で灰燼の眼が1回発動するごとに、付与するデバフのスタック+<#BuffCountAdd#>。
現在：<#BuffCountEx#>"
IE_Info/1110,Text,,使用卡牌时，己方每存在一名不同的随从，自身【灵压】和【攻击力】+<#BuffCount#>,"When using a card, for each unique ally there is, +<#BuffCount#> [Spiritual Pressure] and [Attack]",カードを使用するとき、味方に異なるミニオン1名につき、自身の「霊圧」と「攻撃力」+<#BuffCount#>。
IE_Info/11104,Text,,"所有己方单位卡牌伤害提高<$Demage$>%
回合结束时，所有【风】【火】卡牌费用-<#CardCost#>","All allied units +<$Demage$>% Card Damage
At the end of the turn, -<#CardCost#> Cost for all [Wind] and [Fire] cards","すべての味方ユニットのカードダメージが<$Demage$>%増加する。
ターン終了時、すべての「風」「火」カードのコスト-<#CardCost#>。"
IE_Info/1111,Text,,自身对最中间，最左端和最右端的敌方单位造成卡牌伤害时，附加<#BuffCount#>层【攥紧】,"When dealing Card Damage to the enemy units at the center, far left, and far right, inflict <#BuffCount#> stacks of [Clench]",自身が真ん中、左端、右端の敵ユニットにカードダメージを与えるとき、「掴み」を<#BuffCount#>付与する。
IE_Info/11110,Text,,"使用卡牌时，己方每存在一名不同的随从，【灵压】和【攻击力】+<#BuffCount#>
战斗开始时，场上每存在一组重复的己方随从，获得其未升级的被动技能。","When using a card, for each unique ally there is, +<#BuffCount#> [Spiritual Pressure] and [Attack]
At the start of battle, for each pair of duplicate allied minions there is on the field, gain their un-upgraded passive abilities","カードを使用するとき、味方に異なるミニオン1名につき、自身の「霊圧」と「攻撃力」+<#BuffCount#>。
戦闘開始時、フィールドに同じ味方ミニオン1ペアがいることにつき、そのアップグレードしていないパッシブスキルを獲得する。"
IE_Info/11114,Text,,"抽到的卡牌费用-<#SubCount#>
<$Present$>%概率费用-<#SubCount_2#>","-<#SubCount#> Cost for the card drawn
<$Present$>% chance to -<#SubCount_2#>","ドローされたカードのコスト-<#SubCount#>。
<$Present$>%の確率でコスト-<#SubCount_2#>。"
IE_Info/11119,Text,,所有己方单位，护盾大于<$ShiedlNeed_1$>/<$ShiedlNeed_2$>/<$ShiedlNeed_3$>时，全伤害提高<$Demage_1$>%/<$Demage_2$>%/<$Demage_3$>%(独立乘区),All damage +<$Demage_1$>%/<$Demage_2$>%/<$Demage_3$>% (independent multiplier) to any allied units with more than <$ShiedlNeed_1$>/<$ShiedlNeed_2$>/<$ShiedlNeed_3$> Shield,シールドが<$ShiedlNeed_1$>/<$ShiedlNeed_2$>/<$ShiedlNeed_3$>を超えている味方ユニットは、すべてのダメージが<$Demage_1$>%/<$Demage_2$>%/<$Demage_3$>%増加する（独立乗算）。
IE_Info/1112,Text,,当携带牵偶丝的随从被击时，对攻击来源使用一张未升级的【巨擎袭】（不触发卡牌事件）,"When a minion with Puppet Thread is attacked, cast a basic [Colossal Assault] on the attacker (without triggering a card event)",操り人形の紐が付与されているミニオンが攻撃されるとき、攻撃者にアップグレードしていない「巨擎撃」を使用する（カード使用としてみなさない）。
IE_Info/11122,Text,,自身普攻或使用卡牌后，全伤害提高<$DemageUp$>%(当前：<$ADemageNow$>%),"After this unit performs a Basic Attack or uses a card, all damage +<$DemageUp$>% (Current: <$ADemageNow$>%)",自身が通常攻撃またはカード使用後、すべてのダメージが<$DemageUp$>%増加する（現在：<$ADemageNow$>%）。
IE_Info/11125,Text,,"第一回合开始时，移除所有单位<$CostHp$>%最大生命值的血量
任意己方单位造成非普通伤害暴击时，移除随机敌人<$CostHp_1$>%最大生命值，剩余生命不足时，致死","At the start of Turn 1: Remove <$CostHp$>% of Max HP from all units
When any ally CRITs with non-Normal Damage: Remove <$CostHp_1$>% Max HP from a random enemy, killing it if its remaining HP is insufficient","初めてのターン開始時、すべてのユニットが体力上限<$CostHp$>%分の体力を失う。
任意の味方ユニットが非通常ダメージで会心したとき、ランダムな敵が体力上限の<$CostHp_1$>%分の体力を失い、残り体力が不足している場合は撃破される。"
IE_Info/11128,Text,,"所有抽到卡牌费用+<#Cost#>,卡牌面板提高<$AddValue$>%
每经过一回合，该效果提高<$UpValue$>%","All cards drawn +<#Cost#> Cost, but +<$AddValue$>% card stats
This effect intensifies by <$UpValue$>% each turn","ドローされたカードのコスト+<#Cost#>、カード効果が<$AddValue$>%増加する。
1ターン経過するごとに、この効果が<$UpValue$>%増加する。"
IE_Info/11129,Text,,"自身受到伤害储存为魂力，每回合开始时清零，结束时攻击全场造成【魂力*<$AddValue$>+攻击力*<$AtkValue$>】卡牌伤害。
当前魂力：<#SoulPower#>","Convert damage taken into Soul Power, which resets to zero at the start of each turn. At the end of each turn, attack all units on the field, dealing Card Damage equal to [Soul Power * <$AddValue$> + Attack * <$AtkValue$>].
Current Soul Power: <#SoulPower#>","自身が受けたダメージを魂力として溜める。各ターン開始時に魂力をリセットし、終了時にフィールド全体を攻撃して「魂力*<$AddValue$>+攻撃力*<$AtkValue$>」のカードダメージを与える。
現在の魂力：<#SoulPower#>"
IE_Info/1113,Text,,全场累计被击<#CompleteCount#>次后，获得一张《往去神明之血》,Get 1 <Blood of Departed Deities> after allies have being hit <#CompleteCount#> times in total,累計<#CompleteCount#>回攻撃を受けたあと、『去りゆく神の血』を1枚獲得する。
IE_Info/11132,Text,,"初始有一条尾巴，每完成一次恶趣味增加一条。每条尾巴使自身全伤害+<$DemageUp$>%（最多<#MaxTail#>条）
自身普攻后，回复尾巴数的灵力。
当前尾数：<#NowTail#>
<#MaxTail#>条尾巴后青丘血脉觉醒，加强玖安所有能力","Starts with 1 tail. Gains 1 more tail each time a Sick Humor is fulfilled. Each tail increases all damage dealt by +<$DemageUp$>% (Up to <#MaxTail#> tails).
After Jiu'an performs a Basic Attack, restore Mana equal to the number of extra tails.
Current Tails: <#NowTail#>","初期状態で1本の尻尾を持つ。悪趣味を1回クリアするごとに1本増える。1本ごとに自身のすべてのダメージ+<$DemageUp$>%（最大<#MaxTail#>本まで）玖安が通常攻撃を行ったあと、尻尾の数と同じ霊力を回復する。
現在の尻尾数：<#NowTail#>
<#MaxTail#>本の尻尾で青丘の血脈が覚醒し、玖安の全ての能力が強化される。"
IE_Info/11137,Text,,"将魔蛟-云岚加入到待命随从中。
每回合开始时，所有己方单位回复<$AddValue$>%最大生命值","Add Demonic Wyrm - Cloud Mist to the standby minions.
At the start of each turn, restore <$AddValue$>% Max HP for all allied units","魔蛟-雲嵐を待機ミニオンに加える。
各ターン開始時、すべての味方ユニットが体力上限の<$AddValue$>%回復する。"
IE_Info/1114,Text,,抽到的卡牌费用-<#SubCount#>,-<#SubCount#> Cost for the card drawn,ドローされたカードのコスト-<#SubCount#>。
IE_Info/11141,Text,,回合开始时，获得<$CostHp$>%最大生命值的攻击力和<#BuffCount#>层【怒意】，生命值高于<$BigHp$>%时，重复触发一次。,"At the start of the turn, gain Attack equal to <$CostHp$>% of Max HP and <#BuffCount#> stacks of [Rage]. If Current HP is above <$BigHp$>%, trigger this effect once more.",ターン開始時、体力上限の<$CostHp$>%分の攻撃力と<#BuffCount#>の「激怒」を得る。体力が<$BigHp$>%を超えている場合、もう1回発動する。
IE_Info/11145,Text,,"无法获得任何buff，自身被施加buff时，等量扩散给左右友方单位
生命值不足一半时，扩散效果翻倍","Deny any buffs. When a buff is applied to self, spread equal stacks to adjacent allied units
When HP is below 50%, double the spread stacks","バフを得ることができず、バフを付与されると、隣接する味方ユニットに同量の効果を拡散する。
体力が半分未満の場合、拡散効果が倍増する。"
IE_Info/1115,Text,,使用《神骸》或《僵尸之血》时，对自身相邻的1/2名敌人造成<$Present$>%当前生命值的真实伤害,"When using <Divine Remains> or <Zombie Blood>, deal [<$Present$>% * Current HP] True Damage to 1/2 enemies adjacent to this unit",いかなる方法で『神骸』または『僵屍の血』を使用するとき、自身に隣接する1/2名の敵に現在体力<$Present$>%分の真実ダメージを与える。
IE_Info/11150,Text,,"回合开始或非自身岁月效果触发时，解除自身及左右单位的一种Debuff，并且所有正面Buff层数提高<#AddValue#>
回合开始或非自身岁月效果触发时，所有敌人Debuff层数提高<$AddValue$>%","At the start of the turn, or when an external Aging effect triggers, remove 1 debuff from self and adjacent units, and increase the stacks of all buffs by <#AddValue#>
At the start of the turn, or when an external Aging effect triggers, increase the debuff stacks of all enemies by <$AddValue$>%","ターン開始時または自身以外の歳月効果が発動するとき、自身および隣接ユニットのデバフを1種類解除し、すべてのバフのスタック数が<#AddValue#>増加する。
ターン開始時または自身以外の歳月効果が発動するとき、すべての敵のデバフのスタック数が<$AddValue$>%増加する。"
IE_Info/11154,Text,,战斗开始时，偷取左侧随从的所有装备效果（不会获得专属效果）,"At the start of battle, steal all item effects from the minion to the left (excluding exclusive effects)",戦闘開始時、左側のミニオンのすべての装備効果を盗む（専属効果を獲得できない）。
IE_Info/11159,Text,,任意己方单位被击时，对上次攻击自己的敌人发动一次普攻,"When any allied unit is hit, launch a Basic Attack against the last enemy that attacked this unit",任意の味方ユニットが攻撃されたとき、前回自分を攻撃した敵に通常攻撃を1回行う。
IE_Info/1116,Text,,对己方单位使用《神骸》或《僵尸之血》时，额外获得<#BuffCount#>层【抵抗】,Grant <#BuffCount#> stacks of [Resistance] when <Divine Remains> or <Zombie Blood> is used on an ally,味方ユニットに『神骸』または『僵屍の血』を使用したとき、追加で「抵抗」を<#BuffCount#>得る。
IE_Info/11163,Text,,战斗开始时，获得卡牌《一刹》；主动丢弃《一刹》《回夜》《旬月》《百载》《上下五千年》后，重新将一张《一刹》加入手牌,"Get 1 <Fleeting Instant> card at the start of battle; On actively discarding a <Fleeting Instant>, <Recurring Nights>, <Decade Months>, <Hundred Years>, or <Five Millennia>, draw another <Fleeting Instant> to hand",戦闘開始時、カード『刹那』を獲得する。自発的に『刹那』・『回夜』・『旬月』・『百載』・『上下五千年』を捨てたあと、再び『刹那』を1枚手札に加える。
IE_Info/11168,Text,,"使用卡牌时，根据标签获得额外效果。
水：全队【灵压】+<#BuffCount_1#>
火：对相邻1/2名敌人造成卡牌面板<$FireDemage$>%的伤害
风：全队回复<$Heal$>%最大生命值
雷：自身真实伤害提高<$AddDemage$>%(持续到战斗结束)","On using a card, trigger extra effects based on its tags.
Water: All allies +<#BuffCount_1#> [Spiritual Pressure]
Fire: Deal <$FireDemage$>% card stats damage to the adjacent 1/2 enemies
Wind: All allies restore <$Heal$>% Max HP
Thunder: The card's True Damage + <$AddDemage$>% (until the battle ends)","カードを使用するとき、タグで追加効果を得る。
水：味方全体の「霊圧」+<#BuffCount_1#>
火：隣接する敵1/2名にカードパネル<$FireDemage$>%のダメージを与える
風：味方全体を体力上限の<$Heal$>%回復する
雷：自身の真実ダメージが<$AddDemage$>%増加する（戦闘終了まで持続する）"
IE_Info/1117,Text,,丢弃卡牌后，对随机敌人造成<$Present$>%最大生命值真伤,"On discarding the card, deal [<$Present$>% * Max HP] True Damage to a random enemy",カードを捨てるとき、ランダムな敵に体力上限<$Present$>%分の真実ダメージを与える。
IE_Info/11172,Text,,奇数回合开始时获得双倍行动次数，偶数回合开始时睡觉，回满血并解除所有异常状态，失去一半行动次数（向下取整）,"Gain 2x AP on odd turns. Falls asleep on even turns, losing half AP (rounded down), but also fully restores HP and removes any debuffs",奇数ターン開始時に2倍の行動回数を得る。偶数ターン開始時は居眠りし、体力を全回復し、すべてのデバフを解除する代わりに、半分の行動回数を失う（切り捨て）。
IE_Info/11176,Text,,自身造成任意伤害后获得一层【疫毒】，目标获得全场其他单位【疫毒】总层数的<$BuffAdd$>%(至多<#MaxBuffCount#>层)，然后立即结算目标身上的【疫毒】效果,"When this unit deals any damage, the target gains <$BuffAdd$>% of the total [Plague Toxin] stacks from all other units on the field (up to <#MaxBuffCount#>), and then resolve the [Plague Toxin] effect on the target",自身が任意のダメージを与えたあと、自身が疫毒を1スタック獲得する。対象はフィールド上の他の全ユニットが持つ疫毒の総スタック数の<$BuffAdd$>%を獲得し（最大<#MaxBuffCount#>スタック）、その後対象の疫毒効果を即時決済する。
IE_Info/1118,Text,,累计使用<#CompleteCount#>张【水】卡牌后，若手牌未满，执行一次【全局抽牌】,"After using a total of <#CompleteCount#> [Water] cards, perform a [Random Draw] if your hand is not full",「水」カードを合計<#CompleteCount#>枚使ったあと、手札が上限に達していない場合、「全体ドロー」を1回実行する。
IE_Info/11180,Text,,"回合开始和结束时，移除场上所有【标记】单位<$CostHp$>点生命值（不致死）。
任意带有标记的敌人被击时，移除场上所有【标记】单位<$CostHp$>点生命值（不致死）。
自身每点卡牌强度和攻击力，提高<$AddDemage$>点该伤害值。
当前：<#DemageNow#>","At the start and end of the turn, remove <$CostHp$> HP from all [Marked] units on the field (non-lethal).
Each time a [Marked] enemy is hit, remove <$CostHp$> HP from all [Marked] units on the field (non-lethal).
Each point of self Card Power and Attack increases this damage by <$AddDemage$>.
Current Damage: <#DemageNow#>","ターン開始と終了時に、フィールド上のすべての「マーク」ユニットの体力を<$CostHp$>除去する（撃破不能）。
任意のマークされた敵が攻撃されるとき、フィールドのすべての「マーク」ユニットの体力を<$CostHp$>除去する（撃破不能）。
自身のカード強度と攻撃力ごとに、このダメージが<$AddDemage$>増加する。
現在：<#DemageNow#>"
IE_Info/11183,Text,,任意随从行动后，<$GetCardPresent$>%概率获得一张《斩龙诀》,"After any follower takes action, there is a% probability that<$GetCardPresent$>will receive a ''Dragon-Slaying Decree'",任意の従者が行動した後、<$GetCardPresent$>%の確率で 《斬龍決》 を1枚獲得する。
IE_Info/1119,Text,,所有己方单位，护盾大于<$ShiedlNeed$>时，全伤害提高<$Demage$>%(独立乘区),All damage +<$Demage$>% (independent multiplier) to any allied units with more than <$ShiedlNeed$> Shield,シールドが<$ShiedlNeed$>を超えている味方ユニットは、すべてのダメージが<$Demage$>%増加する（独立乗算）。
IE_Info/1120,Text,,对带有护盾的敌人造成伤害前，移除其全部护盾。同时自身获得【最大生命值*<$ShieldMult$>】点护盾,"Before dealing damage to enemies with Shield, remove all the Shield. Also, gain [Max HP * <$ShieldMult$>] Shield",シールドを持つ敵にダメージを与える前、そのシールドをすべて解除する。自身は「体力上限*<$ShieldMult$>」シールドを得る。
IE_Info/1121,Text,,普攻后追加【<$Present$>%护盾】的卡牌伤害,Deal [<$Present$>% * Shield] Card Damage after performing a Basic Attack,通常攻撃後、追加で「<$Present$>%シールド」のカードダメージを与える。
IE_Info/1122,Text,,"自身普攻后，卡牌伤害提高<$DemageUp$>%(当前：<$PDemageNow$>%)
使用卡牌后，普通伤害提高<$DemageUp$>%(当前：<$MDemageNow$>%)","After this unit performs a Basic Attack, Card Damage +<$DemageUp$>% (Current: <$PDemageNow$>%)
After using a card, Normal Damage +<$DemageUp$>% (Current: <$MDemageNow$>%)","自身が通常攻撃をしたあと、カードダメージが<$DemageUp$>%増加する（現在：<$PDemageNow$>%）。
カード使用後、通常ダメージが<$DemageUp$>%増加する（現在：<$MDemageNow$>%）。"
IE_Info/1123,Text,,每回合第一次伤害必定<$DemageUp$>倍暴击,"Each turn, the first damage dealt always lands a <$DemageUp$>x critical hit",各ターンで初めて与えるダメージは必ず<$DemageUp$>倍の会心になる。
IE_Info/1124,Text,,使用《清风指》后，执行一次【自身抽牌】,Perform a [Self Draw] after using <Finger of Breeze>,『清風指』を使用後、「単体ドロー」を1回実行する。
IE_Info/1125,Text,,第一回合开始时，移除所有单位<$CostHp$>%最大生命值的血量,At the start of Turn 1: Remove <$CostHp$>% of Max HP from all units,初めてのターン開始時、すべてのユニットが体力上限<$CostHp$>%分の体力を失う。
IE_Info/1126,Text,,全场累计死亡<#CompleteCount#>名单位后，执行一次【全局抽牌】,Perform a [Random Draw] after a total of <#CompleteCount#> allied units have died,合計<#CompleteCount#>名のユニットが撃破されたあと、「全体ドロー」を1回実行する。
IE_Info/1127,Text,,自身被击后，移除全场敌人<$CostHp$>%最大生命值的血量,On being hit: Remove <$CostHp$>% of Max HP from all enemies,自身が攻撃されたあと、すべての敵が体力上限<$CostHp$>%分の体力を失う。
IE_Info/1128,Text,,"所有抽到卡牌费用+<#Cost#>,卡牌面板提高<$AddValue$>%","All cards drawn +<#Cost#> Cost, but +<$AddValue$>% card stats",ドローされたカードのコスト+<#Cost#>、カード効果が<$AddValue$>%増加する。
IE_Info/1129,Text,,"自身受到伤害储存为魂力，每回合结束时攻击全场造成【魂力*<$AddValue$>+攻击力*<$AtkValue$>】卡牌伤害。
当前魂力：<#SoulPower#>","Convert damage taken into Soul Power. At the end of each turn, attack all units on the field, dealing Card Damage equal to [Soul Power * <$AddValue$> + Attack * <$AtkValue$>].
Current Soul Power: <#SoulPower#>","自身が受けたダメージを魂力として溜める。各ターン終了時にフィールド全体を攻撃して「魂力*<$AddValue$>+攻撃力*<$AtkValue$>」のカードダメージを与える。
現在の魂力：<#SoulPower#>"
IE_Info/1130,Text,,"使用《鬼神躯》后，触发一次法相（回合仅限一次）
当前触发次数：<#NowCount#>/<#AllCount#>","After using <Wraithgod Form>, trigger Dharma Avatar once (once per turn)
Current Count: <#NowCount#>/<#AllCount#>","『鬼神躯』を使用後、法相を1回発動する（各ターンで1回のみ）。
現在の発動回数：<#NowCount#>/<#AllCount#>"
IE_Info/1131,Text,,回合结束时，所有己方单位获得<#BuffCount#>层【狂性】，自身魂力超过<#NeedSoul_1#>/<#NeedSoul_2#>/<#NeedSoul_3#>，额外获得<#BuffCount#>层【狂性】,"At the end of the turn, grant all allied units <#BuffCount#> stacks of [Mania]. Grant an extra <#BuffCount#> stacks of [Mania] when self Soul Power exceeds <#NeedSoul_1#>/<#NeedSoul_2#>/<#NeedSoul_3#>",ターン終了時、すべての味方ユニットが<#BuffCount#>の「狂暴」を得る。自身の魂力が<#NeedSoul_1#>/<#NeedSoul_2#>/<#NeedSoul_3#>を超えると、追加で<#BuffCount#>の「狂暴」を得る。
IE_Info/1132,Text,,"初始有一条尾巴，每完成一次恶趣味增加一条。每条尾巴使自身全伤害+<$DemageUp$>%（最多<#MaxTail#>条）
当前尾数：<#NowTail#>
<#MaxTail#>条尾巴后青丘血脉觉醒，加强玖安所有能力","Starts with 1 tail. Gains 1 more tail each time a Sick Humor is fulfilled. Each tail increases all damage dealt by +<$DemageUp$>% (Up to <#MaxTail#> tails).
Current Tails: <#NowTail#>","初期状態で1本の尻尾を持つ。悪趣味を1回クリアするごとに1本増える。1本ごとに自身のすべてのダメージ+<$DemageUp$>%（最大<#MaxTail#>本まで）
現在の尻尾数：<#NowTail#>
<#MaxTail#>本の尻尾で青丘の血脈が覚醒し、玖安の全ての能力が強化される。"
IE_Info/1133,Text,,"主动丢弃卡牌时，回满灵力，每回合仅触发一次
当前触发次数：<#NowCount#>/<#AllCount#>","Fully restore Mana by actively discarding a card (once per turn)
Current Count: <#NowCount#>/<#AllCount#>","カードを自発的に捨てるとき、霊力を全回復する。各ターンで1回のみ発動できる。
現在の発動回数：<#NowCount#>/<#AllCount#>"
IE_Info/1134,Text,,"带有【红尘魅惑】的单位，受到任意普攻后，立刻触发一次红尘魅惑的攻击行为。
九尾增幅：狐媚施加的红尘魅惑层数翻倍","When a unit with [Mortal Temptation] takes any Basic Attack, it immediately performs 1 attack action induced by [Mortal Temptation].","「紅塵魅惑」を持つユニットが任意の通常攻撃を受けると、直ちに紅塵魅惑の攻撃を発動する。
九尾増幅：狐媚が付与する 紅塵魅惑 のスタック数が2倍になる。"
IE_Info/1135,Text,,"全场触发任意【汲取】效果后，汲取双方同时获得<#BuffCount#>层【狂性】（不论敌我）
九尾增幅：自身所有汲取效果翻倍","When any [Drain] effect is triggered, both the draining and the drained units gain <#BuffCount#> stacks of [Mania] (regardless of allies or enemies)
When possessing 9 tails, all [Drain] effects of this unit are doubled","任意の「吸収」効果が発動すると、吸収する側とされる側の両方が「狂暴」を<#BuffCount#>得る（敵味方問わず）。
九尾増幅：自身のすべての「吸収」効果が2倍になる。"
IE_Info/1136,Text,,自身受到任意伤害后，获得<#BuffCount#>层破甲,Gain <#BuffCount#> stacks of [Sunder Armor] after taking any damage,自身が任意のダメージを受けたあとに「破れ」を<#BuffCount#>得る。
IE_Info/1137,Text,,"将魔蛟-云岚加入到待命随从中。
每回合开始时，自身及左右单位回复<$AddValue$>%最大生命值","Add Demonic Wyrm - Cloud Mist to the standby minions.
At the start of each turn, restore <$AddValue$>% Max HP for self and adjacent units","魔蛟-雲嵐を待機ミニオンに加える。
各ターン開始時、自身および隣接ユニットが体力上限の<$AddValue$>%回復する。"
IE_Info/1138,Text,,带有【脱水】的单位死亡后，获得一张【沉渊之汐】,"When units with [Dehydration] die, draw 1 <Abyssal Tide>",「脱水」のユニットが撃破されたあと、「沈淵の汐」を1枚獲得する。
IE_Info/1139,Text,,雨师丢弃自己的卡牌后，我方全体回复<$BaseValue$>生命值，自身每点卡牌强度+<$AddValue$>回复量,"When Rain Master discards her cards, restore <$BaseValue$> HP to all allies. Each point of Card Power +<$AddValue$> to the healing amount",雨師が自分のカードを捨てたあと、味方全体の体力を<$BaseValue$>回復する。自身のカード強度1につき回復量+<$AddValue$>。
IE_Info/1140,Text,,【翻云覆雨-妖】现在会对所有敌人攻击，随后回满我方所有单位血量,"[Ripples of Pleasure - Fiend] now attacks all enemies, then fully restores the HP of all allied units",「翻雲覆雨-妖」はすべての敵に攻撃する。その後、味方のすべてのユニットの体力を全回復する。
IE_Info/1141,Text,,回合开始时，获得<$CostHp$>%最大生命值的攻击力，生命值高于<$BigHp$>%时，重复触发一次。,"At the start of the turn, gain Attack equal to <$CostHp$>% of Max HP. If Current HP is above <$BigHp$>%, trigger this effect once more.",ターン開始時、体力上限の<$CostHp$>%分の攻撃力を得る。体力が<$BigHp$>%を超えている場合、もう1回発動する。
IE_Info/1142,Text,,每回合开始时，会【标记】自己和一名随机敌人,[Mark] self and a random enemy at the start of the turn,ターン開始時、自分とランダムな敵1名に「マーク」を付与する。
IE_Info/1143,Text,,使用自身卡牌后，自己和雨师获得<$Sheld$>%最大生命值的护盾,"After using this unit's cards, grant Shield equal to <$Sheld$>% of Max HP to self and Rain Master",自身のカードを使用したあと、自分と雨師は体力上限の<$Sheld$>%分のシールドを得る。
IE_Info/1144,Text,,【翻云覆雨-魔】对主目标每造成<#AtkValue#>伤害会汲取目标1点最大生命值,"For every <#AtkValue#> damage [Ripples of Pleasure - Demon] deals to the primary target, drain 1 Max HP from the target",「翻雲覆雨-魔」はメインターゲットに<#AtkValue#>ダメージを与えるごとに、ターゲットから体力上限を1吸収する。
IE_Info/1145,Text,,无法获得任何buff，自身被施加buff时，等量扩散给左右友方单位,"Deny any buffs. When a buff is applied to self, spread equal stacks to adjacent allied units",バフを得ることができず、バフを付与されると隣接する味方ユニットに同量の効果を拡散させる。
IE_Info/1146,Text,,"使用玉剑后，对所有标记敌人造成<$BaseDemage$>点卡牌伤害。本场战斗每调用过一把飞剑，该伤害+<$AddDemage$>
当前：<$NowDemage$>","After using Jade Sword, deal <$BaseDemage$> Card Damage to all Marked enemies. For each Flying Sword deployed this battle, the damage +<$AddDemage$>
Current Damage:<$NowDemage$>","玉剣を使用後、すべてのマークされた敵に<$BaseDemage$>カードダメージを与える。この戦闘で呼び出した飛剣1本につき、このダメージ+<$AddDemage$>
現在：<$NowDemage$>"
IE_Info/1147,Text,,战斗开始时，所有己方单位永久获得玉镇一半的卡牌强度，并生成等量的飞剑（单次至多<#MaxCount#>点）,"At the start of battle, permanently grant all allied units half of this unit's Card Power, and spawn an equal number of Flying Swords (Up to <#MaxCount#> at a time)",戦闘開始時、すべての味方ユニットが永続的に玉鎮のカード強度の半分を得る。さらに同量の飛剣を召喚する（1回で最大<#MaxCount#>まで）。
IE_Info/1148,Text,,弃牌或任意己方单位普攻后，触发镇魂碑效果,"After discarding a card or any allied unit performs a Basic Attack, trigger the Soul-Sealing Stele's effect",カードを捨てる、または任意の味方ユニットが通常攻撃をしたあと、鎮魂碑の効果を発動する。
IE_Info/1149,Text,,"该单位为法器，无法主动攻击，受到伤害减半，免疫所有异常状态。
若场上除法器外，其他己方单位全部阵亡，则法器自动死亡。
该单位无法获得任何Buff","This unit is a Ritual Artifact and cannot initiate attacks. It takes half damage and is immune to all debuffs.
The artifact dies when all other allied units on the field die.
This unit denies all buffs","このユニットは法器であり、自発的に攻撃できない。受けるダメージが半減し、すべてのデバフを無効化する。
フィールドに法器以外の味方ユニットがすべて撃破されると、法器は自動的に撃破される。
このユニットはバフを得ることができない。"
IE_Info/1150,Text,,回合开始或非自身岁月效果触发时，解除自身及左右单位的一种Debuff，并且所有正面Buff层数提高<#AddValue#>,"At the start of the turn, or when an external Aging effect triggers, remove 1 debuff from self and adjacent units, and increase the stacks of all buffs by <#AddValue#>",ターン開始時または自身以外の歳月効果が発動するとき、自身および隣接ユニットのデバフを1種類解除し、すべてのバフのスタック数が<#AddValue#>増加する。
IE_Info/1151,Text,,敌方被击时，立即触发【阴气之种】的层数叠加效果,"When an enemy is hit, trigger the stacking effect of [Seed of Yin] immediately",敵が攻撃されるとき、直ちに「陰気の種」のスタック効果を発動する。
IE_Info/1152,Text,,任意单位【阳气之种】层数超过25/50/75/100……时，敌方全场移除【层数*层数】点生命,When any unit's [Seed of Yang] stacks exceed 25/50/75/100... remove [Stacks * Stacks] HP from all enemies,任意ユニットの「陽気の種」スタックが25/50/75/100……を超えたとき、敵全体の体力を「スタック*スタック」除去する。
IE_Info/1153,Text,,完成恶趣味时，获得一枚尸晶（若战斗胜利时自身死亡，则该效果不触发）,"On completing a [Sick Humor], gain 1 [Corpse Crystal] (does not trigger if you die upon battle victory)",悪趣味を完了するとき、屍晶を1枚獲得する（戦闘勝利時に自身が死亡した場合、この効果は発動しない）。
IE_Info/1154,Text,,战斗开始时，偷取左侧随从的第一个装备效果（不会获得专属效果）,"At the start of battle, steal the first item's effect from the minion to the left (excluding exclusive effects)",戦闘開始時、左側のミニオンの1つ目の装備効果を盗む（専属効果を獲得できない）。
IE_Info/1155,Text,,受到伤害翻倍，每次受击时为自身及左右单位添加<$BaseShield$>点护盾。每<$AddShield$>点卡牌强度，获得护盾+1,"Take 2x damage, but, on being hit, grant <$BaseShield$> Shield to self and adjacent units. For every <$AddShield$> Card Power, increase the amount by 1",受けるダメージが倍増し、攻撃を受けるたびに自身および隣接ユニットに<$BaseShield$>シールドを与える。<$AddShield$>カード強度ごとにシールド+1。
IE_Info/1156,Text,,丢弃非自身卡牌后，执行一次【自身抽牌】,"After discarding a card that is not this unit's own, perform a [Self Draw]",自身以外のカードを捨てるとき、「単体ドロー」を1回実行する。
IE_Info/1157,Text,,本场战斗每使用过一次《小青龙胀气》，回合开始时，无条件发动一次《小青龙胀气》（不触发卡牌事件）,"For each time <Little Azure Dragon Bloat> has been used this battle, cast a <Little Azure Dragon Bloat> at the start of the turn (without triggering a card event)",この戦闘で『小青龍膨満』を使用した回数分、ターン開始時に無条件で『小青龍膨満』を発動する（カード使用としてみなさない）。
IE_Info/1158,Text,,丢弃或使用任意飞剑卡牌后，左侧单位行动次数+<#AddAction#>,"After discarding or using any <Flying Sword> card, + <#AddAction#> AP for the unit to the left",任意の飛剣カードを捨てるまたは使用したあと、左側ユニットの行動回数+<#AddAction#>。
IE_Info/1159,Text,,被击时，对上次攻击自己的敌人发动一次普攻,"On being hit, launch a Basic Attack against the last attacker",攻撃を受けたとき、前回自分を攻撃した敵に通常攻撃を1回行う。
IE_Info/1160,Text,,"对有攻击自身意图的单位普攻时，行动次数+1（每回合仅触发一次）
当前触发次数：<#NowCount#>/1","Add 1 AP when attacking the enemy that attempts to attack this unit (once per turn)
Current Count: <#NowCount#>/1","自身を攻撃する意図を持つユニットに通常攻撃を行うとき、行動回数+1（各ターンで1回のみ発動する）
現在発動回数：<#NowCount#>/1。"
IE_Info/1161,Text,,对任意有攻击意图的敌人造成伤害提高<$ValueUp$>%(独立乘区),Increase the damage dealt to enemies with attack intentions by <$ValueUp$>% (independent multiplier),攻撃する意図のある敵に与えるダメージが<$ValueUp$>%増加する（独立乗算）。
IE_Info/1162,Text,,将正对位的敌人作为单挑对象，自身仅能对该随从造成伤害，并无视除该随从之外，其他所有敌人的伤害,"Take the directly opposite enemy into a duel. Then this unit can only deal damage to the duel target, but is immune to any damage from all other enemies",正面側の敵を一騎打ちの対象とする。自身はそのミニオンのみにダメージを与えられ、そのミニオン以外のすべての敵からのダメージを無視する。
IE_Info/1163,Text,,战斗开始时，获得卡牌《一刹》,Get 1 <Fleeting Instant> card at the start of battle,戦闘開始時、カード『刹那』を獲得する。
IE_Info/1164,Text,,回合开始时，移除<$CostHp$>%最大生命值的血量（不致死），并获得<#BuffCount#>层【疫毒】,"At the start of the turn, remove <$CostHp$>% Max HP (non-lethal) and gain <#BuffCount#> stacks of [Plague Toxin]",ターン開始時、体力上限の<$CostHp$>%分の体力を失う（撃破不能）。さらに<#BuffCount#>の「疫毒」を得る。
IE_Info/1165,Text,,无视《我已时日无多……》的负面效果,Ignore the negative effect of <My Days Are Numbered...>,『残された時間は多くない…』のデバフ効果を無視する。
IE_Info/1166,Text,,回合开始时，对相邻的1/2名敌人施加<#BuffCount#>层【流逝】,"At the start of the turn, inflict <#BuffCount#> stacks of [Elapse] on the adjacent 1/2 enemies",ターン開始時、隣接する敵1/2名に<#BuffCount#>の「流れ」を付与する。
IE_Info/1167,Text,,任意手段触发岁月效果时，移除生命最多的敌人<$CostHp$>点生命值（致死），所有友方每拥有一点卡牌强度，该伤害+<$AddDemage$>,"When a Time effect is triggered by any means, remove <$CostHp$> HP (lethal) from the enemy with the highest HP. For each point of Card Power all allies possess, this damage +<$AddDemage$>.",任意の方法で「歳月」の効果が発動したとき、体力が最も多い敵の体力を<$CostHp$>失わせる（致死）。すべての味方ユニットのカード強度1ポイントにつき、このダメージが+<$AddDemage$>される。
IE_Info/1168,Text,,"使用卡牌时，根据标签获得额外效果。
水：全队【灵压】+<#BuffCount_1#>
火：对相邻1/2名敌人造成卡牌面板<$FireDemage$>%的伤害
风：全队回复<$Heal$>%最大生命值
雷：自身真实伤害提高<$AddDemage$>%(持续到战斗结束)","On using a card, trigger extra effects based on its tags.
Water: All allies +<#BuffCount_1#> [Spiritual Pressure]
Fire: Deal <$FireDemage$>% card stats damage to the adjacent 1/2 enemies
Wind: All allies restore <$Heal$>% Max HP
Thunder: The card's True Damage + <$AddDemage$>% (until the battle ends)","カードを使用するとき、タグで追加効果を得る。
水：味方全体の「霊圧」+<#BuffCount_1#>
火：隣接する敵1/2名にカードパネル<$FireDemage$>%のダメージを与える
風：味方全体を体力上限の<$Heal$>%回復する
雷：自身の真実ダメージが<$AddDemage$>%増加する（戦闘終了まで持続する）"
IE_Info/1169,Text,,所有己方造成伤害不低于目标最大生命值的<$CostHp$>%,Damage dealt by all allies will not be less than <$CostHp$>% of the target's Max HP,すべての味方が与えるダメージはターゲット体力上限の<$CostHp$>%を下回らない。
IE_Info/1170,Text,,己方单位满血时，不会受到致命伤害,Allied units cannot take lethal damage when at full HP,味方ユニットが体力最大のとき、致命傷になるダメージを受けない。
IE_Info/1171,Text,,栖霞之木装备可以进化为“永春之诺”,"Allow the Cloud Nest Wood to evolve into ""Promise of Eternal Spring""",装備栖霞の木は「永春の諾」に進化できる。
IE_Info/1172,Text,,奇数回合开始时获得双倍行动次数，偶数回合开始时睡觉，回满血并解除所有异常状态，但是失去所有行动次数,"Gain 2x AP on odd turns. Falls asleep on even turns, losing all AP, but also fully restores HP and removes any debuffs",奇数ターン開始時に2倍の行動回数を得る。偶数ターン開始時は居眠りし、体力を全回復し、すべてのデバフを解除する代わりに、すべての行動回数を失う。
IE_Info/1173,Text,,给我来一口！其他随从吞噬装备时，自身获得<$EatEqu$>分之一效果,"Lemme have a bite! When other minions devour equipment, this unit gains 1/<$EatEqu$> of the effect",他のミニオンが装備を呑み込むとき、自身は<$EatEqu$>分の1の効果を得る。
IE_Info/1174,Text,,攻击生命值未满的单位时，目标每损失<$CostHp$>点生命值，造成伤害提高<$Demage$>%(独立乘区，至多<$MaxDemage$>%),"When attacking units below Max HP, increase damage dealt by <$Demage$>% for every<$CostHp$>% HP the target has lost (independent multiplier, up to <$MaxDemage$>%)",体力が最大でないユニットを攻撃するとき、ターゲットが<$CostHp$>体力を失うごとに、与えるダメージが<$Demage$>%増加する（独立乗算、最大<$MaxDemage$>%まで）。
IE_Info/1175,Text,,"出售装备时，饭锅获得该装备<$EatEqu$>分之一的属性
（仅包括攻击力，卡牌强度，最大生命值，防御，额外伤害加成，异常抗性；饭锅单属性最大值为100000）","On selling an item, the Rice Pot gains 1/<$EatEqu$> of that item's stats
(Only includes: Attack, Card Power, Max HP, Defense, Extra Damage Bonus, and Debuff Resistance; The maximum value for a single stat on the Cooking Pot is 100,000. )","装備を売却するとき、釜はその装備<$EatEqu$>分の1の属性を得る
（攻撃力・カード強度・体力上限・防御・追加ダメージボーナス・デバフ耐性のみを含む。釜の各属性の上限は100000）。"
IE_Info/1176,Text,,自身造成任意伤害后获得一层【疫毒】，立即结算目标身上的【疫毒】效果,"After dealing any damage, gains 1 stack of Plague and immediately triggers the Plague effect on the target.",自身が任意のダメージを与えたあと、自身が「疫毒」を1スタック得て、ターゲットの「疫毒」の効果を即時発動する。
IE_Info/1177,Text,,使用《毒血剑》后，对每个目标释放一次《蚀心剑》（不触发卡牌事件）,"After using a <Venomblood Sword>, cast a <Heart-Eroding Sword> on each target (without triggering a card event)",『毒血剣』を使用したあと、それぞれのターゲットに『蝕心剣』を発動する（カード使用としてみなさない）。
IE_Info/1178,Text,,自身每拥有<#NeedMagic#>点卡牌强度，《蚀心剑》添加【疫毒】层数+1,"For every <#NeedMagic#> Card Power this unit has, <Heart-Eroding Sword> inflicts +1 stack of [Plague Toxin]",自身にあるカード強度<#NeedMagic#>につき、『蝕心剣』が付与する「疫毒」のスタック+1。
IE_Info/1179,Text,,使用卡牌后，场上每拥有一名带有【疫毒】的敌人，获得<#MagicMult#>【灵压】,"After using a card, gain <#MagicMult#> [Spiritual Pressure] for each enemy on the field bearing [Plague Toxin]",カード使用後、フィールドに「疫毒」が付与されている敵が1名存在するごとに、<#MagicMult#>「霊圧」を得る。
IE_Info/1180,Text,,"回合开始和结束时，对场上所有【标记】单位造成<$CostHp$>点卡牌伤害。
自身每点卡牌强度和攻击力，提高<$AddDemage$>点该伤害值。
当前：<#DemageNow#>","At the start and end of the turn, deal <$CostHp$> Car Damage to all [Marked] units on the field.
Each point of self Card Power and Attack increases this damage by <$AddDemage$>.
Current Damage: <#DemageNow#>","ターン開始と終了時に、フィールド上のすべての「マーク」ユニットに<$CostHp$>のカードダメージを与える。
自身のカード強度と攻撃力1につき、このダメージが<$AddDemage$>増加する。
現在：<#DemageNow#>"
IE_Info/1181,Text,,"累计使用<#CardCount#>张攻击性卡牌后，将一张《真理洗礼》加入手牌
当前：<#NowCard#>/<#CardCount#>","After using <#CardCount#> offensive cards in total, add 1 <Baptism of Truth> to hand
Current: <#NowCard#>/<#CardCount#>","攻撃カードを合計<#CardCount#>枚使用したあと、『真理洗礼』を1枚手札に加える。
現在：<#NowCard#>/<#CardCount#>"
IE_Info/1182,Text,,使用【雷】卡牌或触发雷反后，立即触发灵铳效果,"After using a [Lightning] card or triggering Thunder Counter, immediately trigger the Spiritual Musket effect",「雷」カードを使用または雷返しを発動したあと、直ちに霊銃効果を発動する。
IE_Info/1183,Text,,任意随从行动后，<$GetCardPresent$>%概率获得一张《斩龙诀》,"After any follower takes action, there is a% probability that<$GetCardPresent$>will receive a 'Dragon-Slaying Decree'",任意の従者が行動した後、<$GetCardPresent$>%の確率で 《斬龍決》 を1枚獲得する。
IE_Info/1184,Text,,战斗开始时，获得所有己方单位一半的百分比伤害加成，并获得一张《斩龙决》,"At the start of battle, all allied units gain half of their percentage damage bonus, and gain one copy of ""Dragon-Slaying Decree"".",戦闘開始時、すべての味方ユニットが持つ割合ダメージボーナスの半分を獲得し、『斬龍決』を1枚獲得する。
IE_Info/1185,Text,,"任意随从普攻或使用《斩龙决》后，全队【攻击力】+<#BuffCount#>,【灵压】+<#BuffCount#>","After any ally's basic attack or use of ""Dragon-Slaying Decree"", increase the whole team's 【ATK】 by <#BuffCount#> and 【Spiritual Pressure】 by <#BuffCount#>.",任意のフォロワーが通常攻撃を行うか、『斬龍決』を使用した後、チーム全体の【攻撃力】が<#BuffCount#>上昇し、【霊圧】が<#BuffCount#>上昇する。
IE_Info/1186,Text,,普攻或任意方式使用《斩龙决》后，对所有敌人追加【全队攻击力*<$Demage$>】点普通伤害,"After a basic attack or using ""Dragon-Slaying Decree"" by any means, deal additional 【Team ATK * <$Demage$>】 points of normal damage to all enemies.",通常攻撃または任意の方法で『斬龍決』を使用した後、全ての敵に【チーム全体の攻撃力*<$Demage$>】分の通常ダメージを追加で与える。
IE_Info/1187,Text,,普攻后，对随机敌人释放《咒索》（不视为卡牌事件）,"After a normal attack, release ""Cursed Cord"" on a random enemy (not considered a card event).",通常攻撃後、ランダムな敵に「呪索」を発動する（カードイベントとは見なされない）
IE_Info/1188,Text,,普攻后，为随机己方单位添加<#BuffCount#>层【抵抗】,"After a normal attack, add <#BuffCount#> stacks of [Resistance] to a random allied unit.",通常攻撃後、ランダムな味方ユニットに<#BuffCount#>の【抵抗】を付与する
IE_Info/1189,Text,,造成任意伤害后，攻击力+<#BuffCount#>，防御+<#BuffCount#>,"After dealing any damage, ATK +<#BuffCount#>, DEF +<#BuffCount#>.",任意のダメージを与えた後、攻撃力+<#BuffCount#>、防御力+<#BuffCount#>
IE_Info/1190,Text,,使用《掌中天眼》时，目标每拥有1种不同异常状态，汲取量提高<$GetValueUp$>%,"When using ""Palm Celestial Eye"", for each different abnormal status the target has, the drain amount increases by <GetValueUpGetValueUp>%.",「掌中天眼」使用時、対象が持つ異なる異常状態1種類につき、吸収量が<$GetValueUp$>%上昇する
IE_Info/1191,Text,,任意携带疫毒的敌人死亡后，自身获得等同其【疫毒】层数的【灵压】,"After any enemy carrying Plague dies, gain [Spirit Pressure] equal to that enemy's [Plague] stacks.",疫毒を帯びた敵が死亡した後、自身はその敵の【疫毒】スタック数に等しい【霊圧】を得る
IE_Info/1192,Text,,每回合第一次触发蓝烟令/赤烟令/龙烟令时，为目标添加一点行动次数。,"The first time each turn that Blue Smoke Order / Red Smoke Order / Dragon Smoke Order is triggered, add 1 action point to the target.",毎ターン最初に藍煙令/赤煙令/龍煙令が発動された時、対象の行動回数+1。
IE_Info/1193,Text,,携带疫毒的敌人死亡后，自身回满血，并为尸姬大人回满灵力,"After an enemy carrying Plague dies, fully heal self and fully restore Spirit Power for the Corpse Princess.",「疫毒」が付与されている敵が死亡したあと、自身の体力を全回復し、さらに屍姫さまの霊力を全回復する。
IE_Info/1194,Text,,战斗开始时，获得<#BuffCount#>层【狂性】,"At the start of battle, gain <#BuffCount#> stacks of [Madness].",戦闘開始時、「狂暴」を<#BuffCount#>得る。
IE_Info/1195,Text,,回合结束时，保留一半层数的【杀意】,"At the end of the turn, retain half of the [Killing Intent] stacks.",ターン終了時、【殺意】スタックの半分を維持する
IE_Info/12,Text,,该单位被眩晕，本回合无法行动，无法触发部分被动效果,This unit is stunned and cannot act this turn or trigger certain passive effects,このユニットはスタンされて、本ターンでは行動できない、一部のパッシブ効果を発動できない。
IE_Info/13,Text,,无法普攻和使用伤害卡牌，回合结束时移除该buff并随机攻击左右队友,"Cannot perform Basic Attacks or use damage cards. At the end of the turn, this unit will get rid of this debuff and make a random attack against an adjacent ally",通常攻撃とダメージカードの使用ができない。ターン終了時にこのデバフを解除し、ランダムに隣接する味方を攻撃する。
IE_Info/14,Text,,,,
IE_Info/15,Text,,,,
IE_Info/16,Text,,该随从被禁锢，本回合无法抽牌,This minion is rooted and cannot draw cards this turn,このミニオンは金縛りされており、本ターンではドローできない。
IE_Info/2,Text,,"可以无视嘲讽效果，直接攻击被标记的单位
回合结束时，层数-1","You can ignore Taunt and attack the Marked target
-1 stack at the end of the turn","挑発効果を無視してマークされたユニットを直接攻撃できる。
ターン終了時、スタック-1。"
IE_Info/2001,Text,,回合结束时，【防御】+<#BuffCount#>,‘+<#BuffCount#> [Defense] at the end of the turn,ターン終了時、「防御」+<#BuffCount#>。
IE_Info/2002,Text,,回合开始时，每有一层【龙威】，【灵压】和【攻击力】+<#BuffCount#>,"At the start of the turn, +<#BuffCount#> [Spiritual Pressure] and [Attack] per stack of [Dragon's Presence]",ターン開始時、「龍威」1スタックごとに、「霊圧」と「攻撃力」+<#BuffCount#>。
IE_Info/2003,Text,,使用<#CompleteCount#>张卡牌后，为尸姬大人献上<#MagcGet#>点灵力,"After using <#CompleteCount#> cards, offer <#MagcGet#> Mana to the Lady Zombie",カードを<#CompleteCount#>枚使用後、屍姫に<#MagcGet#>霊力を与える。
IE_Info/2004,Text,,,,
IE_Info/2005,Text,,,,
IE_Info/2006,Text,,,,
IE_Info/2007,Text,,,,
IE_Info/2008,Text,,回合开始时，获得<#BuffCount#>层【抵抗】,Gain <#BuffCount#> stacks of <Resistance> at the start of the turn,ターン開始するごとに、「抵抗」を<#BuffCount#>得る。
IE_Info/2009,Text,,受敌人攻击后，反弹一枚带有<#BuffCount#>层【疫毒】的水银弹,"After being attacked by an enemy, fire back a mercury bullet with <#BuffCount#> stacks of [Plague Toxin]",敵からの攻撃を受けたあと、<#BuffCount#>の「疫毒」が付いてる水銀弾を反射する。
IE_Info/2010,Text,,,,
IE_Info/2011,Text,,,,
IE_Info/2012,Text,,全场任意单位暴击时，对随机敌人释放雷枪，造成【最大生命值*<$RDemage$>】点真实伤害（此伤害无法暴击）,"When any critical hit occurs, cast a Lightning Spear on a random enemy, dealing [Max HP * <$RDemage$>] True Damage (cannot CRIT)",任意のユニットが会心するとき、ランダムな敵に雷槍を発動し、「体力上限*<$RDemage$>」の真実ダメージを与える（このダメージは会心できない）。
IE_Info/2013,Text,,每回合第一次普攻额外消耗<#ActionCount#>点行动次数,"Each turn, the first Basic Attack consumes <#ActionCount#> more AP",各ターンで初めての通常攻撃は追加で<#ActionCount#>行動回数を消費する。
IE_Info/2014,Text,,普攻后，回复<#AddHp#>点生命,Restore <#AddHp#> HP after a Basic Attack,通常攻撃後、体力を<#AddHp#>回復する。
IE_Info/2015,Text,,主动丢弃卡牌后，重置行动次数，每回合仅触发一次,"Once per turn, reset AP by actively discarding a card",カードを自発的に捨てたあと、行動回数をリセットする。各ターンで1回のみ発動する。
IE_Info/2016,Text,,,,
IE_Info/2017,Text,,,,
IE_Info/2018,Text,,回合开始时，行动次数+<#ActionCount#>,AP + <#AddHp#> at the start of the turn,ターン開始時、行動回数+<#ActionCount#>。
IE_Info/2019,Text,,回合结束时，自身相邻的1/2名敌人，【疫毒】层数+<#BuffCount#>,"At the end of the turn, +<#BuffCount#> [Plague Toxin] to 1/2 enemies adjacent to this unit",ターン終了時、自身に隣接する敵1/2名の「疫毒」スタック+<#BuffCount#>。
IE_Info/2020,Text,,普攻后追加【攻击力*<$AtkBlood$>】点普通伤害，并回复等量生命值,"Deal an extra [Attack * <$AtkBlood$>] Normal Damage after a Basic Attack, and restore equivalent HP",通常攻撃後、追加で「攻撃力*<$AtkBlood$>」の通常ダメージを与え、同量の体力を回復する。
IE_Info/2021,Text,,,,
IE_Info/2022,Text,,,,
IE_Info/2023,Text,,,,
IE_Info/2024,Text,,回合开始时，将一张《昨日》加入手牌，每次触发后获得的《昨日》费用+1，战斗结束后重置,Add 1 <Bygone Days> to hand at the start of the turn. +1 Cost to the added <Bygone Days> card each time. Reset when the battle ends,ターン開始時、『往日』を1枚手札に加える。発動するたびに、次に獲得する『往日』のコスト+1、戦闘終了後にリセット。
IE_Info/2025,Text,,,,
IE_Info/2026,Text,,,,
IE_Info/2027,Text,,普攻后，对至多<#EnemyCount#>名敌人造成【攻击力*<$DemageMult$>】点真实伤害,"After a Basic Attack, deal [Attack * <$DemageMult$>] True Damage to up to <#EnemyCount#> enemies",通常攻撃後、最大<#EnemyCount#>名の敵に「攻撃力*<$DemageMult$>」の真実ダメージを与える。
IE_Info/2028,Text,,,,
IE_Info/2029,Text,,对【破甲】的敌人造成普通伤害必定暴击，暴击倍率为【<$CriteValue$>+破甲层数*<$CriteAdd$>】,Normal Damage always CRITs against enemies bearing [Sunder Armor]. Critical Damage Multiplier: [<$CriteValue$> + Stack of Sunder Armor * <$CriteAdd$>],「破れ」の敵への通常ダメージは必ず会心になる、会心倍率は「<$CriteValue$>+破れスタック*<$CriteAdd$>」。
IE_Info/2030,Text,,任意单位死亡后，<$Present$>%概率为尸姬大人献上<#Magic#>点灵力,"When any unit dies, <$Present$>% chance to offer <#Magic#> Mana to the Lady Zombie",任意のユニットが撃破されたあと、<$Present$>%の確率で屍姫に<#Magic#>霊力を与える。
IE_Info/2031,Text,,单次受到伤害不超过最大生命值的<$MaxDemage$>%,Damage taken at a time will not exceed <$MaxDemage$>% of Max HP,1回で受けるダメージは体力上限の<$MaxDemage$>%まで。
IE_Info/2032,Text,,"对杂兵普攻后，将其斩杀，每回合仅触发<#MaxCount#>次
当前：<#NowCount#>次","Execute a mob after performing a Basic Attack on it. Only <#MaxCount#> times per turn
Current: <#NowCount#> times","雑兵に通常攻撃を行ったあと、その雑兵を撃破する。各ターンで<#MaxCount#>回のみ発動する。
現在：<#NowCount#>回"
IE_Info/2033,Text,,击杀任意敌人后，回满血并重置行动次数,Fully restore HP and reset AP after killing any enemies,任意の敵を撃破したあと、体力を全回復し、行動回数をリセットする。
IE_Info/2034,Text,,暴击后追加【攻击力*<$RDemage$>】点真实伤害,Deal an extra [Attack * <$RDemage$>] True Damage after a critical hit,会心後、追加で「攻撃力*<$RDemage$>」の真実ダメージを与える。
IE_Info/2035,Text,,普攻对目标及左右追加<$DemageMult$>点卡牌伤害，自身每点卡牌强度+1伤害,Basic Attacks deal an extra <$DemageMult$> Card Damage to the target and its adjacent units. +1 damage per Card Power,通常攻撃はターゲットおよびその隣接ユニットに追加で<$DemageMult$>のカードダメージを与える。自身のカード強度1ごとにダメージ+1。
IE_Info/2036,Text,,战斗开始时，所有己方单位获得<#BuffCount#>层【怒意】和【狂性】,Grant all allied units <#BuffCount#> [Killing Malice] and [Mania] at the start of battle,戦闘開始時、すべての味方ユニットが「激怒」と「狂暴」を<#BuffCount#>得る。
IE_Info/2037,Text,,任意己方单位被击后，获得<#BuffCount#>层【雷反】,Grant <#BuffCount#> stacks of [Lightning Counter] on any allied unit being hit,任意の味方ユニットが攻撃されたあと、「雷返し」を<#BuffCount#>得る。
IE_Info/2038,Text,,,,
IE_Info/2039,Text,,,,
IE_Info/2040,Text,,对敌人造成任意伤害后，移除其<$RDemage$>%当前生命值（该效果无视加成）,"On dealing damage to an enemy, remove <$RDemage$>% of their Current HP (this effect ignores multipliers)",敵にダメージを与えたあと、ターゲットは追加で現在体力の<$RDemage$>%を失う（この効果はダメージ補正を無視する）。
IE_Info/2041,Text,,每回合结束时，损失<$CostHp$>点生命值，不致死,"At the end of the turn, lose <$CostHp$> HP (non-lethal)",各ターン終了時、体力を<$CostHp$>失う、撃破不能。
IE_Info/2042,Text,,,,
IE_Info/2043,Text,,,,
IE_Info/2044,Text,,,,
IE_Info/2045,Text,,,,
IE_Info/2046,Text,,全场任意伤害暴击时，【灵压】+<#buffCount#>,[Spiritual Pressure] +<#buffCount#> whenever critical damage is dealt,任意のダメージが会心するとき、「霊圧」+<#buffCount#>。
IE_Info/2047,Text,,战斗开始时，损失<$CostHp$>%生命值，并获得等量的攻击力,Lose <$CostHp$>% HP to gain the equivalent amount of Attack at the start of battle,戦闘開始時、体力を<$CostHp$>%失い、同量の攻撃力を得る。
IE_Info/2048,Text,,普攻后，从目标身上【汲取】<#EatValue#>点攻击力,[Drain] <#EatValue#> Attack from the target after a Basic Attack,通常攻撃後、ターゲットから<#EatValue#>攻撃力を「吸収」する。
IE_Info/2049,Text,,任意敌人死亡后，为尸姬大人献上<#Exp#>点经验,"When any enemy dies, offer <#Exp#> EXP to the Lady Zombie",任意の敵が撃破されたあと、屍姫に<#Exp#>経験値を与える。
IE_Info/2050,Text,,任意敌人死亡后【杀意】+<#buffCount#>,’+<#buffCount#> [Killing Malice] when any enemy dies,任意の敵が撃破されたあと、「殺意」+<#buffCount#>。
IE_Info/2051,Text,,,,
IE_Info/2052,Text,,回合开始时，全队【灵压】+<#BuffCount#>,‘+<#BuffCount#> [Spiritual Pressure] to all allies at the start of the turn,ターン開始時、すべての味方の「霊圧」+<#BuffCount#>。
IE_Info/2053,Text,,携带异常状态的敌人死亡后，全队【灵压】+<#BuffCount#>,’+<#BuffCount#> [Spiritual Pressure] to all allies when any debuffed enemy dies,デバフを付与されている敵が撃破されたあと、すべての味方の「霊圧」+<#BuffCount#>。
IE_Info/2054,Text,,战斗开始时，所有己方单位获得<#BuffCount#>层【雷反】,Grant all allied units <#BuffCount#> stacks of [Lightning Counter] at the start of battle,戦闘開始時、すべての味方ユニットが「雷返し」を<#BuffCount#>得る。
IE_Info/2055,Text,,全场任意暴击后对周围1/2名敌人造成<$DemageMult$>点真实伤害，自身每点攻击力/卡牌强度+1伤害,"When any critical hit occurs, deal <$DemageMult$> True Damage to 1/2 surrounding enemies. Every point of Attack/Card Power +1 to the damage",フィールド上で会心が発生したあと、周りの敵1/2名に<$DemageMult$>の真実ダメージを与える。自身の攻撃力/カード強度1ごとに、ダメージ+1。
IE_Info/2056,Text,,任意敌人死亡后，碎神玉+<#AddStone#>,‘+<#AddStone#> [Deity Shard] when any enemy dies,任意の敵が撃破されたあと、砕神玉+<#AddStone#>。
IE_Info/2057,Text,,被击后，将总共损失血量的<$CostHp$>%转化为【灵压】,"On being hit, convert <$CostHp$>% of the lost HP into [Spiritual Pressure]",攻撃されたあと、失われた体力の<$CostHp$>%分を「霊圧」に変える。
IE_Info/2058,Text,,第一回合额外执行一次【自身抽牌】,Perform an extra [Self Draw] at Turn 1,初めてのターンで追加で「単体ドロー」を1回実行する。
IE_Info/2059,Text,,,,
IE_Info/2060,Text,,"弃牌后，移除自身一种异常状态
(每场战斗仅触发<#AllCount#>次)
已触发次数：<#NowCount#>","Remove 1 debuff on discarding a card
(Only available <#AllCount#> times per battle)
Times Used: <#NowCount#>","カードを捨てたあと、自身のデバフを1種類解除する。
（各戦闘で<#AllCount#>回のみ発動する）
発動回数：<#NowCount#>"
IE_Info/2061,Text,,每回合第一次普攻，移除目标一种正面buff,Remove 1 buff with the first Basic Attack each turn,各ターンで初めての通常攻撃はターゲットのバフを1種類解除する。
IE_Info/2062,Text,,普攻后，受到<$CostHp$>%最大生命值的普通伤害，不致死,"After performing a Basic Attack, take [<$CostHp$>% * Max HP] Normal Damage (non-lethal)",通常攻撃後、体力上限<$CostHp$>%分の通常ダメージを受ける、撃破不能。
IE_Info/2063,Text,,每回合第一次普攻，获得<#BuffCount#>层【抵抗】并解除自身所有异常状态,"After performing the first Basic Attack each turn, gain <#BuffCount#> stacks of [Resistance] and remove all debuffs",各ターンの初めての通常攻撃で「抵抗」を<#BuffCount#>得て、自身のすべてのデバフを解除する。
IE_Info/2064,Text,,任意随从死亡后，回复<$AddHp$>点生命值,Restore <$AddHp$> HP after any minion dies,任意のミニオンが撃破されたあと、体力を<$AddHp$>回復する。
IE_Info/2065,Text,,战斗开始时，获得<#BuffCount#>层【龙威】,Grant <#BuffCount#> [Dragon's Presence] at the start of battle,戦闘開始時に「龍威」を<#BuffCount#>得る。
IE_Info/2066,Text,,第一回合开始时，失去<#CostStone#>点碎神玉，获得一层【嘲讽】，同时该回合每次被击获得<#GetStone#>点碎神玉,"Lose <#CostStone#> Deity Shard at the start of Turn 1 but gain 1 stack of [Taunt]. During the turn, gain <#GetStone#> Deity Shards per time being hit",初めてのターン開始時に砕神玉を<#CostStone#>失い、「挑発」を1スタック得る。このターンで攻撃されるたびに砕神玉を<#GetStone#>得る。
IE_Info/2067,Text,,自身暴击后，执行一次【自身抽牌】（手牌已满时，不触发该效果）,Perform a [Self Draw] on landing a critical hit (Does not trigger if the hand is full),自身が会心後、「単体ドロー」を1回実行する（手札数が上限に達している場合、この効果は発動しない）。
IE_Info/2068,Text,,回合开始时，【汲取】随机敌人<#EatValue#>点生命,"At the start of the turn, [Drain] <#EatValue#> HP from a random enemy",ターン開始時にランダムな敵から体力を<#EatValue#>「吸収」する。
IE_Info/2069,Text,,战斗胜利后，永久成长<#BuffCount#>点卡牌强度,Permanently +<#BuffCount#> Card Power on winning a battle,戦闘勝利後、永続的にカード強度が<#BuffCount#>増加する。
IE_Info/2070,Text,,抽到卡牌后，生成<#Sword#>把飞剑，并获得<#BuffCount#>层【灵压】,"On drawing a card, spawn <#Sword#> flying swords and grant <#BuffCount#> [Spiritual Pressure]",カードをドローしたあと、<#Sword#>本の飛剣を召喚し、「霊圧」を<#BuffCount#>得る。
IE_Info/2071,Text,,使用【风】/【水】卡牌后，所有己方单位获得<$Shield$>点护盾,"After a [Wind] / [Water] card is used, all allied units gain <$Shield$> Shield",「風」/「水」カード使用後、すべての味方ユニットが<$Shield$>シールドを得る。
IE_Info/2072,Text,,携带该装备的随从，战斗开始时变为“从尸-绣锁”<color=#FF0000>（不可逆）</color>,"The minion equipped with this item transforms into ""Corpse Maiden - Lockie"" at the start of battle <color=#FF0000>(IRREVERSIBLE)</color>",この装備を装着しているミニオンは戦闘開始時に「屍従-錆鎖」になる<color=#FF0000>（不可逆）</color>。
IE_Info/2073,Text,,自身位于最左端时+<$UpDemage$>%普通伤害，自身位于最右端时+<$UpDemage$>%卡牌伤害,+<$UpDemage$>% Normal Damage when positioned at the far left. +<$UpDemage$>% Card Damage when positioned at the far right,自身が左端にいるとき、通常ダメージ+<$UpDemage$>%。右端にいるとき、カードダメージ+<$UpDemage$>%。
IE_Info/2074,Text,,"战斗开始时，场上每有一名携带""牵偶丝""的随从（含自身），获得<#BuffCount#>层【灵压】和【攻击力】","At the start of battle, for each minion equipped with ""Puppet Thread"" (including this unit), gain <#BuffCount#> [Spiritual Pressure] and [Attack]",戦闘開始時、フィールドに「操り人形の紐」を付与されているミニオン1名ごとに（自身を含む）、「霊圧」と「攻撃力」を<#BuffCount#>得る。
IE_Info/2075,Text,,"造成任意伤害后对目标及左右敌人追加该次伤害<$DemagePresent$>%卡牌伤害，
战斗开始时，获得<#BuffCount#>层【龙威】自身【龙威】不会因被击而减少","After dealing any damage, deal an extra [<$DemagePresent$>% * Damage Dealt] Card Damage to the target and its adjacent units.
At the start of battle, grant <#BuffCount#> stacks of [Dragon's Presence]. This unit's [Dragon's Presence] will not decline on being hit","ダメージを与えたあと、ターゲットとその隣接ユニットにその<$DemagePresent$>%分のカードダメージを与える。
戦闘開始時に「龍威」を<#BuffCount#>得る。自身の「龍威」は攻撃を受けても減らない。"
IE_Info/2076,Text,,"受到致命伤害后，忽略该伤害并回满血（每场战斗仅触发一次）
当前：<#NowCount#>/1","On taking lethal damage, ignore the damage and fully restore HP (once per battle)
Current: <#NowCount#>/1","撃破に至るダメージを受けると、そのダメージを無効化して全体力を回復する（各戦闘で1回のみ発動する）。
現在：<#NowCount#>/1"
IE_Info/2077,Text,,【全局抽牌】时，无法抽到自身卡牌,Never draw this unit's cards when performing a [Random Draw],「全体ドロー」は自身のカードをドローできない。
IE_Info/2078,Text,,,,
IE_Info/2079,Text,,若没有手牌，自身普攻后执行<#GetCardCount#>次【全局抽牌】,"If you have no hand cards, perform [Random Draw] <#GetCardCount#> times after a Basic Attack",手札がない場合、自身が通常攻撃後に「全体ドロー」を<#GetCardCount#>回実行する。
IE_Info/2080,Text,,使用卡牌后，损失<$CostHp$>%当前生命值(不致死),Lose <$CostHp$>% Current HP (non-lethal) after using a card,カード使用後、現在体力の<$CostHp$>%分を失う（撃破不能）。
IE_Info/2081,Text,,"损失血量低于<$CheckHp$>%时，全伤害提高<$Demage$>%
剩余血量低于<$CheckHp$>%时，受到伤害降低<$Demage$>%
（均为独立乘区）","When HP lost is below <$CheckHp$>%, all damage +<$Demage$>%
When remaining HP is below <$CheckHp$>%, -<$Demage$>% damage taken
(Both are independent multipliers)","失われた体力が<$CheckHp$>%未満のとき、すべてのダメージが<$Demage$>%増加する。
残り体力が<$CheckHp$>%未満のとき、受けるダメージが<$Demage$>%低下する。
（独立乗算）"
IE_Info/2082,Text,,回合开始时，对相邻的1/2名敌人造成<$Demage$>点卡牌伤害，自身每点生命值+<$MagicMult$>伤害,"Deal <$Demage$> Card Damage to 1/2 adjacent enemies at the start of the turn. For every point of this unit's HP, the damage +<$MagicMult$>",ターン開始時に隣接する敵1/2名に<$Demage$>カードダメージを与える、自身の体力1ごとにダメージ+<$MagicMult$>。
IE_Info/2083,Text,,每回合开始时，获得<#BuffCount#>点【攻击力】,Grant <#BuffCount#> <Attack> at the start of each turn,各ターン開始時に「攻撃力」を<#BuffCount#>得る。
IE_Info/2084,Text,,普攻后，获得<#BuffCount#>层【防御】,Grant <#BuffCount#> stacks of [Defense] after a Basic Attack,通常攻撃後、「防御」を<#BuffCount#>得る。
IE_Info/2085,Text,,"战斗开始时，吃掉该装备，永久成长【<$AddHp$>点最大生命值】或【<$AddAtk$>点攻击力和卡牌强度】
有<$Chance$>%概率因为太难吃而吐出来，获得【虚弱】。","At the start of battle, consume this item to permanently gain [<$AddHp$> Max HP] or [<$AddAtk$> Attack and Card Power]
<$Chance$>% chance to vomit it out due to the taste, gaining [Asthenia]","戦闘開始時にこの装備を食べ、永続的に「<$AddHp$>体力上限」または「<$AddAtk$>攻撃力とカード強度」を得る。
<$Chance$>%の確率で味がまずいから吐き出し、「衰弱」を得る。"
IE_Info/2086,Text,,使用自身非(增值/随风/连锁雷)卡牌时，卡牌费用+1，重新抽取回手牌（视为抽牌事件，返回手牌后，该卡牌再次打出不会触发无色笔）,"When using this unit's cards that are not (Value-Up/Wind-Led/Chain - Lightning) tagged, +1 Cost and return them to your hand (Counted as a Draw event. Cards returned to hand will not trigger Colorless Pen when played again)",自身の非（増殖/随風/連鎖雷）カードを使用するとき、カードコスト+1で手札に戻す（ドローとしてみなす、手札に戻したあと、このカードを再度使っても無色筆を発動しない）。
IE_Info/2087,Text,,"攻击未标记的敌人时，将其【标记】（每回合仅触发一次）
当前触发次数：<#NowCount#>/1","[Mark] the enemy when attacking unmarked ones (once per turn)
Current Count: <#NowCount#>/1","マークされてない敵を攻撃するとき、ターゲットを「マーク」する（各ターンで1回のみ発動する）。
現在の発動回数：<#NowCount#>/1"
IE_Info/2088,Text,,"任意己方单位暴击时，追加<$BaseDemage$>点真实伤害，并将其【虚弱】
自身每点损失血量提高<$Demage$>点该伤害值","Whenever an ally CRITs, deal <$BaseDemage$> extra True Damage and inflict [Asthenia]
For each point of HP this unit loses, +<$Demage$> to the damage dealt","任意の味方ユニットが会心するとき、会心のターゲットに追加で<$BaseDemage$>真実ダメージを与え、「衰弱」を付与する。
自身の失われた体力1ごとに、このダメージが<$Demage$>増加する。"
IE_Info/2089,Text,,普攻后，生成一把飞剑并对目标敌人追加<$Demage$>点卡牌伤害,"After a Basic Attack, spawn a flying sword and deal <$Demage$> extra Card Damage to the target",通常攻撃後、飛剣を召喚してターゲットに追加で<$Demage$>カードダメージを与える。
IE_Info/2090,Text,,丢弃卡牌时，生成<#GetSword#>把飞剑,Spawn <#GetSword#> flying Swords on discarding a card,カードを捨てるとき、<#GetSword#>本の飛剣を召喚する。
IE_Info/2091,Text,,回合结束时，号令自身所有飞剑(至多<#MaxCount#>把)攻击随机目标，每把飞剑造成【卡牌强度*<$Demage$>】点卡牌伤害,"At the end of the turn, command all of this unit's flying swords (up to <#MaxCount#>) to attack random targets. Each sword deals [Card Power * <$Demage$>] Card Damage",ターン終了時、自身のすべての飛剣（最大<#MaxCount#>本）でランダムなターゲットを攻撃し、それぞれの飛剣は「カード強度*<$Demage$>」のカードダメージを与える。
IE_Info/2092,Text,,普攻后，若己方拥有超过<#SwordCount#>把飞剑，则对目标造成<$BaseDemage$>点真实伤害，自身每点卡牌强度提高<$DemageMult$>点伤害,"After a Basic Attack, if this unit has more than <#SwordCount#> flying swords, deal <$BaseDemage$> True Damage to the target. +<$DemageMult$> to the damage for each point of Card Power",通常攻撃後、味方が持つ飛剣が<#SwordCount#>本を超えている場合、ターゲットに<$BaseDemage$>真実ダメージを与える。自身のカード強度1ごとにダメージが<$DemageMult$>増加する。
IE_Info/2093,Text,,对【标记】目标造成伤害后，追加<$Demage$>点真实伤害,"On dealing damage to a [Marked] target, inflict an extra <$Demage$> True Damage",「マーク」されたターゲットにダメージを与えたあと、追加で<$Demage$>真実ダメージを与える。
IE_Info/2094,Text,,对【虚弱】或【眩晕】敌人造成伤害时，会移除其等量伤害*<$Demage$>的血量（该效果无视防御）,"On dealing damage to a target with [Asthenia] or [Stun], remove [Damage Dealt * <$Demage$>] HP from the target (ignores Defense)",「衰弱」または「スタン」の敵にダメージを与えたとき、与えたダメージ*<$Demage$>分の体力を追加で失わせる（この効果は防御を無視する）。
IE_Info/2095,Text,,造成任意伤害后，自身移除<$CostHp$>%生命值（不致死）,"On dealing any damage, remove <$CostHp$>% HP from self (non-lethal)",ダメージを与えたあと、自身は体力を<$CostHp$>%失う（撃破不能）。
IE_Info/2096,Text,,战斗开始时，所有己方单位获得<#BuffCount#>层【攻击力】,Grant all allied units <#BuffCount#> [Attack] at the start of battle,戦闘開始時、すべての味方ユニットが「攻撃力」を<#BuffCount#>得る。
IE_Info/2097,Text,,回合开始时，己方每有一把【飞剑】，自身及左右单位获得<#BuffCount#>层【灵压】,"At the start of the turn, grant <#BuffCount#> [Spiritual Pressure] to self and adjacent units per [Flying Sword] allies have",ターン開始時、味方の「飛剣」1本につき、自身および隣接ユニットが「霊圧」を<#BuffCount#>得る。
IE_Info/2098,Text,,任意单位死亡后，生成<#Sword#>把【飞剑】,Spawn <#Sword#> [Flying Swords] when any unit dies,任意のユニットが撃破されると、<#Sword#>本の「飛剣」を召喚する。
IE_Info/2099,Text,,战斗开始时，所有己方单位获得<#BuffCount#>层【抵抗】,Grant all allied units <#BuffCount#> stacks of [Resistance] at the start of battle,戦闘開始時、すべての味方ユニットが「抵抗」を<#BuffCount#>得る。
IE_Info/2100,Text,,使用卡牌后，自身及左右随从获得<$Shield$>点护盾,"On using a card, grant <$Shield$> Shield to self and adjacent minions",カード使用後、自身および隣接ユニットが<$Shield$>シールドを得る。
IE_Info/21001,Text,,任意卡牌使用后，对随机目标造成【<$MDemage$>】点卡牌伤害，并添加<#BuffCount#>层【法穿】（优先卡牌指向敌人）。同一回合内，每次触发该伤害提高<$UpDemage$>%,"After using any cards, deal [<$MDemage$>] Card Damage to a random target and inflict <#BuffCount#> stacks of [Magic Penetration] (prioritizing enemies). Within the same turn, +<$UpDemage$>% damage each time this effect is triggered",任意のカードを使用後、敵を優先してランダムなターゲットに「<$MDemage$>」カードダメージを与え、「法術貫通」を<#BuffCount#>付与する。同一ターン内で発動するごとにダメージが<$UpDemage$>%増加する。
IE_Info/21004,Text,,"普攻后【汲取】<#AddAtk#>点攻击力。
任意带有【标记】的敌人被击后，【汲取】其<#AddAtk#>点攻击力","[Drain] <#AddAtk#> Attack after a Basic Attack.
When any [Marked] enemy is hit, [Drain] <#AddAtk#> Attack from them","通常攻撃後、<#AddAtk#>攻撃力を「吸収」する。
「マーク」が付与されている敵が攻撃されたあと、<#AddAtk#>攻撃力を「吸収」する。"
IE_Info/21007,Text,,"普攻后，自身及左右获得<#Defence#>点防御
自身及左右单位受到伤害降低<$GetDemageSub$>%，(独立乘区)","After a Basic Attack, grant <#Defence#> Defense to self and adjacent units
Reduce the damage taken by self and adjacent units by <$GetDemageSub$>% (independent multiplier)","通常攻撃後、自身および隣接ユニットが<#Defence#>防御力を得る。
自身と隣接ユニットが受けるダメージが<$GetDemageSub$>%軽減する（独立乗算）。"
IE_Info/2101,Text,,护盾获得量提高<$Shield_Mult$>%,‘+<$Shield_Mult$>% to Shield gained,シールド獲得量が<$Shield_Mult$>%増加する。
IE_Info/21010,Text,,丢弃卡牌后，获得<#BuffCount#>层【抵抗】，所有己方单位获得<#BuffCount#>层【杀意】,"On discarding a card, grant <#BuffCount#> stacks of [Resistance]. All allied units gain <#BuffCount#> stacks of [Killing Malice]",カードを捨てると、「抵抗」を<#BuffCount#>得る。すべての味方ユニットが「殺意」を<#BuffCount#>得る。
IE_Info/21013,Text,,"受到伤害后，回复<$HealPresent$>%生命
最大生命值+<$Add_Hp_Max_Mult$>%","Restore <$HealPresent$>% HP on taking damage
Max HP +<$Add_Hp_Max_Mult$>%","ダメージを受けると、<$HealPresent$>%体力を回復する。
体力上限+<$Add_Hp_Max_Mult$>%。"
IE_Info/21018,Text,,"任意单位普攻后，召唤触手对目标造成【<$MDemage$>*攻击力】点卡牌伤害
自身造成任意伤害后，叠加<#BuffCount#>层【法穿】","After any unit's Basic Attack, summon tentacles to deal [<$MDemage$> * Attack] Card Damage to the target
Inflict <#BuffCount#> stacks of [Magic Penetration] each time this unit deals any damage","任意のユニットが通常攻撃したあと、触手を召喚してターゲットに「<$MDemage$>*攻撃力」のカードダメージを与える。
自身がダメージを与えると、「法術貫通」を<#BuffCount#>付与する。"
IE_Info/2102,Text,,被击后，为尸姬大人献上<#Magic#>点灵力,"On being hit, offer <#Magic#> Mana to the Lady Zombie",攻撃されたあと、屍姫に<#Magic#>霊力を与える。
IE_Info/21021,Text,,"回合开始时，为自身相邻的1/2名敌人施加<#PBuffCount#>层【疫毒】
任意单位死亡后，为所有敌人施加<#PBuffCount_1#>层【疫毒】","At the start of the turn, inflict <#PBuffCount#> stacks of [Plague Toxin] on 1/2 enemies adjacent to this unit
When any enemy dies, inflict <#PBuffCount_1#> stacks of [Plague Toxin] on all enemies","ターン開始時、自身に隣接する1/2名の敵に「疫毒」を<#PBuffCount#>スタック付与する。
任意のユニットが撃破されたあと、すべての敵に「疫毒」を<#PBuffCount_1#>スタック付与する。"
IE_Info/21024,Text,,"回合开始时，所有己方单位获得尸姬大人等级一半的【龙威】
回合开始时，获得<#BuffCount#>层【龙威】。","At the start of the turn, all allied units gain [Dragon's Presence] equal to half of the Lady Zombie's level
At the start of the turn, gain <#BuffCount#> stacks of [Dragon's Presence]","ターン開始時、すべての味方ユニットが屍姫レベルの半分の「龍威」を得る。
ターン開始時、「龍威」を<#BuffCount#>得る。"
IE_Info/21027,Text,,"普攻后号令左侧单位攻击同一目标（视为普攻）
自身及左侧全部单位，普攻时，若用尽行动次数，获得一层【龙威】","After a Basic Attack, command the unit to the left to attack the same target (counted as a Basic Attack)
For this unit and all units to the left, if a Basic Attack depletes AP, gain 1 stack of [Dragon's Presence]","通常攻撃後、左のユニットが同じターゲットを攻撃する（通常攻撃としてみなす）。
自身および左側のすべてのユニットが、通常攻撃ですべての行動回数を使用した場合、「龍威」を1スタック得る。"
IE_Info/2103,Text,,"造成伤害减半，当伤害超过<#Step_1#>/<#Step_2#>/<#Step_3#>时，获得<#StoneOne#>点碎神玉。
若伤害超过<#Step_4#>,每<#Step_4#>点伤害，获得<#StoneOne#>碎神玉
<#MaxBattle#>场战斗后，该装备自动破碎（处于背包中也会计数，且破碎并非装备消失）","Halve the damage dealt. Grant <#StoneOne#> Deity Shards when the damage exceeds <#Step_1#>/<#Step_2#>/<#Step_3#>.
When the damage exceeds <#Step_4#>, grant <#StoneOne#> Deity Shards for every <#Step_4#> damage
This item breaks after <#MaxBattle#> battles (The battle counts even if this item is in Backpack. Will not disappear after it breaks)","与えるダメージが半減し、ダメージが<#Step_1#>/<#Step_2#>/<#Step_3#>を超えるとき、<#StoneOne#>砕神玉を獲得する。
ダメージが<#Step_4#>を超えるとき、<#Step_4#>ごとに<#StoneOne#>砕神玉を獲得する。
<#MaxBattle#>回の戦闘後、この装備が自動的に砕ける（バッグの中でも砕けるが、装備が消えない）。"
IE_Info/21032,Text,,"任意方式造成伤害后，自身获得<#BuffCount#>层【杀意】
普攻后<$Present$>%概率对右侧单位造成攻击力*<$Demage$>的普通伤害，行动次数+1(不致死)","Gain <#BuffCount#> [Killing Malice] after any damage is dealt by any means
After performing a Basic Attack, <$Present$>% chance to deal Attack * <$Demage$> Normal Damage to the unit to the right and +1 AP (non-lethal)","ダメージを与えたあと、自身は「殺意」を<#BuffCount#>得る。
通常攻撃後、<$Present$>%の確率で右のユニットに攻撃力*<$Demage$>の通常ダメージを与え（撃破不能）、行動回数+1。"
IE_Info/21035,Text,,"任意手段触发岁月效果时，随机敌人受到<DemagePresent>%当前生命值的卡牌伤害
自身及左右单位普攻后，对目标施加【岁月】效果","On triggering the effect of Aging by any means, a random enemy takes <DemagePresent>% Current HP's Card Damage
Inflict [Aging] on the target after self or adjacent units perform Basic Attacks","いかなる手段でも歳月の効果を発動するとき、ランダムな敵が現在体力<DemagePresent>%分のカードダメージを受ける。
自身および隣接ユニットが通常攻撃したあと、ターゲットに「歳月」を付与する。"
IE_Info/21038,Text,,回合开始或非自身岁月效果触发时，执行1次【自身抽牌】,"At the start of the turn or when a non-self Time effect triggers, perform a [Self Draw]",ターン開始時、または自身以外の 【歳月】 効果発動時「単体ドロー」を1回実行する。
IE_Info/2103_1,Text,,"<color=#FF0000>已破碎</color>
造成伤害减半，伤害超过<#Step_4#>时,获得<#StoneOne#>碎神玉","<color=#FF0000>Broken</color>
Halve the damage dealt. Grant <#StoneOne#> Deity Shards when the damage exceeds <#Step_4#>","<color=#FF0000>砕けた</color>
与えるダメージが半減し、ダメージが<#Step_4#>を超えるとき、<#StoneOne#>砕神玉を獲得する。"
IE_Info/2104,Text,,"战斗结束时，若自身未受到过伤害，为尸姬大人献上<#StoneCount#>点碎神玉
当前被击次数：<#BehitCount#>","Offer <#StoneCount#> Deity Shards to the Lady Zombie if this unit has taken no damage throughout the battle
Hits Taken: <#BehitCount#>","戦闘終了時、自身がダメージを受けていない場合、屍姫に<#StoneCount#>砕神玉を与える。
現在攻撃を受けた回数：<#BehitCount#>"
IE_Info/21041,Text,,"回合开始时，生成<#SwordCount#>把飞剑
自身及左右单位受到伤害时，触发【奉剑】效果","At the start of the turn, spawn <#SwordCount#> [Flying Swords]
When self and adjacent units take damage, trigger [Devotion to Sword]","ターン開始時、<#SwordCount#>本の飛剣を召喚する。
自身および隣接ユニットがダメージを受けると、「奉剣」を発動する。"
IE_Info/21044,Text,,抽到任意牌时，回复<#Magic#>点【灵力】，<$MagicPresent$>%概率回复【灵力】翻倍,Restore <#Magic#> [Mana] when drawing any cards. <$MagicPresent$>% chance to restore 2x [Mana],カードをドローするとき、「霊力」を<#Magic#>回復する、<$MagicPresent$>%の確率で2倍の「霊力」を回復する。
IE_Info/21047,Text,,任意己方单位被击时，将损失血量的<$Present$>%转化为自身及左右单位的【攻击力】,"When any allied unit is hit, convert <$Present$>% of the lost HP into [Attack] for self and adjacent units",任意の味方ユニットが攻撃されたとき、失った体力の<$Present$>%を自身および隣接ユニットの「攻撃力」に変える。
IE_Info/2105,Text,,全场任意暴击后，所有己方单位获得<$Shield$>点护盾,"When any critical hit occurs, all allied units gain <$Shield$> Shield",任意のユニットが会心したあと、すべての味方ユニットが<$Shield$>シールドを得る。
IE_Info/21050,Text,,"全场对带有【疫毒】的敌人造成任意伤害后，为目标和左右单位添加<#BuffCount#>层【疫毒】
目标每损失<$Present$>%生命值，叠加层数提高一倍","After allied units deal any damage to an enemy inflicted with [Plague Toxin], add <#BuffCount#> [Plague Toxin] to the target and its adjacent units
For every <$Present$>% HP the target has lost, the stack amount doubles","すべてのユニットが「疫毒」の付与されている敵にダメージを与えたあと、ターゲットとその隣接ユニットに「疫毒」を<#BuffCount#>付与する。
ターゲットが<$Present$>%の体力を失っているごとに、スタックが2倍で付与される。"
IE_Info/21054,Text,,普攻后追加【攻击力*<$DemagePresent$>】的普通伤害，触发时<$StunPresent$>%【眩晕】目标,"Deal an extra [Attack * <$DemagePresent$>] Normal Damage after a Basic Attack, with <$StunPresent$>% chance to [Stun] the target",通常攻撃後、追加で「攻撃力*<$DemagePresent$>」の通常ダメージを与える。発動時に<$StunPresent$>%の確率でターゲットに「スタン」を付与する。
IE_Info/2106,Text,,回合结束时，每剩余1点行动次数，执行一次【自身抽牌】（手牌已满时不会触发）,"At the end of the turn, perform a [Self Draw] for each remaining AP (Does not trigger if the hand is full)",ターン終了時、残りの行動回数1ごとに、「単体ドロー」を1回実行する（手札数が上限に達している場合は発動しない）。
IE_Info/21060,Text,,"使用任意卡牌或者回合结束时，获得<#Sword#>把【飞剑】
丢弃卡牌时，触发悟剑效果","Gain <#Sword#> [Flying Swords] on using any card or at the end of the turn
Trigger [Sword Revelation] on discarding a card","カード使用またはターン終了時に、<#Sword#>本の「飛剣」を獲得する。
カードを捨てるとき、悟剣の効果を発動する。"
IE_Info/21064,Text,,"每回合开始时，获得<#CardCount#>张《僵尸之血》
所有《僵尸之血》卡牌倍率+<$DemageMult$>%","Get <#CardCount#> <Zombie Blood> cards at the start of each turn
All <Zombie Blood> cards get a +<$DemageMult$>% multiplier","各ターン開始時に『僵屍の血』を<#CardCount#>枚獲得する。
すべての『僵屍の血』のカード倍率+<$DemageMult$>%。"
IE_Info/2107,Text,,战斗开始时，为所有己方单位添加<#BuffCount#>层【灵契】,Grant all allied units <#BuffCount#> stacks of [Spiritual Pact] at the start of battle,戦闘開始時、すべての味方ユニットに「霊契」を<#BuffCount#>付与する。
IE_Info/21071,Text,,"回合开始时，若手牌中没有《绘涩》将一张未升级的《绘涩》加入手牌
丢弃卡牌时，<$CardPresent$>%概率执行一次【自身抽牌】（手牌已满时不触发）","At the start of the turn, if you have no <Eros> card in hand, add 1 basic <Eros> to hand
When discarding cards, <$CardPresent$>% chance to perform a [Self Draw] (skipped if your hand is full)","ターン開始時に、手札に『絵渋』がない場合、アップグレードしていない『絵渋』を手札に加える。
カードを捨てるとき、<$CardPresent$>%の確率で「単体ドロー」を1回実行する（手札数が上限に達しているときは発動しない）。"
IE_Info/21074,Text,,"自身任意方式攻击带有异常状态的敌人时，追加<$MDemage$>点卡牌伤害
造成伤害的25%填充为全队护盾","When attacking debuffed enemies by any means, inflict an extra <$MDemage$> Card Damage
Convert 25% of the damage dealt into Shield for all allies","自身が任意の方法でデバフが付与されている敵を攻撃するとき、追加で<$MDemage$>カードダメージを与える。
与えたダメージの25%は味方のシールドに変わる。"
IE_Info/21077,Text,,"战斗开始时，所有己方单位睁开<#BuffCount#>只【心眼】
全场任意方式暴击时，额外睁开<#BuffAdd#>只【心眼】","At the start of battle, all allied units open <#BuffCount#> [Mind's Eyes]
When any critical hit occurs, open <#BuffAdd#> more [Mind's Eyes]","戦闘開始時、すべての味方ユニットが<#BuffCount#>の「心眼」を開く。
任意のユニットが会心するとき、追加で<#BuffAdd#>の「心眼」を開く。"
IE_Info/2108,Text,,"受到任意伤害后，所有己方单位提高<$AddDemage$>%卡牌伤害
当前提高：<#NowCount#>","On taking any damage, all allied units +<$AddDemage$>% Card Damage
Current Bonus: <#NowCount#>","任意のダメージを受けたあと、すべての味方ユニットのカードダメージが<$AddDemage$>%増加する。
現在：<#NowCount#>"
IE_Info/21080,Text,,回合开始时损失<$CostHp$>%最大生命值（不致死)，同时对相邻的2/3名敌人造成【已损失血量*<$Demage$>】的卡牌伤害，并将该伤害的一半填充为全队护盾,"Lose <$CostHp$>% Max HP at the start of the turn (non-lethal), deal [Lost HP * <$Demage$>] Card Damage to 2/3 adjacent enemies, and convert half of the damage dealt into Shield for all allies",ターン開始時に体力上限<$CostHp$>%分の体力を失い（撃破不能）、隣接する敵2/3名に「失っている体力*<$Demage$>」のカードダメージを与え、与えたダメージの半分を味方のシールドに変える。
IE_Info/21085,Text,,"全场触发【汲取】效果时，自身额外获得等量的汲取效果。
全场对带有【标记】/【眩晕】/【虚弱】的敌人【汲取】效果翻倍","When any allied unit triggers the [Drain] effect, this unit gets the equivalent [Drain] effect.
[Drain] efficiency doubles against [Marked] / [Stun] / [Asthenia] enemies","「吸収」効果が発動するとき、自身は追加で同量の吸収効果を得る。
すべてのユニットは「マーク」/「スタン」/「衰弱」が付与されている敵に対する「吸収」効果が2倍になる。"
IE_Info/21088,Text,,"被击后，获得自身【雷反】层数一半的【攻击力】和【灵压】
以任意方式使用【雷】卡牌时，重复使用这张卡牌，并受到<$CostHp$>%最大生命值的真实伤害（视为卡牌事件，不致死）","On being hit, gain [Attack] and [Spiritual Pressure] equal to half of the current [Lightning Counter] stacks
After a [Lightning] card is used in any way, repeat this card and take <$CostHp$>% Max HP's True Damage (counted as a card event and non-lethal)","攻撃されたあと、自身の「雷返し」スタックの半分の「攻撃力」と「霊圧」を得る。
いかなる方法でも「雷」カードを使用するとき、繰り返してこのカードを使用し、体力上限<$CostHp$>%分の真実ダメージを受ける（カード使用としてみなす、撃破不能）"
IE_Info/2109,Text,,丢弃卡牌时，获得卡牌费用*<#BuffCount#>层【灵压】,"On discarding a card, gain Card Cost * <#BuffCount#> [Spiritual Pressure]",カードを捨てるとき、カードコスト*<#BuffCount#>の「霊圧」を得る。
IE_Info/21093,Text,,"回合结束时，若剩余行动次数，获得<#CardCount#>张<#CardID#>
若剩余灵力，同样获得<#CardCount#>张<#CardID#>","At the end of the turn, if any AP remains, get <#CardCount#> <<#CardID#>> 
Also, if any Mana remains, get <#CardCount#> <<#CardID#>>","ターン終了時、行動回数が残されている場合、<#CardID#>を<#CardCount#>枚獲得する。
霊力が残されている場合、同じく<#CardID#>を<#CardCount#>枚獲得する。"
IE_Info/21096,Text,,"任意单位死亡时，随机汲取一名敌人<#EatValue#>点全灵根。
回合结束时，触发陪葬效果","When any unit dies, [Drain] <#EatValue#> points of all Spiritual Roots from a random enemy.
Trigger [Sacrificial Burial] at the end of the turn","任意のユニットが撃破されたとき、ランダムな敵から<#EatValue#>全霊根を「吸収」する。
ターン終了時、殉葬効果を発動する。"
IE_Info/21099,Text,,"全场任意方式使用【火】/【风】卡牌后，对周围1/2名敌人叠加<#BuffCount#>层【破甲】和【法穿】
每层【龙威】Debuff层数+<#ExCount#>","When any [Fire] / [Wind] cards are used in any way, stack <#BuffCount#> [Sunder Armor] and [Magic Penetration] on 1/2 surrounding enemies
For each stack of [Dragon's Presence] this unit has, inflict +<#ExCount#> more stacks of the debuffs","いかなる方法で「火」/「風」カードを使用後、周りの敵1/2名に「破れ」と「法術貫通」を<#BuffCount#>付与する。
「龍威」1スタックごとにデバフスタック+<#ExCount#>。"
IE_Info/21104,Text,,"所有己方单位卡牌伤害提高<$Demage$>%
回合结束时，所有【水】【雷】卡牌费用-<#CardCost#>","All allied units +<$Demage$>% Card Damage
At the end of the turn, -<#CardCost#> Cost for all [Water] and [Lightning] cards","すべての味方ユニットのカードダメージが<$Demage$>%増加する。
ターン終了時、すべての「水」「雷」カードのコスト-<#CardCost#>。"
IE_Info/21110,Text,,使用卡牌时，己方每存在一名不同的随从，所有己方随从【灵压】和【攻击力】+<#BuffCount#>,"When using a card, for each unique ally there is, +<#BuffCount#> [Spiritual Pressure] and [Attack] to all allied minions",カードを使用するとき、味方に異なるミニオン1名につき、すべての味方ミニオンの「霊圧」と「攻撃力」+<#BuffCount#>。
IE_Info/21114,Text,,"抽到的卡牌费用-<#SubCount#>
抽到《神骸》或《僵尸之血》时，为尸姬大人献上<#Magic#>点灵力","Card drawn -<#SubCount#> Cost.
Offer <#Magic#> Mana to the Lady Zombie when <Divine Remains> or <Zombie Blood> is drawn","ドローされたカードのコスト-<#SubCount#>。
『神骸』または『僵屍の血』をドローしたとき、屍姫に<#Magic#>霊力を与える。"
IE_Info/21119,Text,,自身每拥有1点护盾，全伤害提高<$Demage$>%(独立乘区)(至多<$Max$>%),"For every 1 point of Shield this unit has, all damage +<$Demage$>% (independent multiplier, up to <$Max$>%)",自身に1シールドにつき、すべてのダメージが<$Demage$>%増加する（独立乗算、最大<$Max$>%まで）。
IE_Info/2112,Text,,,,
IE_Info/21122,Text,,"任意己方单位普攻后，所有己方单位卡牌伤害提高<$DemageUp$>%(当前：<$PDemageNow$>%)
任意己方单位使用卡牌后，所有己方单位普通伤害提高<$DemageUp$>%(当前：<$MDemageNow$>%)","After any allied unit performs a Basic Attack, all allies' Card Damage +<$DemageUp$>% (Current: <$PDemageNow$>%)
After any allied unit uses a card, all allies' Normal Damage +<$DemageUp$>% (Current: <$MDemageNow$>%)","任意の味方ユニットが通常攻撃したあと、すべての味方ユニットのカードダメージが<$DemageUp$>%増加する（現在：<$PDemageNow$>%）。
任意の味方ユニットがカードを使用したあと、すべての味方ユニットの通常ダメージが<$DemageUp$>%増加する（現在：<$MDemageNow$>%）。"
IE_Info/21125,Text,,"第一回合开始时，移除所有单位<$CostHp$>%最大生命值的血量
累计使用<#CompleteCount#>张不同的卡牌后，重新触发一次阴司效果（生命不足时，致死）","At the start of Turn 1: Remove <$CostHp$>% of Max HP from all units
On using a total of <#CompleteCount#> different cards: Trigger the effect of [Netherworld] again (kills if the remaining HP is insufficient)","初めてのターン開始時、すべてのユニットが体力上限<$CostHp$>%分の体力を失う。
合計<#CompleteCount#>枚の異なるカードを使用後、もう一度陰司の効果を発動する（残り体力が不足の場合、撃破される）。"
IE_Info/21128,Text,,"所有抽到卡牌费用+<#Cost#>,卡牌面板提高<$AddValue$>%
每经过一回合，所有抽到的卡牌费用-<#SubValue#>
当前：<#NowSub#>","All cards drawn +<#Cost#> Cost, but +<$AddValue$>% card stats
After each turn, the cost of all cards drawn -<#SubValue#>
Current: <#NowSub#>","ドローされたカードのコスト+<#Cost#>、カード効果が<$AddValue$>%増加する。
1ターン経過するごとに、すべてのドローされたカードのコスト-<#SubValue#>。
現在：<#NowSub#>"
IE_Info/21129,Text,,"自身受到伤害储存为魂力，每回合开始和结束时攻击全场造成【魂力*<$AddValue$>+攻击力*<$AtkValue$>】卡牌伤害。
当前魂力：<#SoulPower#>","Convert damage taken into Soul Power. At the start AND end of each turn, attack all units on the field, dealing Card Damage equal to [Soul Power * <$AddValue$> + Attack * <$AtkValue$>].
Current Soul Power: <#SoulPower#>","自身が受けたダメージを魂力として溜める。各ターン開始時と終了時にフィールド全体を攻撃して「魂力*<$AddValue$>+攻撃力*<$AtkValue$>」のカードダメージを与える。
現在の魂力：<#SoulPower#>"
IE_Info/2113,Text,,生命值+<$Add_Hp_Max_Mult$>%,Max HP + <$Add_Hp_Max_Mult$>%,体力上限+<$Add_Hp_Max_Mult$>%
IE_Info/21132,Text,,"初始有一条尾巴，每完成一次恶趣味增加一条。每条尾巴使自身全伤害+<$DemageUp$>%（最多<#MaxTail#>条）
受到致命伤害后，忽略该次伤害，并以1点血存活。单次战斗触发次数不超过自身尾巴数。
当前尾数：<#NowTail#>
当前免死触发次数：<#DeathCount#>/<#NowTail#>
<#MaxTail#>条尾巴后青丘血脉觉醒，加强玖安所有能力","Starts with 1 tail. Gains 1 more tail each time a Sick Humor is fulfilled. Each tail increases all damage dealt by +<$DemageUp$>% (Up to <#MaxTail#> tails).
Upon receiving fatal damage, survive with 1 HP. For every battle, this effect cannot be triggered more times than the current number of tails.
Current Tails: <#NowTail#>
Death Immunity Triggered: <#DeathCount#>/<#NowTail#>","初期状態で1本の尻尾を持つ。悪趣味を1回クリアするごとに1本増える。1本ごとに自身のすべてのダメージ+<$DemageUp$>%（最大<#MaxTail#>本まで）
撃破に至るダメージを受けると、そのダメージを無視し、体力1で生存する。1回の戦闘での発動回数は自身の尻尾数を超えない。
現在の尻尾数：<#NowTail#>
現在の撃破不能効果発動回数：<#DeathCount#>/<#NowTail#>
<#MaxTail#>本の尻尾で青丘の血脈が覚醒し、玖安の全ての能力が強化される。"
IE_Info/21137,Text,,"将魔蛟-云岚加入到待命随从中。
每回合开始时，或者使用自己的卡牌时，自身及左右单位回复<$AddValue$>%最大生命值。","Add Demonic Wyrm - Cloud Mist to the standby minions.
At the start of each turn, or when using this unit's cards, restore <$AddValue$>% Max HP for self and adjacent units.","魔蛟-雲嵐を待機ミニオンに加える。
各ターン開始時または自分のカードを使用するとき、自身および隣接ユニットが体力上限の<$AddValue$>%回復する。"
IE_Info/21141,Text,,"回合开始时，获得<$CostHp$>%最大生命值的攻击力，生命值高于<$BigHp$>%时，重复触发一次。
满血时，自身所有造成伤害翻倍。（独立乘区）","At the start of the turn, gain Attack equal to <$CostHp$>% of Max HP. If Current HP is above <$BigHp$>%, trigger this effect once more.
At full HP, all damage dealt by self is doubled. (Independent multiplier)","ターン開始時、体力上限の<$CostHp$>%分の攻撃力を得る。体力が<$BigHp$>%を超えている場合、もう1回発動する。
最大体力のとき、自身が与えるすべてのダメージが倍増する（独立乗算）。"
IE_Info/21145,Text,,"无法获得任何buff，自身被施加buff时，等量扩散给左右友方单位
每被击<#HitCount#>次，扩散效果提高100%
当前被击：<#NowCount#>","Deny any buffs. When a buff is applied to self, spread equal stacks to adjacent allied units
On being hit every <#HitCount#> times, increase the spread stacks by 100%
Current Hits: <#NowCount#>","バフを得ることができず、バフを付与されると、隣接する味方ユニットに同量の効果を拡散する。
<#HitCount#>回攻撃されるたびに、拡散効果が100%増加する。
現在の被撃：<#NowCount#>"
IE_Info/2115,Text,,任意单位死亡后，自身获得<#BuffCount#>层【抵抗】,Grant <#BuffCount#> stacks of [Resistance] when any unit dies,任意のユニットが撃破されたあと、自身が<#BuffCount#>の「抵抗」を得る。
IE_Info/21150,Text,,回合开始或非自身岁月效果触发时，解除所有友方单位的一种Debuff，并且所有正面Buff层数提高<#AddValue#>,"At the start of the turn, or when an external Aging effect triggers, remove 1 debuff from all allied units, and increase the stacks of all buffs by <#AddValue#>",ターン開始時または自身以外の歳月効果が発動するとき、すべての味方ユニットのデバフを1種類解除し、すべてのバフのスタック数が<#AddValue#>増加する。
IE_Info/21154,Text,,战斗开始时，偷取左侧随从的第一个装备效果，并将该装备效果共享给全场所有随从（不会获得专属效果）,"At the start of battle, steal the first item's effect from the minion to the left, and share this item effect with all minions on the field (excluding exclusive effects)",戦闘開始時、左側のミニオンの1つ目の装備効果を盗み、その効果をすべてのミニオンに共有する（専属効果を獲得できない）。
IE_Info/21159,Text,,被击时，对上次攻击自己的敌人发动一次普攻，并获得<#BuffCount#>层【狂性】,"On being hit, launch a Basic Attack against the last attacker, and gain <#BuffCount#> stacks of [Mania]",攻撃を受けたとき、前回自分を攻撃した敵に通常攻撃を1回行い、<#BuffCount#>の「狂暴」を得る。
IE_Info/2116,Text,,回合开始时，场上所有单位获得<#BuffCount#>层【狂性】（不论敌我）,"At the start of the turn, all units on the field gain <#BuffCount#> stacks of [Mania] (regardless of allies and enemies)",ターン開始時、フィールド上のすべてのユニットが<#BuffCount#>の「狂暴」を得る（敵味方問わず）。
IE_Info/21163,Text,,战斗开始时，获得卡牌《百载》,Get 1 <Hundred Years> card at the start of battle,戦闘開始時、カード『百載』を獲得する。
IE_Info/21168,Text,,"使用卡牌时，根据标签获得额外效果。
水：全队【灵压】+<#BuffCount_1#>
火：对相邻1/2名敌人造成卡牌面板<$FireDemage$>%的伤害
风：全队回复<$Heal$>%最大生命值
雷：自身真实伤害提高<$AddDemage$>%(持续到战斗结束)
第一回合使用卡牌时，无视标签触发所有额外效果","On using a card, trigger extra effects based on its tags.
Water: All allies +<#BuffCount_1#> [Spiritual Pressure]
Fire: Deal <$FireDemage$>% card stats damage to the adjacent 1/2 enemies
Wind: All allies restore <$Heal$>% Max HP
Lightning: The card's True Damage + <$AddDemage$>% (until the battle ends)
Ignore all the tag effects when using the card on the first turn","カードを使用するとき、タグで追加効果を得る。
水：味方全体の「霊圧」+<#BuffCount_1#>
火：隣接する敵1/2名にカードパネル<$FireDemage$>%のダメージを与える
風：味方全体を体力上限の<$Heal$>%回復する
雷：自身の真実ダメージが<$AddDemage$>%増加する（戦闘終了まで持続する）
1ターン目にカードを使用するとき、タグを問わずにすべての追加効果を発動する"
IE_Info/2117,Text,,携带者造成任意伤害后，【汲取】<#EatValue#>最大生命值,The wielder [Drain] <#EatValue#> Max HP when it deals any damage,所持者が任意のダメージを与えたあと、<#EatValue#>の体力上限を「吸収」する。
IE_Info/21172,Text,,"奇数回合开始时获得双倍行动次数，偶数回合开始时睡觉，回满血并解除所有异常状态，但是失去所有行动次数
奇数回合开始时额外获得1点行动次数","Gain 2x AP on odd turns. Falls asleep on even turns, losing all AP, but also fully restores HP and removes any debuffs
Gain 1 extra AP on odd turns","奇数ターン開始時に2倍の行動回数を得る。偶数ターン開始時は居眠りし、体力を全回復し、すべてのデバフを解除する代わりに、すべての行動回数を失う。
奇数ターン開始時に追加で1行動回数を得る。"
IE_Info/21176,Text,,"自身造成任意伤害后获得一层【疫毒】，立即5倍结算目标身上的【疫毒】效果
任意敌人被暴击时，立即结算该目标身上的【疫毒】效果","After dealing any damage, gains 1 stack of Plague and immediately triggers the Plague effect on the target. 
When any enemy is critically hit, immediately triggers the Plague effect on that target.","自身が任意のダメージを与えた後、自身が疫毒を1スタック獲得し、対象の疫毒効果を5倍で即時決済する。
任意の敵がクリティカルを受けた時、その対象の疫毒効果を即時決済する。"
IE_Info/2118,Text,,自身造成任意伤害的<$Heal$>%转化为生命值,Convert <$Heal$>% of the damage dealt to HP,自身が与える任意のダメージの<$Heal$>%を体力に変換する。
IE_Info/21180,Text,,"回合开始和结束时，对场上所有【标记】单位及左右单位造成<$CostHp$>点卡牌伤害，自身每点卡牌强度和攻击力，提高<$AddDemage$>点该伤害值。
当前：<#DemageNow#>","At the start and end of the turn, deal <$CostHp$> Car Damage to all [Marked] units and their adjacent units on the field. Each point of self Card Power and Attack increases this damage by <$AddDemage$>.
Current Damage: <#DemageNow#>","ターン開始と終了時に、フィールド上のすべての「マーク」ユニットおよび隣接ユニットに<$CostHp$>のカードダメージを与える。自身のカード強度と攻撃力ごとに、このダメージが<$AddDemage$>増加する。
現在：<#DemageNow#>"
IE_Info/21183,Text,,"任意随从行动后，<$GetCardPresent$>%概率获得一张《斩龙诀》
使用任意卡牌后<$GetCardPresent$>%概率获得一张《斩龙诀》","After any follower takes action,<$GetCardPresent$>has a% probability of obtaining a ''Dragon-Slaying Decree'
After using any card, there is a% probability that<$GetCardPresent$>will receive a ''Dragon-Slaying Decree'“","任意の従者が行動した後、<$GetCardPresent$>%の確率で 《斬龍決》 を1枚獲得する。
任意のカード使用後、<$GetCardPresent$>%の確率で 《斬龍決》 を1枚獲得する。"
IE_Info/2119,Text,,,,
IE_Info/2120,Text,,每回合开始时，自身单位恢复<$Heal$>%最大生命值,"At the start of each turn, restore <$Heal$>% Max HP for self",各ターン開始時、自身のユニットを体力上限の<$Heal$>%回復する。
IE_Info/2121,Text,,任意【标记】单位死亡后，执行一次【自身抽牌】,Perform a [Self Draw] when any [Marked] unit dies,任意の「マーク」ユニットが撃破されたあと、「単体ドロー」を1回実行する。
IE_Info/2122,Text,,"回合开始时，所有己方单位【攻击力】+<#BuffCount#>,【怒意】+<#BuffCount_2#>","At the start of the turn, all allied units +<#BuffCount#> [Attack] and +<#BuffCount_2#> [Rage]",ターン開始時、すべての味方ユニットの「攻撃力」+<#BuffCount#>、「激怒」+<#BuffCount_2#>。
IE_Info/2123,Text,,被击时，消耗一把飞剑，完全抵御该伤害,"On being hit, consume a flying sword to negate the damage",攻撃されたとき、1本の飛剣を消費してそのダメージを完全に無効化する。
IE_Info/2124,Text,,"回合开始时，对相邻的1/2名敌人造成<$BaseDemage$>点卡牌伤害，自身每点攻击力/卡牌强度+<$AddDemage$>伤害
触发时移除自身<$CostHp$>点生命（不致死，生命值不足时，不触发）","Deal <$BaseDemage$> Card Damage to 1/2 adjacent enemies at the start of the turn. For every point of this unit's Attack & Card Power, the damage +<$AddDemage$>
On trigger, remove <$CostHp$> HP from self (non-lethal, will not trigger if HP is insufficient)","ターン開始時、隣接する敵1/2名に<$BaseDemage$>のカードダメージを与える、自身の攻撃力/カード強度1につき、ダメージ+<$AddDemage$>。
発動時に自身の体力を<$CostHp$>除去する（撃破不能、体力が足りないときは発動しない）。"
IE_Info/2125,Text,,任意敌人死亡后，所有己方单位恢复<$Heal$>%最大生命值并获得<#BuffCount#>层【怒意】,"When any ememy dies, all allied units restore <$Heal$>% Max HP and gain <#BuffCount#> stacks of [Rage]",任意の敵が撃破されたあと、すべての味方ユニットが体力上限の<$Heal$>%回復し、「激怒」を<#BuffCount#>得る。
IE_Info/2126,Text,,若存活至战斗胜利，则为所有己方单位永久成长<#AddValue#>点卡牌强度,"If the equipper survives until battle victory, all allied units permanently gain <#AddValue#> Card Power",戦闘勝利まで存続した場合、すべての味方ユニットが永続的にカード強度を<#AddValue#>得る。
IE_Info/2127,Text,,自身造成伤害全部变为真实伤害，同时，受到伤害也全部变为真实伤害,"All damage dealt becomes True Damage, but all damage taken also becomes True Damage",自身が与えるダメージがすべて真実ダメージになる。受けるダメージも同じく真実ダメージになる。
IE_Info/2128,Text,,战斗开始时，每有一点碎神玉，获得<#Shield#>点护盾,"At the start of battle, gain <#Shield#> Shield for each 1 Deity Shard you own",戦闘開始時、砕神玉を1個持っているごとに、<#Shield#>のシールドを得る。
IE_Info/2129,Text,,"同一回合连续普攻时，提高<$Demage$>%普通伤害，回合结束时清空
当前：<$NowDemage$>%","When performing consecutive Basic Attacks in the same turn, increase Normal Damage by <$Demage$>%. Cleared at the end of the turn
Current Value: <$NowDemage$>%","同じターンで連続して通常攻撃するとき、通常ダメージが<$Demage$>%増加する。ターン終了時にリセット。
現在：<$NowDemage$>%"
IE_Info/2130,Text,,"每回合第一次普攻，额外追加<$Demage$>倍攻击力的卡牌伤害
当前触发次数:<#NowCount#>","Each turn, the first Basic Attack deals an extra Card Damage (Attack x <$Demage$>)
Current triggers: <#NowCount#>","各ターン最初の通常攻撃は追加で攻撃力の<$Demage$>倍のカードダメージを与える
現在発動回数：<#NowCount#>"
IE_Info/2131,Text,,对带有护盾的敌人普攻时，施加<#BuffCount#>层【破甲】,"When performing a Basic Attack on an enemy with Shield, inflict <#BuffCount#> stacks of [Sunder Armor]",シールドを持つ敵に通常攻撃するとき、<#BuffCount#>の「破れ」を付与する。
IE_Info/2132,Text,,"任意单位死亡后，该装备攻击力+<#AddValue#>,卡牌强度+<#AddValue#>","When any unit dies, this item +<#AddValue#> Attack and +<#AddValue#> Card Power",任意のユニットが撃破されたあと、この装備の攻撃力+<#AddValue#>、カード強度+<#AddValue#>。
IE_Info/2133,Text,,若场上有其他同名随从存活，自身无视所有致命伤害（在判定场上同名随从时，携带连心锁的随从不参与判定）,"If there are other minions with the same name on the field (excluding the minion equipping Heart Link), the equipper ignores all lethal damage",フィールドに他の同名ミニオンが存続している場合、自身はすべての撃破ダメージを無視する（連心鎖を所持するミニオンは同名ミニオンとして判断されない）。
IE_Info/2134,Text,,死亡后，【眩晕】所有敌人,"On death, [Stun] all enemies",撃破されたあと、すべての敵に「スタン」を付与する。
IE_Info/2135,Text,,该装备会进化为“破土之芽”,"This item can evolve into ""Shooting Sprout""",この装備は「破土の芽」に進化する。
IE_Info/2136,Text,,该装备会进化为“向天之菁”,"This item can evolve into ""Skyward Sapling""",この装備は「向天菁華」に進化する。
IE_Info/2137,Text,,"回合开始时，获得<$Shield$>%最大生命值的护盾
该装备会进化为“盘桓之韧”","At the start of the turn, grant Shield equal to <$Shield$>% Max HP
This item can evolve into ""Coiling Tenacity""","ターン開始時、体力上限<$Shield$>%のシールドを得る。
この装備は「盤桓たる靭」に進化する。"
IE_Info/2138,Text,,"回合开始时，获得<$Shield$>%最大生命值的护盾
该装备会进化为“栖霞之木”","At the start of the turn, grant Shield equal to <$Shield$>% Max HP
This item can evolve into ""Cloud Nest Wood""","ターン開始時、体力上限<$Shield$>%のシールドを得る。
この装備は「栖霞の木」に進化する。"
IE_Info/2139,Text,,"回合开始时全队获得<$Shield$>%最大生命值的护盾
造成卡牌或真实伤害时，全队恢复<$Heal$>%最大生命值","At the start of the turn, grant all allies Shield equal to <$Shield$>% Max HP
On dealing Card Damage or True Damage, all allies restore <$Heal$>% Max HP","ターン開始時、すべての味方ユニットが体力上限の<$Shield$>%分のシールドを得る。
カードまたは真実ダメージを与えるとき、すべての味方を体力上限の<$Heal$>%回復する。"
IE_Info/2140,Text,,"回合开始时，全队获得<$Shield$>%最大生命值的护盾
造成卡牌或真实伤害时，全队恢复<$Heal$>%最大生命值并【灵压】+<#BuffCount#>","At the start of the turn, grant all allies Shield equal to <$Shield$>% Max HP
On dealing Card Damage or True Damage, all allies restore <$Heal$>% Max HP and gain +<#BuffCount#> [Spiritual Pressure]","ターン開始時、すべての味方ユニットが体力上限の<$Shield$>%分のシールドを得る。
カードまたは真実ダメージを与えるとき、すべての味方を体力上限の<$Heal$>%回復し、「霊圧」+<#BuffCount#>。"
IE_Info/2141,Text,,,,
IE_Info/2142,Text,,每回合额外执行一次自身的回合开始事件,"Each turn, execute an extra turn-start event",各ターンで自身のターン開始効果を追加で1回実行する。
IE_Info/2143,Text,,回合开始时，【虚弱】相邻的1/2名敌人,"At the start of the turn, inflict [Asthenia] on 1/2 adjacent enemies",ターン開始時、隣接する敵1/2名に「衰弱」を付与する。
IE_Info/2144,Text,,战斗开始时，自身及左侧单位获得【预标记】状态,"At the start of the turn, grant the [Pre-Mark] status to self and unit to the left",戦闘開始時、自身および左隣のユニットが「準マーク」を得る。
IE_Info/2145,Text,,自身普攻或使用卡牌后，【雷反】+<#BuffCount#>并触发雷反效果,"After performing a Basic Attack or using a card, [Lightning Counter] stacks +<#BuffCount#> and trigger its effect",自身が通常攻撃またはカードを使用後、「雷返し」+<#BuffCount#>、雷返し効果を発動する。
IE_Info/2146,Text,,受到伤害降低<$SubDemage$>%(独立乘区),Reduced damage by<$SubDemage$>% (independent ride zone),受けるダメージが <$SubDemage$>% 減少する（独立乗算）。
IE_Info/2147,Text,,对【标记】敌人普攻后，为尸姬大人献上<#Magic#>点灵力,"After Basic Attacking an enemy with a [Mark], offer <#Magic#> Spirit Power to the Corpse Princess.",【マーク】が付いた敵に通常攻撃を行った後、屍姫様に<#Magic#>ポイントの霊力を捧げる。
IE_Info/2148,Text,,任意携带异常状态的敌人死亡后，将其异常状态<$BuffExp$>%扩散至全场敌方单位（单次至多<#MaxValue#>层，【眩晕】状态不会参与扩散）,"When an enemy carrying any abnormal status dies, spread <$BuffExp$>% of its abnormal statuses to all enemy units on the field (Up to <#MaxValue#> layers per operation; [Stun] status will not participate in the spread).",任意の異常状態を保有する敵が死亡した後、その異常状態を<$BuffExp$>%分、フィールド上の全ての敵ユニットに拡散する（1回につき最大<#MaxValue#>スタック、【スタン】状態は拡散対象外とする）
IE_Info/2149,Text,,每拥有<#DefCount#>点【防御】受到伤害降低1%（独立乘区，至多<$DemageSubMax$>%）,"For every <#DefCount#> points of [Defense], damage taken is reduced by 1% (independent multiplier, max <$DemageSubMax$>%).",【防御】が<#DefCount#>ポイントごとに、受けるダメージを1%減少する（独立乗算区間、最大<$DemageSubMax$>%）。
IE_Info/2150,Text,,回合开始时，获得<#BuffMult#>倍防御的【攻击力】和【灵压】,"At the start of the turn, gain [ATK] and [Spirit Pressure] equal to <#BuffMult#> times [Defense].",ターン開始時、「防御」の<#BuffMult#>倍の「攻撃力」と「霊圧」を得る。
IE_Info/2151,Text,,任意方式使用卡牌后，解除自身【疫毒】和【破甲】效果,"After using any card, remove [Plague] and [Armor Break] from self.",任意の方法でカードを使用したあと、自身の「疫毒」と「破れ」を解除する。
IE_Info/2152,Text,,使用【火】/【水】卡牌后，【灵压】+<#BuffCount#>,"After using a [Fire]/[Water] card, [Spirit Pressure] +<#BuffCount#>.",【火】/【水】カード使用後、【霊圧】+<#BuffCount#>。
IE_Info/2153,Text,,回合开始时，获得<#BuffCount#>层【杀意】,"At the start of the turn, gain <#BuffCount#> stacks of [Killing Intent].",ターン開始時、「殺意」を<#BuffCount#>得る。
IE_Info/2154,Text,,全场累计普攻<#CompleteCount#>次，自身行动次数+1,"After a total of <#CompleteCount#> Basic Attacks across the field, self action count +1.",戦場全体での通常攻撃の累計回数が<#CompleteCount#>回に達する度、自身の行動回数が+1される。
IE_Info/3,Text,,受到伤害后额外收到【溃散层数*<#RDemage#>】，回合结束时，层数-1,"On taking damage, receive [Disperse Stacks * <#RDemage#>]. 
-1 stack at the end of the turn",ダメージを受けると追加で「崩れスタック*<#RDemage#>」を受ける、ターン終了時、スタック-1。
IE_Info/3001,Text,,每回合结束时，对被标记的敌方单位造成<$Demage$>点卡牌伤害,"At the end of each turn, deal <$Demage$> Card Damage to the [Marked] enemy units",各ターン終了時、マークされた敵ユニットに<$Demage$>カードダメージを与える。
IE_Info/3002,Text,,每回合结束时，回复<$Heal$>点生命值,"At the end of the turn, restore <$Heal$> HP",各ターン終了時、体力を<$Heal$>回復する。
IE_Info/3003,Text,,无异常状态时，被击反伤<$Demage$>点伤害,"When no debuffs are present, reflect <$Demage$> damage on being hit",デバフが付与されていないときに攻撃されると<$Demage$>ダメージを反射する。
IE_Info/3004,Text,,"每回合结束时，对全场敌人造成<$Demage$>点伤害
该效果无视眩晕","At the end of each turn, deal <$Demage$> damage to all enemies
This effect ignores [Stun]","各ターン終了時、すべての敵に<$Demage$>ダメージを与える。
この効果はスタンを無視する。"
IE_Info/3004_1,Text,,"每回合开始/结束时，对全场敌人造成<$Demage$>点伤害
该效果无视眩晕","At the start/end of the turn, deal <$Demage$> damage to all enemies
This effect ignores Stun","毎ターン開始時/終了時、フィールド上の敵全員に<$Demage$>点のダメージを与える
この効果はスタンを無視する"
IE_Info/3005,Text,,每回合开始时，为所有己方单位添加<#BuffCount#>层【龙威】,"At the start of each turn, grant all allied units <#BuffCount#> stacks of [Dragon's Presence]",各ターン開始時、すべての味方ユニットに「龍威」を<#BuffCount#>付与する。
IE_Info/3006,Text,,"每回合开始，获得<#BuffCount#>层【防御】
该效果无视眩晕","Gain <#BuffCount#> [Defense] at the start of each turn
This effect ignores [Stun]","各ターン開始時、「防御」を<#BuffCount#>得る。
この効果はスタンを無視する。"
IE_Info/3007,Text,,任意单位使用卡牌后对该单位造成<$Demage$>点伤害，每次触发后伤害提高<$UpDemage$>%，回合开始时伤害重置,"When any unit uses a card, deal <$Demage$> damage to that unit. +<$UpDemage$>% damage each time, and reset at the start of each turn",任意のユニットがカードを使用後、そのユニットに<$Demage$>ダメージを与え、発動するごとにダメージが<$UpDemage$>%増加し、ターン開始時にリセットする。
IE_Info/3008,Text,,回合结束时，恢复所有单位<$Heal$>点生命,"At the end of the turn, restore <$Heal$> HP for all units",ターン終了時、すべてのユニットに体力を<$Heal$>回復する。
IE_Info/3009,Text,,"回合开始时，为自身及左右单位攻击力+<#BuffCount#>
该效果无视眩晕","At the start of the turn, +<#BuffCount#> [Attack] to self and adjacent units
This effect ignores [Stun]","各ターン開始時、自身および隣接ユニットの攻撃力+<#BuffCount#>。
この効果はスタンを無視する。"
IE_Info/301,Text,,"受击时对周围造成【10*层数】点真实伤害
正面buff单次至多获得100层","On being hit, deal [10 * Stack] True Damage to surrounding units
A buff can stack up to 100 at a time","攻撃を受けると周りに「スタック*10」の真実ダメージを与える。
バフは1回で最大100スタックまで。"
IE_Info/3010,Text,,回合开始时，恢复自身及左右单位<$Heal$>点生命,"At the start of the turn, restore <$Heal$> HP for self and adjacent units",ターン開始時、自身および隣接ユニットの体力を<$Heal$>回復する。
IE_Info/3011,Text,,累计卡牌消耗灵力<#MagicCount#>点，全场造成<$Demage$>点伤害，并叠加<#BuffCount#>层【虚弱】,"When a total of <#MagicCount#> [Mana] are consumed by using cards, deal <$Demage$> damage to all enemies, and inflict <#BuffCount#> stacks of [Asthenia]",カードで消費した霊力が合計<#MagicCount#>に達すると、すべての敵に<$Demage$>ダメージを与え、「衰弱」を<#BuffCount#>付与する。
IE_Info/3012,Text,,回合结束时，所有手牌费用+<#AddCost#>,"At the end of the turn, +<#AddCost#> cost for all hand cards",ターン終了時、すべての手札のコスト+<#AddCost#>。
IE_Info/3013,Text,,抽牌时，手牌中同名卡牌费用+<#AddCost#>,"When drawing cards, +<#AddCost#> Cost to the duplicate hand cards",ドローするとき、手札にある同名カードのコスト+<#AddCost#>。
IE_Info/3014,Text,,受到普攻后，移除尸姬大人<#BuffCount#>点【灵力】,"On being hit by Basic Attacks, remove <#BuffCount#> [Mana] from the Lady Zombie",通常攻撃を受けたあと、屍姫が「霊力」を<#BuffCount#>失う。
IE_Info/3015,Text,,任意方式使用卡牌时，对周围造成<$Demage$>点伤害,Deal <$Demage$> damage to the surrounding when a card is used by any means,いかなる方法でもカードを使用するとき、周りに<$Demage$>ダメージを与える。
IE_Info/3016,Text,,"被击时，为攻击者添加<#BuffCount#>层【破甲】
回合结束时移除","On being hit, inflict <#BuffCount#> stacks of [Sunder Armor] on the attacker
Removed at the end of the turn","攻撃されるとき、攻撃者に「破れ」を<#BuffCount#>付与する。
ターン終了時に解除する。"
IE_Info/3017,Text,,被击时反伤<$Demage$>点真实伤害,Reflect <$Demage$> True Damage on being hit,攻撃されると<$Demage$>真実ダメージを反射する。
IE_Info/3018,Text,,"每回合开始时，获得<#BuffCount#>层【抵抗】
该效果无视眩晕","Gain <#BuffCount#> stacks of [Resistance] at the start of each turn
This effect ignores [Stun]","各ターン開始時、「抵抗」を<#BuffCount#>得る。
この効果はスタンを無視する。"
IE_Info/3019,Text,,石精的外壳，很硬,"Stone Spirit's shell, which is very solid",石精の甲羅、とても硬い。
IE_Info/302,Text,,"本场战斗防御+1，每点防御受到伤害-1
正面buff单次至多获得100层","Defense + 1 for this battle. Each point of Defense reduces damage taken by 1
A buff can stack up to 100 at a time","この戦闘で防御+1、防御力1ごとに受けるダメージ-1。
バフは1回で最大100スタックまで。"
IE_Info/3020,Text,,偶数每回合开始时，呱呱叫，对周围1/2名敌人造成<$Demage$>点伤害并【眩晕】,"Croaks loudly at the start of even turns, dealing <$Demage$> damage to the 1/2 surrounding enemies and inflicting [Stun]",偶数の各ターン開始時にゲロゲロと鳴き、周りの敵1/2名に<$Demage$>ダメージを与え、「スタン」を付与する。
IE_Info/3021,Text,,每次被击后记录攻击者，回合结束时，对最后一个攻击者造成<$Demage$>点伤害,"Remember the attacker each time on being hit. At the end of the turn, deal <$Demage$> damage to the last attacker",攻撃されるたびに攻撃者を記録し、ターン終了時に最後の攻撃者に<$Demage$>ダメージを与える。
IE_Info/3022,Text,,"全场造成任意伤害后获得<#BuffCount#>层【狂性】
回合开始时，清除所有【狂性】","Gain <#BuffCount#> [Mania] when allies deal damage
Remove all [Mania] at the start of the next turn","味方ユニットがダメージを与えると、「狂暴」を<#BuffCount#>得る。
ターン開始時にすべての「狂暴」を解除する。"
IE_Info/3023,Text,,每回合第一次受到伤害时，全场造成<$Demage$>点伤害,Deal <$Demage$> damage to all enemies when taking damage for the first time each turn,各ターン初めてダメージを受けるとき、すべての敵に<$Demage$>ダメージを与える。
IE_Info/3024,Text,,"回合开始时，【魅惑】一名敌人，该敌人本回合内无法行动，无法使用伤害手牌，且回合结束时会随机对左右单位进行一次普攻
场上仅有一名随从时，不会触发【魅惑】效果","At the start of the turn, [Charm] an enemy, making it incapacitated and unable to use damage-dealing cards this turn, and perform a Basic Attack on a random adjacent unit at the end of the turn
When there is only one minion on the field, the [Charm] effect will not trigger","ターン開始時に敵1名を「魅惑」する。この敵は本ターンで行動できず、ダメージ手札を使用できない、ターン終了時にランダムに隣接ユニットに通常攻撃を1回行う。
フィールドにミニオンが1名しかいない場合は「魅惑」効果を発動しない。"
IE_Info/3025,Text,,细滑柔腻的银蛇鳞片，可以抵抗各种卡牌攻击,The smooth and silky silver snake scales can withstand various card attacks,滑らかで軟らかい銀蛇のうろこ、カードの攻撃を抵抗できる。
IE_Info/3026,Text,,每回合第一次受到伤害后，全队获得<#BuffCount#>层【抵抗】,"When taking damage for the first time each turn, grant <#BuffCount#> stacks of [Resistance] on all allies",各ターン初めてダメージを受けたとき、すべての味方が「抵抗」を<#BuffCount#>得る。
IE_Info/3027,Text,,受到普通伤害后，发动巨蜥之舞对反击<$Demage$>点普通伤害,"On taking Normal Damage, fight back with a Varanid Dance to reflect <$Demage$> Normal Damage",通常ダメージを受けると、巨蜥の舞を発動して<$Demage$>通常ダメージを反射する。
IE_Info/3028,Text,,半灵的躯体，咒法难侵,A semi-spiritual body that is impervious to spells,半霊の体、呪文に影響されにくい。
IE_Info/3029,Text,,饱经岁月的神龟甲壳，刀枪不入,The shell of the ancient turtle marked by time. Impervious to blades and arrows,歳月を経た神亀の甲殻、刃も槍も通さない。
IE_Info/303,Text,,"每层+5%全伤害
正面buff单次至多获得100层","All damage +5% per stack
A buff can stack up to 100 at a time","スタックごとにダメージ+5%。
バフは1回で最大100スタックまで。"
IE_Info/3030,Text,,回合结束时，所有场上单位损失<$CostHP$>%最大生命值的血量,"At the end of the turn, all units on the field lose <$CostHP$>% of Max HP",ターン終了時、すべてのフィールドにいるユニットは体力上限の<$CostHP$>%分を失う。
IE_Info/3031,Text,,造成任意伤害后，【汲取】<#GetHp#>点最大生命值,[Drain] <#GetHp#> Max HP when dealing any damage,ダメージを与えたあと、<#GetHp#>体力上限を「吸収」する。
IE_Info/3032,Text,,回合开始时，杀死场上随机一名生命值低于100的单位,"At the start of the turn, kill 1 random unit below 100 HP",ターン開始時、体力が100未満のユニットをランダムに1名撃破する。
IE_Info/3033,Text,,每损失<#CostHp#>分之一生命，对周围释放一次岩崩，造成<$Demage$>点伤害并【眩晕】,"Cause a rockslide for every 1/<#CostHp#> of HP lost, dealing <$Demage$> damage and inflicting [Stun]",<#CostHp#>分の一の体力を失うごとに、周りに岩崩を1回発動し、<$Demage$>ダメージを与え、「スタン」を付与する。
IE_Info/3034,Text,,"回合开始时，【魅惑】一名敌人，该敌人本回合内无法行动，无法使用伤害手牌，且回合结束时会随机对左右单位进行一次普攻
场上仅有一名随从时，不会触发【魅惑】效果","At the start of the turn, [Charm] an enemy, making it incapacitated and unable to use damage-dealing cards this turn, and perform a Basic Attack on a random adjacent unit at the end of the turn
When there is only one minion on the field, the [Charm] effect will not trigger","ターン開始時に敵1名を「魅惑」する。この敵は本ターンで行動できず、ダメージ手札を使用できない。ターン終了時にランダムに隣接ユニットに通常攻撃を1回行う。
フィールドにミニオンが1名しかいない場合は「魅惑」効果を発動しない。"
IE_Info/3035,Text,,任意己方单位行动后，甩动九尾，全体造成<$Demage$>点伤害,"After any allied unit acts, swing the nine tails to deal <$Demage$> damage to all enemies",任意の味方ユニット行動後、九尾を振るい、すべての敵に<$Demage$>ダメージを与える。
IE_Info/3036,Text,,造成伤害100%转化为自身生命值,Convert 100% of the damage dealt to HP,与えたダメージの100%を自身の体力に変える。
IE_Info/3037,Text,,奇数回合汲取所有单位<#GetValue#>点攻击力，额外并召唤2只狐灵,"On odd turns, [Drain] <#GetValue#> Attack from all units, and summon 2 Fox Spirits",奇数のターンですべてのユニットから<#GetValue#>攻撃力を吸収する、追加で狐霊を2体召喚する。
IE_Info/3038,Text,,,,
IE_Info/3039,Text,,回合开始时，对全场敌人造成<$Demage$>%当前生命值的真实伤害，并追加<#BuffCount#>层【疫毒】,"At the start of the turn, deal [<$Demage$>% * Current HP] True Damage to all enemies and inflict <#BuffCount#> stacks of [Plague Toxin]",ターン開始時、すべての敵に現在体力<$Demage$>%分の真実ダメージを与え、追加で「疫毒」を<#BuffCount#>付与する。
IE_Info/304,Text,,"本场战斗卡牌强度+1
正面buff单次至多获得100层","Card Power + 1 for this battle. 
A buff can stack up to 100 at a time","この戦闘でカード強度+1。
バフは1回で最大100スタックまで。"
IE_Info/3040,Text,,回合开始时，【龙威】+<#BuffCount#>，攻击力+<#BuffCount#>,"At the start of the turn, [Dragon's Presence] +<#BuffCount#> and Attack +<#BuffCount#>",ターン開始時に「龍威」+<#BuffCount#>、攻撃力+<#BuffCount#>。
IE_Info/3041,Text,,回合开始时，全队护盾+<$ShieldAdd$>,"At the start of the turn, all allies +<$ShieldAdd$> [Shield]",ターン開始時、すべての味方のシールド+<$ShieldAdd$>。
IE_Info/3042,Text,,,,
IE_Info/3043,Text,,回合开始时，攻击力+<#BuffCount#>,"At the start of the turn, +<#BuffCount#> Attack",ターン開始時、攻撃力+<#BuffCount#>。
IE_Info/3044,Text,,被击后，失去<#AtkSub#>点攻击力,Lose <#AtkSub#> Attack on being hit,攻撃されたあと、攻撃力を<#AtkSub#>失う。
IE_Info/3045,Text,,"收到普通攻击后，获得<#BuffCount#>层【雷反】
回合结束清除所有【雷反】","Gain <#BuffCount#> [Lightning Counter] on being hit by Basic Attacks
Remove all [Lightning Counter] at the end of the turn","通常攻撃を受けたあと、「雷返し」を<#BuffCount#>得る。
ターン終了時にすべての「雷返し」を失う。"
IE_Info/3046,Text,,造成伤害后汲取<#GetValue#>点攻击力,Drain <#GetValue#> Attack on dealing damage,ダメージを与えたあと、攻撃力を<#GetValue#>吸収する。
IE_Info/3047,Text,,偶数回合开始时，损失<$CostHP$>%当前生命值，【眩晕】周围1/2名敌人,"At the start of even turns, lose <$CostHP$>% Current HP and [Stun] 1/2 surrounding enemies",偶数ターン開始時に現在体力の<$CostHP$>%を失い、周りの敵1/2名に「スタン」を付与する。
IE_Info/3048,Text,,"所有己方单位造成伤害后，附加<$Demage$>点真实伤害
偶数回合触发【雷寂】","When any allied unit deals damage, deal an extra <$Demage$> True Damage
Trigger [Thunder Silence] on even turns","任意の味方ユニットがダメージを与えたあと、追加で<$Demage$>真実ダメージを与える。
偶数ターンで「雷寂」を発動する。"
IE_Info/3048_1,Text,,"所有己方单位造成伤害后，附加<$Demage$>点真实伤害
奇数回合触发【雷寂】","When any allied unit deals damage, deal an extra <$Demage$> True Damage
Trigger [Thunder Silence] on odd turns","任意の味方ユニットがダメージを与えたあと、追加で<$Demage$>真実ダメージを与える。
奇数ターンで「雷寂」を発動する。"
IE_Info/3049,Text,,"回合开始时，损失<$CostHP$>%当前生命值，回合结束时移除。
本回合除真实伤害外，所有伤害变为0。","Lose <$CostHP$>% Current HP at the start of the turn. Removed when the turn ends.
All damage except True Damage is set to 0 this turn.","ターン開始時、現在体力を<$CostHP$>%失い、ターン終了時に解除。
本ターンでは真実ダメージ以外、すべてのダメージが０になる。"
IE_Info/305,Text,,普通伤害+50%，普攻后层数-1,Normal Damage +50%. -1 stack after each Basic Attack,通常ダメージ+50%、通常攻撃後にスタック-1。
IE_Info/3050,Text,,造成伤害等额转化为自身护盾,Convert damage dealt to an equivalent amount of Shield,与えたダメージを同量のシールドとして自身に与える。
IE_Info/3051,Text,,被击后，将自身【标记】层数转移至随机友方单位，并令其【嘲讽】,"On being hit, transfer all the [Mark] stacks to a random allied unit and inflict [Taunt] on them",攻撃されたあと、自身の「マーク」スタックをランダムな味方ユニットに移転し、「挑発」を付与する。
IE_Info/3052,Text,,回合开始时，自身及左右单位获得300点护盾,"At the start of the turn, grant 300 Shield to self and adjacent units",ターン開始時、自身および隣接ユニットがシールドを300得る。
IE_Info/3053,Text,,使用<#CardCount#>张卡牌后，结束尸姬大人的回合,End the Lady Zombie's turn after <#CardCount#> cards are used,カードを<#CardCount#>枚使用後、屍姫のターンを終える。
IE_Info/3054,Text,,偶数回合开始时，对自身使用《昨日》触发回合开始和回合结束事件,"At the start of even turns, use <Bygone Days> on self to trigger the start-of-turn and end-of-turn events",偶数ターン開始時、自身に『往日』を使用してターン開始とターン終了の効果を発動する。
IE_Info/3055,Text,,回合结束时，随机移除一名敌人的一种增益效果,"At the end of the turn, remove 1 buff from a random enemy",ターン終了時、ランダムに敵1名の1種類のバフを解除する。
IE_Info/3056,Text,,被击后，获得<$ShieldAdd$>点护盾,Gain <$ShieldAdd$> Shield on being hit,攻撃されたあと、シールドを<$ShieldAdd$>得る。
IE_Info/3057,Text,,回合开始时，自身及左右单位获得<$ShieldAdd$>点护盾,"At the start of the turn, grant <$ShieldAdd$> Shield to self and adjacent units",ターン開始時、自身および隣接ユニットがシールドを<$ShieldAdd$>得る。
IE_Info/3058,Text,,回合开始时，对随机敌人造成<$Demage$>点伤害（不致死）,"At the start of the turn, deal <$Demage$> damage to a random enemy (non-lethal)",ターン開始時、ランダムな敵に<$Demage$>ダメージを与える（撃破不能）。
IE_Info/3059,Text,,每回合开始时，损失<$CostHp$>%生命，获得<#AddAtk#>点攻击力,"At the start of the turn, lose <$CostHp$>% HP and gain <#AddAtk#> Attack",各ターン開始時、体力を<$CostHp$>%失い、攻撃力を<#AddAtk#>得る。
IE_Info/306,Text,,"对【龙威】层数低于自身的敌人，造成伤害翻倍
被击后层数-1","Deal 2x damage to enemies with fewer stacks of [Dragon's Presence]
-1 stack on being hit","「龍威」のスタックが自身より少ない敵に2倍のダメージを与える。
攻撃を受けるとスタック-1。"
IE_Info/3060,Text,,攻击后，号令所有恶犬攻击同一目标,"After attacking, command all Feral Hounds to attack the same target",攻撃後、すべての悪犬に同一のターゲットを攻撃させる。
IE_Info/3061,Text,,被击时，随机一名杂兵代替自己承担一半伤害,"On being hit, split half of the damage to a random mob",攻撃されるとき、ランダムな雑兵1名に半分のダメージを負わせる。
IE_Info/3062,Text,,霸刀王被攻击时，汲取其<#GetAtk#>点攻击力,"When Blade Overlord is attacked, [Drain] <#GetAtk#> Attack from him",剛腕王が攻撃されたとき、攻撃力を<#GetAtk#>吸収する。
IE_Info/3063,Text,,回合结束时，汲取霸刀王<#GetHp#>点最大生命值,"At the end of the turn, [Drain] <#GetHp#> Max HP from Blade Overlord",ターン終了時、剛腕王の体力上限を<#GetHp#>吸収する。
IE_Info/3064,Text,,从第一回合开始，获得<#BlockCount#>层【抵抗】，之后每回合获得【抵抗】的层数-1,"Starting from Turn 1, gain <#BlockCount#> stacks of [Resistance], then gain 1 less stack of [Resistance] each subsequent turn",最初のターンから、「抵抗」を<#BlockCount#>スタック得る。その後の各ターンで得られる「抵抗」のスタック-1。
IE_Info/3065,Text,,第一回合获得<#AddDef#>点防御，之后每回合防御-<#CostDef#>,"Gain <#AddDef#> Defense on Turn 1, then -<#CostDef#> Defense on each subsequent turn",最初のターンに「防御」を<#AddDef#>得る。その後、ターンごとに「防御」-<#CostDef#>。
IE_Info/3066,Text,,回合开始时，获得一层【抵抗】,Gain 1 stack of [Resistance] at the start of the turn,ターン開始時、「抵抗」を1スタック得る。
IE_Info/3067,Text,,被击后，挥舞皮鞭反击附近敌人，造成<$Demage$>点伤害并【虚弱】,"On being hit, wield the whip to retaliate against the surrounding enemies, dealing <$Demage$> damage and inflicting [Asthenia]",攻撃されたあと、鞭で近くの敵を反撃し、<$Demage$>ダメージを与え、「衰弱」を付与する。
IE_Info/3068,Text,,,,
IE_Info/3069,Text,,"回合开始时，所有己方单位攻击力+<#AddAtk#>,护盾+<$Shield$>","At the start of the turn, all allied units +<#AddAtk#> Attack and +<$Shield$> Shield",ターン開始時、すべての味方ユニットの攻撃力+<#AddAtk#>、シールド+<$Shield$>。
IE_Info/307,Text,,"每层+10%攻击力，回合结束时清空
正面buff单次至多获得100层","+10% Attack per stack. Removed at the end of the turn
A buff can stack up to 100 at a time","スタックごとに攻撃力+10%、ターン終了時にリセット。
バフは1回で最大100スタックまで。"
IE_Info/3070,Text,,自身行动后，虚空大王会攻击同一目标，伤害：<$AtkDemage$>,"After this unit acts, Void Overlord will attack the same target, dealing <$AtkDemage$> damage",行動後、虚無大王は同じターゲットを攻撃する、ダメージ：<$AtkDemage$>。
IE_Info/3071,Text,,,,
IE_Info/3072,Text,,回合开始时，随机【禁锢】一名随从，本回合无法抽牌,"At the start of the turn, [Root] a random minion and forbid them from drawing cards this turn",ターン開始時、ランダムにミニオン1名に「金縛り」を付与する、本ターンでドローできない。
IE_Info/3073,Text,,回合开始时，获得<$GetShield$>%当前生命值的护盾,"At the start of the turn, gain Shield equal to <$GetShield$>% of Current HP",ターン開始時、現在体力<$GetShield$>%分のシールドを得る。
IE_Info/3074,Text,,全场敌人，造成伤害后降低<#SubCount#>点攻击力和卡牌强度，回合结束时回复正常,"For all enemies, after dealing any damage: Lose <#SubCount#> Attack and Card Power, which return to normal at the end of the turn",すべての敵がダメージを与えたあと、攻撃力とカード強度が<#SubCount#>低下する。ターン終了時に元に戻る。
IE_Info/3075,Text,,敌人造成任意伤害后，所有敌人移除<$CostHp$>%当前生命值（不致死）,"When an enemy deals any damage, all enemies remove <$CostHp$>% Current HP (non-lethal)",敵がダメージを与えると、すべての敵が現在体力の<$CostHp$>%を失う（撃破不能）。
IE_Info/3076,Text,,每次被击后获得<#AddDef#>点防御，回合结束时清空,Gain <#AddDef#> Defense on being hit each time. Cleared at the end of the turn,攻撃されるごとに防御を<#AddDef#>得る。ターン終了時にリセットする。
IE_Info/3077,Text,,回合开始时标记随机敌人，回合结束时，对标记敌人造成100%最大生命值的普通伤害,"At the start of the turn, [Mark] a random enemy. When the turn ends, deal [100% * Max HP] Normal Damage to the [Marked] enemy",ターン開始時にランダムな敵をマークする。ターン終了時にマークされた敵に体力上限100%分の通常ダメージを与える。
IE_Info/3078,Text,,奇数回合开始时，获得<$GetShield$>%当前生命值的护盾,"At the start of odd turns, gain Shield equal to <$GetShield$>% of Current HP",奇数ターン開始時に現在体力<$GetShield$>%分のシールドを得る。
IE_Info/3079,Text,,回合开始时，汲取随机2名敌人<#GetHp#>点最大生命,"At the start of the turn, [Drain] <#GetHp#> Max HP from 2 random enemies",ターン開始時にランダムな敵2名から体力上限を<#GetHp#>吸収する。
IE_Info/308,Text,,无视下一次伤害，层数-1，回合结束时清空,Ignore the next damage taken and -1 stack. Removed at the end of the turn,次回のダメージを無効化し、スタック-1、ターン終了時にリセット。
IE_Info/3080,Text,,"回合开始时召唤<#SwordCount#>把飞剑，自身行动后，飞剑会攻击同一目标，造成<$Demage$>点伤害
自身被击时，消耗一把飞剑，完全抵抗伤害","Summon <#SwordCount#> flying swords at the start of the turn. After this unit acts, the flying swords attack the same target, dealing <$Demage$> damage
On being hit, consume a sword to negate the damage","ターン開始時に<#SwordCount#>本の飛剣を召喚する。自身行動後、飛剣は同一ターゲットを攻撃し、<$Demage$>ダメージを与える。
自身が攻撃されると1本の飛剣を消費して、そのダメージを完全に無効化する。"
IE_Info/3081,Text,,死亡后眩晕周围2/3名敌人,[Stun] 2/3 surrounding enemies on death,撃破されたあと、周りの敵2/3名にスタンを付与する。
IE_Info/3082,Text,,回合开始时，移除自身所有异常状态,"At the start of the turn, remove all debuffs on self",ターン開始時、自身のすべてのデバフを解除する。
IE_Info/3083,Text,,回合开始时，场上每具有一名“同步指令”的单位，获得<$GetShield$>护盾,"At the start of the turn, for each unit with ""Synchro Command"" there is on the field, gain <$GetShield$> Shield",ターン開始時、フィールドに「指令同期」のユニット1体ごとに、<$GetShield$>シールドを得る。
IE_Info/3084,Text,,回合开始时，为最近的1/2名敌人施加<#BuffCount#>层【破甲】,"At the start of the turn, inflict <#BuffCount#> stacks of [Sunder Armor] on the nearest 1/2 enemies",ターン開始時、最も近い敵1/2名に「破れ」を<#BuffCount#>付与する。
IE_Info/3085,Text,,回合开始时，损失<$Cost$>%生命值，除自身外所有己方单位回复<$Heal$>%生命值,"At the start of the turn, lose <$Cost$>% HP and restore <$Heal$>% HP for all allied units excluding self",ターン開始時、体力を<$Cost$>%失い、自身以外のすべての味方ユニットに体力を<$Heal$>%回復する。
IE_Info/3086,Text,,回合开始时，解除自身所有异常状态并获得<$GetShield$>护盾,"At the start of the turn, remove all debuffs on self and gain <$GetShield$> Shield",ターン開始時、自身のすべてのデバフを解除し、<$GetShield$>シールドを得る。
IE_Info/3087,Text,,任意敌人使用卡牌后，将其【禁锢】,[Root] any enemy after they use a card,任意の敵がカードを使用したあと、「金縛り」を付与する。
IE_Info/3088,Text,,任意己方单位被击时生成飞剑，回合结束时，随机发射飞剑，每把飞剑造成<$Demage$>点普通伤害,"On any allied unit being hit, spawn a flying sword. Shoot the flying swords randomly at the end of the turn, dealing <$Demage$> Normal Damage with each sword",任意の味方ユニットが攻撃されると飛剣を召喚する。ターン終了時、ランダムに飛剣を発射し、それぞれ<$Demage$>通常ダメージを与える。
IE_Info/3089,Text,,回合开始时，损失<$Cost$>%生命值，除自身外所有己方单位获得<$Heal$>%生命值的护盾,"At the start of the turn, lose <$Cost$>% HP, but all allied units (excluding self) gain Shield equal to <$Heal$>% of their HP",ターン開始時に体力を<$Cost$>%失い、自身以外のすべての味方ユニットが体力<$Heal$>%分のシールドを得る。
IE_Info/309,Text,,回合开始，获得【层数*5】点护盾,,
IE_Info/3090,Text,,被击时，黄泉不度移除<$CostHp$>%当前生命,"On being hit, remove <$CostHp$>% Current HP from The Denied One",攻撃されるとき、黄泉咲が現在体力の<$CostHp$>%分の体力を失う。
IE_Info/3091,Text,,,,
IE_Info/3092,Text,,受到伤害时<$HumDef$>%由凡人心承担，<$MonsterDef$>%由妖剑心承担，<$DeadDef$>%由枯尸心承担，,"On taking damage, split <$HumDef$>% damage to Mortal Heart, <$MonsterDef$>% to Evil Sword Heart, and <$DeadDef$>% to Withered Heart",ダメージを受けるとき、凡人心がその<$HumDef$>%を受け、妖剣心が<$MonsterDef$>%を受け、枯屍心が<$DeadDef$>%を受ける。
IE_Info/3093,Text,,"枯尸心行动后，自身最大生命值+<#AddHpMax#>
(受难度系数影响实际:+<$AddHpMaxReal$>)","After Withered Heart acts, Max HP +<#AddHpMax#>
(Actual value as per difficulty: +<$AddHpMaxReal$>)","枯屍心行動後、自身の体力上限+<#AddHpMax#>。
（難易度係数で影響を受ける：+<$AddHpMaxReal$>）"
IE_Info/3094,Text,,"妖剑心行动后，自身攻击力+<#AddAtk#>
(受难度系数影响实际:+<$AddAtkReal$>)","After Evil Sword Heart acts, Attack +<#AddAtk#>
(Actual value as per difficulty: +<$AddAtkReal$>)","妖剣心行動後、自身の攻撃力+<#AddAtk#>。
（難易度係数で影響を受ける：+<$AddAtkReal$>）"
IE_Info/3095,Text,,回合开始对敌方生命值最高者【汲取】<#GetHp#>生命值。,"At the start of the turn, [Drain] <#GetHp#> HP from the enemy with the highest HP.",ターン開始時に体力の最も高い敵から体力<#GetHp#>を吸収する。
IE_Info/3096,Text,,任意单位死亡后【杀意】+<#Addbuff#>,+ <#Addbuff#> [Killing Malice] when any unit dies,任意のユニットが撃破されたあと、「殺意」+<#Addbuff#>。
IE_Info/3097,Text,,任意敌人死亡后，回复<$HealHp$>%生命值,Restore <$HealHp$>% HP after any enemy dies,任意の敵が撃破されたあと、体力を<$HealHp$>%回復する。
IE_Info/3098,Text,,回合开始时，攻击力+<$Addbuff$>，该效果由所有己方单位均摊,+<$Addbuff$> Attack at the start of the turn. This effect is split equally among all allied units,ターン開始時、攻撃力+<$Addbuff$>。この効果はすべての味方ユニットに均等的に分割される。
IE_Info/3099,Text,,回合开始时，造成<$Demage$>点普通伤害，该伤害由敌方全体均摊,Split <$Demage$> Normal Damage to all enemies at the start of the turn,ターン開始時に<$Demage$>通常ダメージを与える、このダメージはすべての敵に均等的に負われる。
IE_Info/310,Text,,火灵根+【层数*7%】,,
IE_Info/3100,Text,,每损失<#CostHp#>分之一生命值时，造成<$Demage$>点普通伤害，该伤害由敌方全体均摊,Split <$Demage$> Normal Damage to all enemies for every 1/<#CostHp#> HP lost,体力を<#CostHp#>分の1失うごとに、<$Demage$>通常ダメージを与え、そのダメージをすべての敵で均等に分担する。
IE_Info/31001,Text,,任意方式使用【水】卡牌<#CompleteCount#>次,Use [Water] card by any means <#CompleteCount#> times,任意の方法で「水」カードを<#CompleteCount#>回使用する。
IE_Info/31004,Text,,自身累计造成<#CompleteCount#>点伤害,Deal <#CompleteCount#> damage in total by self,合計<#CompleteCount#>ダメージを与える。
IE_Info/31007,Text,,己方单位累计被击<#CompleteCount#>次,Allied units have been hit <#CompleteCount#> times in total,味方ユニットが合計<#CompleteCount#>回の攻撃を受ける。
IE_Info/3101,Text,,回合开始，移除<$CostHP$>%当前生命值，等量转化为护盾，均摊给所有己方,"At the start of the turn, remove <$CostHP$>% Current HP and convert the equivalent amount into Shield, splitting it to all allies",ターン開始時、現在体力の<$CostHP$>%を失い、その同量をシールドに変換してすべての味方ユニットに均等に与える。
IE_Info/31010,Text,,任意方式弃牌<#CompleteCount#>次,Discard cards by any means <#CompleteCount#> times,いかなる方法でカードを<#CompleteCount#>回捨てる。
IE_Info/31013,Text,,任意方式使用<#CompleteCount#>次《僵尸之血》,Use <Zombie Blood> by any means <#CompleteCount#> times,いかなる方法で『僵屍の血』を<#CompleteCount#>回使用する。
IE_Info/31018,Text,,己方单位累计普攻<#CompleteCount#>次,Allied units perform Basic Attacks <#CompleteCount#> times in total,味方ユニットが通常攻撃を合計<#CompleteCount#>回行う。
IE_Info/3102,Text,,全场任何回复效果将复制到自己身上,Copy any healing effects on allies to self,すべての回復効果を自身にコピーする。
IE_Info/31021,Text,,任意方式使用【风】卡牌<#CompleteCount#>次,Use [Wind] card by any means <#CompleteCount#> times,任意の方法で「風」カードを<#CompleteCount#>回使用する。
IE_Info/31024,Text,,全场累计使用【火】卡牌<#CompleteCount#>次,Use [Fire] card <#CompleteCount#> times in total,戦闘で「火」カードを合計<#CompleteCount#>回使用する。
IE_Info/31027,Text,,自身及左侧所有单位累计普攻<#CompleteCount#>次,This unit and all units to the left perform Basic Attacks <#CompleteCount#> times in total,自身と左側のすべてのユニットが通常攻撃を合計<#CompleteCount#>回行う。
IE_Info/3103,Text,,回合开始时，为己方攻击力最高的单位添加其<$Shield$>%最大生命值护盾,"At the start of the turn, grant the ally with the highest Attack a Shield equal to <$Shield$>% of their Max HP",ターン開始時、味方の攻撃力が最も高いユニットにその体力上限<$Shield$>%分のシールドを与える。
IE_Info/31032,Text,,全场无论敌我累计造成<#CompleteCount#>次伤害,"Deal damage <#CompleteCount#> times in total, regardless of allies or enemies",敵味方構わず、すべてのユニットがダメージを合計<#CompleteCount#>回与える。
IE_Info/3104,Text,,回合开始对敌方攻击力最高者，添加<#BuffCount#>层【虚弱】,"At the start of the turn, inflict <#BuffCount#> stacks of [Asthenia] to the enemy with the highest Attack",ターン開始時に攻撃力の最も高い敵に「衰弱」を<#BuffCount#>付与する。
IE_Info/31044,Text,,累计卡牌消耗灵力<#CompleteCount#>点,Cost <#CompleteCount#> [Mana] in total by using cards,消費した霊力が合計<#CompleteCount#>に達する。
IE_Info/3105,Text,,"该单位为法器，无法主动攻击，受到伤害减半，免疫所有异常状态。
若场上除法器外，其他己方单位全部阵亡，则法器自动死亡。","This unit is a Ritual Artifact and cannot initiate attacks. It takes half damage and is immune to all debuffs.
The artifact dies when all other allied units on the field die.","このユニットは法器であり、自発的に攻撃できない。受けるダメージが半減し、すべてのデバフを無効化する。
フィールドに法器以外の味方ユニットがすべて撃破されると、法器は自動的に撃破される。"
IE_Info/3106,Text,,行动后，若存在飞剑，则号令飞剑攻击同一目标，造成<$Demage$>点普通伤害,"If there are flying swords after this unit acts, command the swords to attack the same target, dealing <$Demage$> Normal Damage",行動後、飛剣がある場合、飛剣が同一ターゲットを攻撃し、<$Demage$>通常ダメージを与える。
IE_Info/3107,Text,,回合开始时，生成<#SwordCount#>把飞剑,"At the start of the turn, spawn <#SwordCount#> [Flying Swords]",ターン開始時、<#SwordCount#>本の飛剣を召喚する。
IE_Info/3108,Text,,回合结束时，消耗<#SwordCount#>把飞剑，对随机敌人造成<$Demage$>点普通伤害,"At the end of the turn, consume <#SwordCount#> flying swords to deal <$Demage$> Normal Damage to a random enemy",ターン終了時、<#SwordCount#>本の飛剣を消費し、ランダムな敵に<$Demage$>通常ダメージを与える。
IE_Info/3109,Text,,回合开始时，对随机1名敌人施加<#BuffCount#>层【标记】,"At the start of the turn, inflict <#BuffCount#> stacks of [Mark] on a random enemy",ターン開始時、ランダムな敵1名に「マーク」を<#BuffCount#>付与する。
IE_Info/311,Text,,法强+【层数*5%】,,
IE_Info/3110,Text,,任意被【标记】的敌人普攻或使用卡牌后，生成飞剑对其造成<$Demage$>点普通伤害,"When any [Marked] enemy performs Basic Attacks or uses cards, spawn a flying sword to deal <$Demage$> Normal Damage to them",「マーク」された任意の敵が通常攻撃またはカード使用後、飛剣を召喚して<$Demage$>通常ダメージを与える。
IE_Info/3111,Text,,回合开始时，所有己方单位获得<$Shield$>%最大生命值的护盾,"At the start of the turn, all allied units gain Shield equal to <$Shield$>% of Max HP",ターン開始時、すべての味方ユニットが体力上限の<$Shield$>%分のシールドを得る。
IE_Info/3112,Text,,"任意己方单位受到致命伤害后，忽略该次伤害，回满血并解除所有异常状态
该效果本场战斗仅触发<#MaxRecover#>次，当前<#NowRecover#>","When any allied unit takes lethal damage, ignore the damage, fully restore HP and remove all debuffs
Only <#MaxRecover#> times per battle. Current: <#NowRecover#>","任意の味方ユニットが撃破に至るダメージを受けたあと、そのダメージを無効化し、全体力を回復してすべてのデバフを解除する。
この効果は戦闘で<#MaxRecover#>回のみ発動できる。現在：<#NowRecover#>"
IE_Info/3113,Text,,被击后为左右单位回复<$AddHp$>%生命值,"On being hit, restore <$AddHp$>% HP for the adjacent units",攻撃されたあと、隣接ユニットに体力を<$AddHp$>%回復する。
IE_Info/3114,Text,,回合开始时，获得<$Shield$>点护盾,Gain <$Shield$> Shield at the start of the turn,ターン開始時、<$Shield$>シールドを得る。
IE_Info/3115,Text,,回合开始时，所有己方单位攻击力+<#AddAtk#>,"At the start of the turn, all allied units +<#AddAtk#> Attack",ターン開始時、すべての味方ユニットの攻撃力+<#AddAtk#>。
IE_Info/3116,Text,,被击时对周围1/2名敌人施加<#BuffCount#>层【疫毒】,"On being hit, inflict <#BuffCount#> stacks of [Plague Toxin] on 1/2 surrounding enemies",攻撃されたときに周りの敵1/2名に「疫毒」を<#BuffCount#>付与する。
IE_Info/3117,Text,,受到伤害翻倍，但是死亡时，给所有己方单位提供<$Shield$>点护盾,"Take 2x damage, but grant <$Shield$> Shield on death to all allied units",受けるダメージが2倍になる。撃破されるとき、すべての味方ユニットに<$Shield$>シールドを与える。
IE_Info/3118,Text,,受到致命伤害后，由一名杂兵代替自己死去，同时自身回复<$AddHp$>倍该杂兵的血量,"On taking lethal damage, a mob dies instead, and this unit heals for <$AddHp$>x of that mob's HP",撃破に至るダメージを受けたあと、雑兵1名が代わりに撃破され、自身がその雑兵の体力の<$AddHp$>倍を回復する。
IE_Info/3119,Text,,任意单位死亡后，对所有敌人造成<$Demage$>点普通伤害并【虚弱】,"When any unit dies, deal <$Demage$> Normal Damage to all enemies and inflict [Asthenia]",任意のユニットが撃破されたあと、すべての敵に<$Demage$>通常ダメージを与え、「衰弱」を付与する。
IE_Info/312,Text,,每层+6受到普通伤害，回合结束时层数-1,"Per stack, +6 Normal Damage taken. -1 stack at the end of the turn",スタックごとに受ける通常ダメージ+6、ターン終了時にスタック-1。
IE_Info/3120,Text,,任意单位死亡后，所有己方单位攻击力+<#BuffCount#>,"When any unit dies, all allied units +<#BuffCount#> Attack",任意のユニットが撃破されたあと、すべての味方ユニットの攻撃力+<#BuffCount#>。
IE_Info/3121,Text,,任意单位死亡后，所有己方单位获得<$Shield$>%最大生命值的护盾,"When any unit dies, all allied units gain Shield equal to <$Shield$>% of their Max HP",任意のユニットが撃破されたあと、すべての味方ユニットが体力上限の<$Shield$>%分のシールドを得る。
IE_Info/3122,Text,,万鬼缚灵-自身受到伤害的<$DemageSub$>%由鬼仙承担,Ghost Binder - Split <$DemageSub$>% of the damage taken to the Ghost Immortal,万鬼縛霊-自身が受けるダメージの<$DemageSub$>%は鬼仙に負わせる。
IE_Info/3123,Text,,,,
IE_Info/3124,Text,,人皇幡死亡后，自身立即死亡,"When the Emperor's Banner dies, this unit dies as well",人皇幡が撃破されると、自身も撃破される。
IE_Info/3125,Text,,被带有异常状态的敌人攻击时，反伤<$Demage$>点真实伤害,"When attacked by an enemy inflicted with debuffs, reflect <$Demage$> True Damage",デバフが付与されている敵が攻撃するとき、<$Demage$>真実ダメージを反射する。
IE_Info/3126,Text,,被击后，为所有己方单位增加<$Shield$>点护盾,"On being hit, grant <$Shield$> Shield to all allied units",攻撃されたあと、すべての味方ユニットに<$Shield$>シールドを与える。
IE_Info/3127,Text,,回合开始时，对相邻的1/2名敌人造成<$Demage$>点伤害，并【虚弱】（不致死）,"At the start of the turn, deal <$Demage$> damage to 1/2 adjacent enemies and inflict [Asthenia] (non-lethal)",ターン開始時、隣接する敵1/2名に<$Demage$>ダメージを与え、「衰弱」を付与する（撃破不能）。
IE_Info/3128,Text,,左右己方单位受到伤害的一半由自身承担,Absorb half of the damage taken by adjacent allied units,隣接する味方ユニットが受けるダメージの半分は自身が負う。
IE_Info/3129,Text,,回合开始时，所有己方单位获得<$Shield$>%最大生命值的护盾,"At the start of the turn, all allied units gain Shield equal to <$Shield$>% of Max HP",ターン開始時、すべての味方ユニットが体力上限の<$Shield$>%分のシールドを得る。
IE_Info/313,Text,,每层+6受到卡牌伤害，回合结束时层数-1,"Per stack, +6 damage taken from Card Damage. -1 stack at the end of the turn",スタックごとに受けるカードダメージ+6、ターン終了時にスタック-1。
IE_Info/3130,Text,,偶数回合开始时，额外触发一次翻天印的效果,"At the start of even turns, trigger the effect of Celestial Overturn Seal once more",偶数ターン開始時、追加で翻天印の効果を1回発動する。
IE_Info/3131,Text,,"每回合结束时，对所有中线左侧的敌人造成<$Demage$>%最大生命值的伤害
对所有中线右侧的敌人施加【眩晕】","At the end of each turn, deal [<$Demage$>% * Max HP] damage to all enemies left of the center line
Inflict [Stun] on all enemies right of the center line","各ターン終了時、真ん中より左にいる敵に体力上限<$Demage$>%分のダメージを与える。
真ん中より右にいる敵に「スタン」を付与する。"
IE_Info/3132,Text,,回合开始时，为所有己方单位添加【灵契】效果，所有带有【灵契】的单位受到攻击时会共同分担伤害,"At the start of the turn, grant [Spiritual Pact] on all allied units. Units with [Spiritual Pact] will split any damage taken when attacked",ターン開始時、すべての味方ユニットに「霊契」を付与する。「霊契」が付与されているユニットが攻撃を受けると、「霊契」を持つすべてのユニットでダメージを分担する。
IE_Info/3133,Text,,"自身因被击累计损失<$CostHp$>%最大生命值时，结束尸姬大人的回合
当前：<$Now$>/<$Need$>","On losing a total of <$CostHp$>% Max HP from being hit, end the Lady Zombie's turn
Current: <$Now$>/<$Need$>","攻撃を受けて、累計で体力上限の<$CostHp$>%分の体力を失うと、屍姫のターンを終了する。
現在：<$Now$>/<$Need$>"
IE_Info/3134,Text,,被击时，为除自身外的随机一名友军添加<$Shield$>%最大生命值的护盾,"On being hit, grant a random ally (excluding self) a Shield equal to <$Shield$>% of their Max HP",攻撃されたとき、自身以外のランダムな味方1名に体力上限<$Shield$>%分のシールドを与える。
IE_Info/3135,Text,,被击时，若自身拥有护盾，则对相邻的敌人造成<$Demage$>点伤害,"On being hit, if this unit has Shield, deal <$Demage$> damage to the adjacent enemy",攻撃されたとき、シールドが付与されている場合、隣接する敵に<$Demage$>ダメージを与える。
IE_Info/3136,Text,,第一回合，获得<#BuffCount#>层【龙威】,Gain <#BuffCount#> stacks of [Dragon's Presence] at Turn 1,最初のターンで「龍威」を<#BuffCount#>得る。
IE_Info/3137,Text,,全场任意方式使用卡牌后，随机丢弃一张尸姬大人的卡牌,"When any card is used in any way, the Lady Zombie discards a random card",いかなる方法でカードを使用すると、ランダムに屍姫のカードを1枚捨てる。
IE_Info/3138,Text,,每回合第一次受到伤害翻倍，但是被击后获得<#BuffCount#>层【抵抗】，并改变自身行为,"Double the first instance of damage taken each turn, but gain <#BuffCount#> stacks of [Resistance] on being hit and changes behavior",各ターンで初めて受けるダメージが2倍になる。攻撃されたあと、「抵抗」を<#BuffCount#>得て、自分の行為を変える。
IE_Info/3139,Text,,回合结束时，丢弃尸姬大人所有卡牌，全部换成《我是小青龙》,"At the end of the turn, discard all your cards and replace them with <I Am the Little Azure Dragon>",ターン終了時、屍姫のすべてのカードを捨て、『我青龍なり』に替える。
IE_Info/3139_1,Text,,回合结束时，丢弃尸姬大人所有卡牌，全部换成《我是小青龙》。回合开始时，尸姬大人获得两张《我是小青龙》。,"At the end of the turn, discard all your cards and replace them with <I Am the Little Azure Dragon>. At the start of the turn, you get 2 <I Am the Little Azure Dragon>.",ターン終了時、屍姫のすべてのカードを捨て、『我青龍なり』に替える。ターン開始時に、屍姫は『我青龍なり』を2枚獲得する。
IE_Info/314,Text,,"本场战斗攻击力+1
正面buff单次至多获得100层","Attack +1 for this battle. 
A buff can stack up to 100 at a time","この戦闘で攻撃力+1。
バフは1回で最大100スタックまで。"
IE_Info/3140,Text,,回合开始时，获得<#BuffCount#>层【龙威】,"At the start of the turn, gain <#BuffCount#> stacks of [Dragon's Presence]",ターン開始時に、「龍威」を<#BuffCount#>得る。
IE_Info/3141,Text,,回合开始时获得<$Shield$>点护盾，自身生命值低于一半时，获得护盾翻倍,Gain <$Shield$> Shield at the start of the turn. Gain 2x the Shield when HP falls below half,ターン開始時に<$Shield$>シールドを得る。自身の体力が半分未満の場合、獲得するシールド量が2倍になる。
IE_Info/3142,Text,,被击后用巨钳反击，造成<$Demage$>点伤害,"Fight back with gaint pincers on being hit, dealing <$Demage$> damage",攻撃されたあと、巨大な鋏で反撃し、<$Demage$>ダメージを与える。
IE_Info/3143,Text,,尸姬大人丢弃卡牌时，自身获得<$Shield$>%最大生命值的护盾,"When the Lady Zombie discards a card, this unit gains [<$Shield$>% * Max HP] Shield",屍姫がカードを捨てるとき、自身は体力上限<$Shield$>%分のシールドを得る。
IE_Info/3143_1,Text,,尸姬大人丢弃卡牌时，所有己方单位获得<$Shield$>%最大生命值的护盾,"When the Lady Zombie discards a card, all allied units gain [<$Shield$>% * Max HP] Shield",屍姫がカードを捨てるとき、すべての味方ユニットは体力上限<$Shield$>%分のシールドを得る。
IE_Info/3144,Text,,死亡后，随机丢弃尸姬大人<#CardCount#>张牌,"On death, discard <#CardCount#> random cards for the Lady Zombie",撃破されたあと、ランダムに屍姫のカードを<#CardCount#>枚捨てる。
IE_Info/3145,Text,,回合开始时，产生雷劫，随机攻击场上一半的单位，造成<$Demage$>%最大生命值的真实伤害并眩晕（击中自身时，不会致死，不会眩晕）,"At the start of the turn, spawn a Lightning Tribulation to randomly strike half of the units on the field, dealing [<$Demage$>% * Max HP] True Damage and inflicting [Stun]. Will not kill nor stun if this unit is struck",ターン開始時、雷劫を生成し、ランダムにフィールドにいる半分のユニットを攻撃し、体力上限<$Demage$>%分の真実ダメージを与え、スタンを付与する。（自身に命中するときは撃破不能でスタンを付与しない）
IE_Info/3145_1,Text,,回合开始时，产生雷劫，随机攻击场上一半的单位，造成<$Demage$>%最大生命值的真实伤害并眩晕（击中自身时，不会致死，不会眩晕；击中己方单位时，不会眩晕，并令其获得等量护盾）,"At the start of the turn, spawn a Lightning Tribulation to randomly strike half of the units on the field, dealing [<$Demage$>% * Max HP] True Damage and inflicting [Stun]. Will not kill nor stun if self is struck. On hitting allied units, will not stun and grant the equivalent amount of Shield",ターン開始時、雷劫を生成し、ランダムにフィールドにいる半分のユニットを攻撃し、体力上限<$Demage$>%分の真実ダメージを与え、スタンを付与する。（自身に命中するときは撃破不能でスタンを付与しない、味方ユニットに命中するときはスタンを付与せずに同量のシールドを与える）
IE_Info/3146,Text,,对带有龙威的敌人伤害翻倍,Deal 2x damage to enemies bearing [Dragon's Presence],龍威が付与されている敵に与えるダメージが2倍になる。
IE_Info/3147,Text,,自身作为卡牌使用目标时，触发雷劫,"When targeted by a card, trigger Lightning Tribulation",自身がカードのターゲットにされるとき、雷劫を発動する。
IE_Info/3148,Text,,回合开始时，随机标记一名敌人,[Mark] a random enemy at the start of the turn,ターン開始時、ランダムな敵1名にマークを付与する。
IE_Info/3149,Text,,带有标记的敌人造成任意伤害后，发射一枚蝗虫群，对其造成<$Demage$>点伤害和<#BuffCount#>层【疫毒】,"When a [Marked] enemy deals any damage, shoot at them a swarm of locusts, dealing <$Demage$> damage and inflicting <#BuffCount#> stacks of [Plague Toxin]",マークが付与されている敵がダメージを与えたあと、イナゴの群れを発射し、その敵に<$Demage$>ダメージを与え、「疫毒」を<#BuffCount#>付与する。
IE_Info/315,Text,,本场战斗攻击力-1,Attack -1 for this battle,この戦闘で攻撃力-1。
IE_Info/3150,Text,,被击时，消耗一把飞剑，完全抵抗该伤害,"On being hit, consume a flying sword to negate the damage",攻撃されたとき、1本の飛剣を消費してそのダメージを完全に無効化する。
IE_Info/3151,Text,,被击时，全场造成<$Demage$>点伤害,"On being hit, deal <$Demage$> damage to all enemies",攻撃されたとき、すべての敵に<$Demage$>ダメージを与える。
IE_Info/3152,Text,,,,
IE_Info/3153,Text,,自身及左右己方单位被击时，全场造成<$Demage$>点伤害,"When this unit or its adjacent units are hit, deal <$Demage$> damage to all enemies",自身および隣接味方ユニットが攻撃されたとき、すべての敵に<$Demage$>ダメージを与える。
IE_Info/3154,Text,,"被击后，随机对尸姬大人的一名随从进行普通攻击（优先嘲讽或标记），并获得<$Shield$>的护盾
当前攻击力：<#AtkNow#>","On being hit, perform a Basic Attack randomly against one of the Lady Zombie's minions (prioritizing Taunt or Marked ones) and gain <$Shield$> Shield
Current Attack: <#AtkNow#>","攻撃されたあと、ランダムに屍姫のミニオン1体に通常攻撃を行い（優先的に挑発またはマークを対象とする）、<$Shield$>シールドを得る。
現在攻撃力：<#AtkNow#>"
IE_Info/3155,Text,,回合开始时，所有己方单位获得<#BuffCount#>层【抵抗】和<$Shield$>%最大生命值的护盾,"At the start of the turn, all allied units gain <#BuffCount#>stacks of [Resistance] and [<#BuffCount#>% * Max HP] Shield",ターン開始時、すべての味方ユニットが「抵抗」<#BuffCount#>と体力上限<$Shield$>%分のシールドを得る。
IE_Info/3156,Text,,回合开始时，对全场敌人造成<$Demage$>点伤害,"At the start of the turn, deal <$Demage$> damage to all enemies",ターン開始時、すべての敵に<$Demage$>ダメージを与える。
IE_Info/3156_1,Text,,回合开始时，对全场敌人造成两次<$Demage$>点伤害,"At the start of the turn, deal <$Demage$> damage twice to all enemies",ターン開始時、すべての敵に<$Demage$>ダメージを2回与える。
IE_Info/3157,Text,,回合开始时，为随机一名敌人施加【标记】【眩晕】【禁锢】,"At the start of the turn, inflict [Mark], [Stun] and [Root] on a random enemy",ターン開始時、ランダムな敵1名に「マーク」「スタン」「金縛り」を付与する。
IE_Info/3158,Text,,被击后，改变自身行为，并为自身添加<#BuffCount#>层破甲,"On being hit, change behavior and gain <#BuffCount#> stacks of [Sunder Armor]",攻撃されたあと、自身の行為を変え、自身に破れを<#BuffCount#>付与する。
IE_Info/3159,Text,,"回合开始时，对随机敌人射击，造成<$AtkDemage$>点伤害，自身每2点攻击力提高一点火枪伤害
当前伤害：<#AtkNow#>","At the start of the turn, fire at a random enemy, dealing <$AtkDemage$> damage. Musket damage +1 for every 2 points of Attack
Current Damage: <#AtkNow#>","ターン開始時、ランダムな敵を射撃して<$AtkDemage$>ダメージを与える、自身の攻撃力2ごとにダメージ+1。
現在ダメージ：<#AtkNow#>"
IE_Info/3159_1,Text,,"回合开始时，对随机敌人射击2次，第一次射击造成<$AtkDemage$>点伤害，自身每2点攻击力提高一点火枪伤害
当前伤害：<#AtkNow#>
第二次射击造成<$ExDemage$>%最大生命值的真实伤害","At the start of the turn, fire twice at a random enemy. The first shot deals <$AtkDemage$> damage. Musket damage +1 for every 2 points of Attack
Current Damage: <#AtkNow#>
The second shot deals [<$ExDemage$>% * Max HP] True Damage","ターン開始時、ランダムな敵を2回射撃する。1回目の射撃は<$AtkDemage$>ダメージを与え、自身の攻撃力2ごとにダメージ+1。
現在ダメージ：<#AtkNow#>
2回目の射撃は体力上限<$ExDemage$>%の真実ダメージを与える。"
IE_Info/316,Text,,本场战斗卡牌强度-1,Card Power -1 for this battle,この戦闘でカード強度-1。
IE_Info/3160,Text,,奇数回合开始时，嘲讽,Taunt at the start of odd turns,奇数ターン開始時に、挑発を得る。
IE_Info/3161,Text,,回合开始时，自身和所有己方单位获得<$Shield$>点护盾，<#BuffCount#>层【防御】和【攻击】,"At the start of the turn, this unit and all allied units gain <$Shield$> Shield and <#BuffCount#> stacks of [Defense] and [Attack]",ターン開始時、自身およびすべての味方ユニットが<$Shield$>シールドを得て、「防御」と「攻撃」を<#BuffCount#>得る。
IE_Info/3162,Text,,回合开始时，【嘲讽】，并为左右单位添加<#BuffCount#>层【龙威】,Taunt at the start of each turn and grant <#BuffCount#> stacks of [Dragon's Presence] to adjacent units,各ターン開始時、「挑発」を獲得し、隣接ユニットに「龍威」を<#BuffCount#>付与する。
IE_Info/3163,Text,,回合结束时，所有铁铳营和符师额外执行一次回合开始事件,"At the end of the turn, all Musket Corps and Sigil Master units perform the start-of-turn event once again",ターン終了時、すべての鉄砲営と符師は追加でターン開始効果を1回実行する。
IE_Info/3164,Text,,"除自身外，累计死亡<#DeathCount#>名己方单位后，结束尸姬大人的回合
当前死亡数：<#DeathNow#>","On losing a total of <#DeathCount#> allied units (excluding self), end the Lady Zombie's turn
Current Death Count: <#DeathNow#>","自身以外に味方ユニットが合計<#DeathCount#>名撃破されたあと、屍姫のターンを終了する。
現在撃破数：<#DeathNow#>"
IE_Info/3165,Text,,回合开始时给左右单位加<$Shield$>护盾并提高<#AddAtk#>层攻击力（同时提高火枪伤害）,"At the start of the turn, grant <$Shield$> Shield to adjacent units and increase <#AddAtk#> Attack (also increase the musket damage)",ターン開始時に隣接ユニットに<$Shield$>シールドを与え、攻撃力を<#AddAtk#>スタック付与する。（同時に鉄砲のダメージを増加する）
IE_Info/3166,Text,,标记目标后，令左右铁铳营开火,"After marking a target, command the adjacent Musket Corps units to fire",ターゲットをマークしたあと、隣接する鉄砲営が発砲する。
IE_Info/3167,Text,,回合开始时，所有己方单位获得<$Shield$>%最大生命值的护盾并获得<#BuffCount#>层【阴气】，造成伤害后追加破甲,"At the start of the turn, all allied units gain Shield equal to <$Shield$>% Max HP and <#BuffCount#> stacks of [Yin Energy], which inflicts [Sunder Armor] on dealing damage",ターン開始時、すべての味方ユニットが体力上限<$Shield$>%分のシールドに、<#BuffCount#>の「陰気」を得る。ダメージを与えたあと、破れを付与する。
IE_Info/3168,Text,,回合开始时，所有己方单位获得<$Shield$>%最大生命值的护盾并获得<#BuffCount#>层【阳气】，造成伤害后增加攻击力,"At the start of the turn, all allied units gain Shield equal to <$Shield$>% Max HP and <#BuffCount#> stacks of [Yang Energy], which grants [Attack] on dealing damage",ターン開始時、すべての味方ユニットが体力上限<$Shield$>%分のシールドに、<#BuffCount#>の「陽気」を得る。ダメージを与えたあと、攻撃力が増加する。
IE_Info/3169,Text,,偶数回合时，所有己方单位造成伤害必定<$Demage$>倍暴击,"On even turns, all allied units always CRIT for <$Demage$>x damage when dealing damage",偶数ターンで、すべての味方ユニットがダメージを与えるとき、必ず<$Demage$>倍の会心になる。
IE_Info/317,Text,,受到普通伤害后，移除【层数*<$CostHp$>%最大生命】点生命（不致死）,"On taking Normal Damage, remove [Stack * <$CostHp$>% Max HP] HP (non-lethal)",通常ダメージを受けると、「スタック*<$CostHp$>%体力上限」の体力を失う。（撃破不能）
IE_Info/3170,Text,,"距离自身最近的一名敌人，造成所有伤害变为0
（出于尸姬大人的兴趣，场上仅有1名随从时，该效果不触发）","The nearest enemy to this unit always deals 0 damage
For the Lady Zombie's amusement, this effect does not trigger when there is only 1 minion on the field","自身と最も近い敵が与えるダメージが０になる。
（屍姫の趣味により、フィールドにミニオンが1体しかいないとき、この効果は発動しない）"
IE_Info/3171,Text,,每回合开始时，损失<$CostHp$>%最大生命值,"At the start of each turn, lose <$CostHp$>% Max HP",各ターン開始時、体力上限の<$CostHp$>%分の体力を失う。
IE_Info/3172,Text,,奇数回合时，场上每存在一名己方单位，自身受到伤害降低<$DemageSub$>%（当前：<$NowSub$>%）,"On odd turns: For every allied unit on the field, this unit takes -<$DemageSub$>% damage (Current: <$NowSub$>%)",奇数ターンでは、フィールドに味方ユニット1体につき、自身が受けるダメージが<$DemageSub$>%低下する。（現在：<$NowSub$>%）
IE_Info/3172_1,Text,,"偶数回合时，所有己方单位受到伤害变为0
奇数回合时，场上每存在一名己方单位，自身受到伤害降低<$DemageSub$>%（当前：<$NowSub$>%）","On even turns: All allied units take 0 damage
On odd turns: For every allied unit exist on the field, this unit takes -<$DemageSub$>% damage (Current: <$NowSub$>%)","偶数ターンでは、すべての味方ユニットが受けるダメージが０になる。
奇数ターンでは、フィールドに味方ユニット1体につき、自身が受けるダメージが<$DemageSub$>%低下する。（現在：<$NowSub$>%）"
IE_Info/3173,Text,,"累计死亡<#DeathCount#>名己方的单位时，结束尸姬大人的回合
当前死亡数：<#DeathNow#>","On losing a total of <#DeathCount#> allied units, end the Lady Zombie's turn
Current Death Count: <#DeathNow#>","合計<#DeathCount#>名の味方ユニットが撃破されたとき、屍姫のターンを終了する。
現在撃破数：<#DeathNow#>"
IE_Info/3173_1,Text,,"所有己方单位造成伤害不低于目标最大生命值的<$Demage$>%
累计死亡<#DeathCount#>名己方的单位时，结束尸姬大人的回合
当前死亡数：<#DeathNow#>","All allied units' damage dealt will not be less than <$Demage$>% of the target's Max HP
On losing a total of <#DeathCount#> allied units, end the Lady Zombie's turn
Current Death Count: <#DeathNow#>","すべての味方ユニットが与えるダメージはターゲット体力上限の<$Demage$>%以上になる。
合計<#DeathCount#>名の味方ユニットが撃破されたとき、屍姫のターンを終了する。
現在撃破数：<#DeathNow#>"
IE_Info/3174,Text,,每回合第一次受击时，攻击者收到<$Demage$>%最大生命值的伤害,"On taking damage for the first time each turn, the attacker takes [<$Demage$>% * Max HP] damage",各ターン初めて攻撃を受けるとき、攻撃者にその体力上限の<$Demage$>%分のダメージを与える。
IE_Info/3175,Text,,行动后，挥动浊气之剑，对目标及左右单位造成一半伤害并清空护盾,"After action, wield the sword of miasma to deal half of the damage to the target and its adjacent units and remove their Shield",行動後、濁気の剣を振るい、ターゲットとその隣接ユニットに半分のダメージを与え、シールドを解除する。
IE_Info/3176,Text,,所有己方单位奇数回合受到卡牌伤害降低<$DemageSub$>%，偶数回合受到普通伤害降低<$DemageSub$>%（均为独立乘区）,"For all allied units: On odd turns, -<$DemageSub$>% to Card Damage taken; On even turns, -<$DemageSub$>% to Normal Damage taken (both are independent multipliers)",すべての味方ユニットが奇数ターンで受けるカードダメージが<$DemageSub$>%低下し、偶数ターンで受ける通常ダメージが<$DemageSub$>%低下する。（それぞれ独立乗算）
IE_Info/3177,Text,,对护盾造成双倍伤害,Deal 2x damage to Shield,シールドに2倍ダメージを与える。
IE_Info/3178,Text,,任意单位死亡后，获得其一半的最大生命值和攻击,"When any unit dies, gain half of their Max HP and Attack",任意ユニットが撃破されたあと、その半分の体力上限と攻撃を得る。
IE_Info/3179,Text,,回合开始时，汲取敌方全场<#GetValue#>点攻击力,"At the start of the turn, [Drain] <#GetValue#> Attack from all enemies",ターン開始時、すべての敵から<#GetValue#>攻撃力を吸収する。
IE_Info/318,Text,,造成任意伤害后攻击力+1，回合结束时层数-1,+1 Attack on dealing any damage. -1 stack at the end of the turn,ダメージを与えると攻撃力+1、ターン終了時、スタック-1。
IE_Info/3180,Text,,"回合结束时，对周围敌人造成<$NowDemage$>点伤害，每次被击后，该伤害+<$AddDemage$>。回合开始时重置
当前伤害：<$NowDemage$>","At the start of the turn, deal <$NowDemage$> damage to the surrounding enemies. On being hit each time, +<$AddDemage$> to this damage. Reset at the start of the next turn
Current Damage: <$NowDemage$>","ターン終了時、周りの敵に<$NowDemage$>ダメージを与える。攻撃されるたびに、このダメージ+<$AddDemage$>。ターン開始時にリセットする。
現在ダメージ：<$NowDemage$>"
IE_Info/3181,Text,,每次被击后，防御+<#AddBuff#>，回合结束时清空,‘+<#AddBuff#> Defense on being hit each time. Cleared at the end of the turn,攻撃されるたびに、防御+<#AddBuff#>。ターン終了時にリセットする。
IE_Info/3182,Text,,造成伤害转化为己方全体护盾,Convert the damage dealt to Shield for all allies,与えたダメージを同量のシールドとしてすべての味方に与える。
IE_Info/3183,Text,,自身每回合额外重复一次行动,Repeat this unit's action once after an ally acts,各ターンで追加で1回行動を繰り返す。
IE_Info/3183_1,Text,,己方单位行动时，自身额外重复一次行动,Repeat the action of an ally once when the ally acts,味方ユニットが行動するとき、自身は追加で1回行動を繰り返す。
IE_Info/3184,Text,,受到暴击伤害固定为1倍（可以触发暴击事件，但是暴伤倍率固定为1）,"Always take 1x critical damage. Can CRIT, but only deal 1x critical damage",受ける会心倍率が1に固定する（会心は発動する）。
IE_Info/3185,Text,,受到真实伤害翻倍，任意单位死亡后，回复<$HpAdd$>%最大生命值,"Takes 2x True Damage. When any unit dies, restore <$HpAdd$>% Max HP",受ける真実ダメージが2倍になる。任意のユニットが撃破されたあと、体力上限の<$HpAdd$>%を回復する。
IE_Info/3186,Text,,"任意单位死亡后，敌方全场移除<$CostHP$>%最大生命值的血量
剩余血量不足时，致死","When any unit dies, all enemies remove <$CostHP$>% of their Max HP
Lethal when the remaining HP is insufficient",任意のユニットが撃破されたあと、すべての敵が体力上限の<$CostHP$>%分の体力を失う。体力不足の場合、死に至る。
IE_Info/3187,Text,,造成伤害后，移除<$CostHP$>%最大生命值的血量，剩余血量不足时，致死,"On dealing damage, remove <$CostHP$>% of Max HP from the target. Lethal when the remaining HP is insufficient",ダメージを与えたあと、対象の体力上限<$CostHP$>%分の体力を失わせる。残り体力が不足する場合、撃破する。
IE_Info/3188,Text,,回合开始时，汲取随机敌人<#GetHp#>点最大生命,"At the start of the turn, [Drain] <#GetHp#> Max HP from a random enemy",ターン開始時、ランダムな敵から体力上限を<#GetHp#>吸収する。
IE_Info/3189,Text,,回合结束时，移除周围敌人<$CostHP$>%最大生命值，剩余血量不足时，致死,"At the end of the turn, remove <$CostHP$>% Max HP from the surrounding enemies. Lethal when the remaining HP is insufficient",ターン終了時、周りの敵が体力上限の<$CostHP$>%分の体力を失う。体力不足の場合、死に至る。
IE_Info/319,Text,,造成任意伤害后破甲，回合结束时层数-1,Inflict [Sunder Armor] on dealing any damage. -1 stack at the end of the turn,ダメージを与えると破れを付与する、ターン終了時、スタック-1。
IE_Info/3190,Text,,回合开始时，噬咬随机目标，目标及左右单位移除<$CostHP$>%最大生命值，剩余血量不足时，致死,"At the start of the turn, bite a random enemy. Remove <$CostHP$>% Max HP from the target and its adjacent units. Lethal when the remaining HP is insufficient",ターン開始時、ランダムなターゲットに噛み付き、ターゲットとその隣接ユニットが体力上限の<$CostHP$>%分の体力を失う。体力不足の場合、死に至る。
IE_Info/3191,Text,,回合开始时，汲取所有敌人<#GetHp#>点生命值,"At the start of the turn, [Drain] <#GetHp#> HP from all enemies",ターン開始時、すべての敵から体力を<#GetHp#>吸収する。
IE_Info/3192,Text,,被击时，移除攻击者<$CostHP$>%最大生命值的血量，若剩余血量不足，致死,"On being hit, remove <$CostHP$>% Max HP from the attacker. Lethal if the remaining HP is insufficient",攻撃されたとき、攻撃者が体力上限の<$CostHP$>%を失う。体力不足の場合、死に至る。
IE_Info/3193,Text,,偶数回合开始时，解除所有己方单位的debuff，并获得<#BuffCount#>层【抵抗】,"At the start of even turns, clear all debuffs for allied units, and grant them <#BuffCount#> stacks of [Resistance]",偶数ターン開始時、すべての味方ユニットのデバフを解除し、「抵抗」を<#BuffCount#>付与する。
IE_Info/3193_1,Text,,回合开始时，解除所有己方单位的debuff，并获得<#BuffCount#>层【抵抗】,"At the start of the turn, clear all debuffs for allied units, and grant them <#BuffCount#> stacks of [Resistance]",ターン開始時、すべての味方ユニットのデバフを解除し、「抵抗」を<#BuffCount#>付与する。
IE_Info/3194,Text,,回合开始时，所有敌人移除<$CostHP$>%最大生命的血量，若生命不够，致死,"At the start of the turn, remove <$CostHP$>% of Max HP from all enemies. Lethal if the HP is insufficient",ターン開始時、すべての敵が体力上限の<$CostHP$>%分の体力を失う。体力不足の場合、死に至る。
IE_Info/3195,Text,,回合开始时，为所有己方单位添加【灵契】效果，所有带有【灵契】的单位受到攻击时会共同分担伤害,"At the start of the turn, grant [Spiritual Pact] on all allied units. Units with [Spiritual Pact] will split any damage taken when attacked",ターン開始時、すべての味方ユニットに「霊契」を付与する。「霊契」が付与されているユニットが攻撃を受けると、「霊契」を持つすべてのユニットでダメージを分担する。
IE_Info/3196,Text,,回合开始时，随机【魅惑】一名敌人并【禁锢】,"At the start of the turn, [Charm] a random enemy and inflict [Root]",ターン開始時、ランダムな敵1名を「魅惑」して「金縛り」を付与する。
IE_Info/3197,Text,,自身被击后，对最近的1/2名敌人反击<$Demage$>点伤害,"On being hit, reflect <$Demage$> damage to the nearest 1/2 enemies",自身が攻撃されたあと、最も近い敵1/2名に反撃で<$Demage$>ダメージを与える。
IE_Info/3198,Text,,"任意敌人对自身使用卡牌/普攻时，生成一把飞剑。
回合结束时，消耗所有飞剑，每把飞剑提高所有己方<#BuffCount#>点攻击力","On being targeted with a Basic Attack/card by any enemies, spawn a flying sword.
Consume all the swords at the end of the turn, and each sword increases <#BuffCount#> Attack for all allies","任意の敵が自身にカード使用/通常攻撃を行うときに1本の飛剣を召喚する。
ターン終了時、すべての飛剣を消費し、1本ごとにすべての味方の攻撃力を<#BuffCount#>増加する。"
IE_Info/3199,Text,,回合开始时，全队获得<#BuffCount#>层【抵抗】,"At the start of the turn, all allies gain <#BuffCount#> [Resistance]",ターン開始時、すべての味方ユニットが「抵抗」を<#BuffCount#>得る。
IE_Info/320,Text,,"不会影响原本的行动。回合结束时随机攻击左右单位，造成【层数*攻击力】伤害（至少造成目标<$MinValue$>%最大生命值的伤害）。
当前伤害：<$AtkValue$>
九尾增幅：魅惑攻击时，目标红尘魅惑+1","Does not affect original actions. At the end of the turn, randomly attack an adjacent unit, dealing [Stacks * Attack] damage (at least <$MinValue$>% of the target's Max HP).
Current Damage: <$AtkValue$>","元の行動に影響しない。ターン終了時にランダムに隣接ユニットを攻撃し、「スタック*攻撃力」のダメージを与える（最低ダメージ：ターゲットの体力上限の<$MinValue$>%）。
現在のダメージ：<$AtkValue$>
九尾増幅：魅了攻撃時、対象の 紅塵魅惑 が+1される。"
IE_Info/3200,Text,,龙霄军射击时，生成一把飞剑追加<$Demage$>点伤害,"When the Draconis Army fires, spawn 1 flying sword to deal an extra <$Demage$> damage",龍霄軍が射撃するとき、飛剣を1本生成し、追加で<$Demage$>ダメージを与える。
IE_Info/3201,Text,,奇数回合开始时清除己方所有负面buff,"At the start of odd turns, clear all debuffs for allies",奇数ターン開始時に味方のすべてのデバフを解除する。
IE_Info/3202,Text,,回合开始时，己方单位获得<#BuffCount#>层【阳气】,"At the start of the turn, allied units gain <#BuffCount#> stacks of [Yang Energy]",ターン開始時、味方ユニットが「陽気」を<#BuffCount#>得る。
IE_Info/3202_1,Text,,"回合开始时，己方单位获得<#BuffCount#>层【阳气】,<#BuffCount#>层【阴气】","At the start of the turn, allied units gain <#BuffCount#> stacks of [Yang Energy] and <#BuffCount#> [Yin Energy]",ターン開始時、味方ユニットが「陽気」を<#BuffCount#>、「陰気」を<#BuffCount#>得る。
IE_Info/3203,Text,,回合开始时，对没有【宿命】的敌人施加<#BuffCount#>层【宿命】,"At the start of the turn, inflict <#BuffCount#> stacks of [Destiny] on enemies without [Destiny]",ターン開始時、「宿命」を付与されていない敵に<#BuffCount#>の「宿命」を付与する。
IE_Info/3203_1,Text,,回合开始时，对没有【宿命】的敌人施加<#BuffCount_1#>层【宿命】,"At the start of the turn, inflict <#BuffCount_1#> stacks of [Destiny] on enemies without [Destiny]",ターン開始時、「宿命」を付与されていない敵に<#BuffCount_1#>スタックの「宿命」を付与する。
IE_Info/3204,Text,,回合开始时，自身若没有【宿命】则获得<#BuffCount#>层【宿命】,"At the start of the turn, if self does not have any [Destiny], gain <#BuffCount#> stacks of [Destiny]",ターン開始時、自身に「宿命」が付与されていない場合、<#BuffCount#>の「宿命」を得る。
IE_Info/3205,Text,,回合开始时，获得<#BuffCount#>层【防御】,"At the start of the turn, gain <#BuffCount#> stacks of [Defense]",ターン開始時に、「防御」を<#BuffCount#>得る。
IE_Info/3206,Text,,躲避攻击，不会受到任何伤害，直到己方单位仅剩下自己一人,"Evade attacks and take no damage, until self is the only allied unit remaining",攻撃を回避し、ダメージを受けない。味方ユニットが自身のみになるまで持続する。
IE_Info/3207,Text,,每回合开始时，获得<#BuffCount#>层【抵抗】,Gain <#BuffCount#> stacks of <Resistance> at the start of each turn,各ターン開始時、「抵抗」を<#BuffCount#>得る。
IE_Info/3208,Text,,死亡后，对所有敌人施加<#BuffCount#>层【宿命】,"On death, inflict <#BuffCount#> stacks of [Destiny] on all enemies",撃破されたあと、すべての敵に「宿命」を<#BuffCount#>付与する。
IE_Info/3209,Text,,回合开始时【抵抗】+<#BuffCount#>，死亡时禁锢相邻的一名敌人,"At the start of the turn, gain +<#BuffCount#> stacks of [Resistance]. On death, [Root] 1 adjacent enemy",ターン開始時、「抵抗」+<#BuffCount#>、撃破された時に隣接する敵1名に「金縛り」を付与する。
IE_Info/321,Text,,尸姬大人的所有回复效果会移除该单位【回复量*层数】生命值（不致死），回合结束时层数-1,All healing effects from the Lady Zombie remove [Healing Amount * Stacks] HP from this unit (non-lethal). -1 stack at the end of the turn,屍姫さまのすべての回復効果はこのユニットの体力を「回復量*スタック」除去する（撃破不能）、ターン終了時にスタック-1。
IE_Info/3210,Text,,死亡后，全场随从不论敌我，获得<#BuffCount#>层抵抗（已拥有抵抗的单位不会再获得抵抗）,"On death, all units on the field (allies & enemies) gain <#BuffCount#> stacks of [Resistance] (excluding units already have [Resistance])",撃破されたあと、すべてのミニオンは敵味方問わずに<#BuffCount#>の抵抗を得る（抵抗を付与されているユニットを除く）。
IE_Info/3211,Text,,回合开始时，发动横斩，对自身相邻的2/3名敌人造成<$Demage$>点伤害,"At the start of the turn, launch a Horizontal Slash, dealing <$Demage$> damage to 2/3 adjacent enemies",ターン開始時、横斬りを発動して隣接する敵2/3名に<$Demage$>ダメージを与える。
IE_Info/3212,Text,,无名神祇行动后，发动横斩，对自身相邻的2/3名敌人造成<$Demage$>点伤害,"After Nameless Deity acts, launch a Horizontal Slash, dealing <$Demage$> damage to 2/3 adjacent enemies",無名神祇が行動したあと、横斬りを発動して隣接する敵2/3名に<$Demage$>ダメージを与える。
IE_Info/3213,Text,,回合开始时，随机【禁锢】一名随从，并追加<#BuffCount#>层【疫毒】,"At the start of the turn, [Root] 1 random enemy and inflict <#BuffCount#> stacks of [Plague Toxin]",ターン開始時、ランダムにミニオン1名に「金縛り」を付与し、追加で<#BuffCount#>の「疫毒」を付与する。
IE_Info/3214,Text,,死亡后，给左右单位加1岁月和<#BuffCount#>【抵抗】,"On death, grant 1 [Aging] and <#BuffCount#> stacks of [Resistance] to adjacent units",撃破されたあと、隣接ユニットに歳月を1、「抵抗」を<#BuffCount#>付与する。
IE_Info/3215,Text,,回合开始时，自身及左右单位获得<$Shield$>点护盾，攻击力+<#AtkUp#>,"At the start of the turn, grant <$Shield$> Shield and +<#AtkUp#> Attack to self and adjacent units",ターン開始時、自身および隣接ユニットが<$Shield$>シールドを得る。攻撃力+<#AtkUp#>。
IE_Info/3216,Text,,从第二回合开始，每回合所有人岁月+1,"Starting from the 2nd turn, all units gain +1 [Aging] each turn",2ターン目から、ターンごとにすべてのユニットが歳月+1。
IE_Info/3216_1,Text,,"从第二回合开始，每回合所有人岁月+1
每回合开始时，引爆一个燃烧的纸人","Starting from the 2nd turn, all units gain +1 [Aging] each turn
At the beginning of each round, detonate a burning paper figure","2ターン目から、ターンごとにすべてのユニットが歳月+1。
毎ターン開始時、燃える紙人を1体起爆する。"
IE_Info/3217,Text,,对【宿命】层数超过<#MaxCount#>层的目标造成伤害时，宿命层数减半,"When dealing damage to a target with more than <#MaxCount#> stacks of [Destiny], halve its [Destiny] stacks",「宿命」スタックが<#MaxCount#>を超えているターゲットにダメージを与えると、スタックが半減する。
IE_Info/3218,Text,,任意己方杂兵死亡后，召唤一根《虚幻之藤》,"When any mob dies, summon 1 <Illusory Vine>",任意の味方雑兵が死亡したあと、『虚幻の藤』を1本召喚する。
IE_Info/3219,Text,,死亡后，召唤一根《虚幻之藤》,"On death, summon 1 <Illusory Vine>",撃破されたあと、『虚幻の藤』を1本召喚する。
IE_Info/322,Text,,每有1层【阳气之种】，自身造成任意伤害后攻击力+1，回合结束时该buff层数自增长<$AddValue$>%,"For every stack of [Seed of Yang], +1 Attack on dealing any damage. At the end of the turn, the stacks of this buff automatically increase by<$AddValue$>%",「陽気の種」1スタックごとに、自身がダメージを与えると攻撃力+1、ターン終了時このバフのスタックは自動で<$AddValue$>%増加する。
IE_Info/3220,Text,,受到伤害降低50%,Reduce damage taken by 50%,受けるダメージが50%低下。
IE_Info/3221,Text,,回合开始时，获得3层抵抗,Gain 3 stacks of [Resistance] at the start of the turn,ターン開始時、「抵抗」を3スタック得る。
IE_Info/3222,Text,,造成任意伤害后，施加<#BuffCount#>【疫毒】,"On dealing any damage, inflict <#BuffCount#> stacks of [Plague Toxin]",任意のダメージを与えたあと、追加で「疫毒」を<#BuffCount#>付与する。
IE_Info/3223,Text,,场上每存在一个饭锅，自身额外行动一次,"For each Rice Pot there is on the field, gain 1 extra AP",フィールド上に釜が1個存在するごとに、自身が追加で1回行動する。
IE_Info/3224,Text,,"行动后，伤害减免+<$SubDemage$>%（上限<$MaxSubDemage$>%）
当前：<$NowSubDemage$>","After this unit acts, +<$SubDemage$>% Damage Reduction (up to <$MaxSubDemage$>%)
Current: <$NowSubDemage$>","行動後、ダメージ軽減+<$SubDemage$>%（最大<$MaxSubDemage$>%まで）。
現在：<$NowSubDemage$>"
IE_Info/3225,Text,,饭锅受到伤害时，杀意+<#AddBuff#>,"When Rice Pot takes damage, +<#AddBuff#> [Killing Malice]",釜がダメージを受けるとき、殺意+<#AddBuff#>。
IE_Info/3226,Text,,回合结束时，为全场提供<$AddAtk$>%自身攻击力（包含自己）（上限<#MaxAtkAdd#>）,"At the start of each turn, grant <$AddAtk$>% of this unit's Attack to all allies (including self) (up to <#MaxAtkAdd#>)",ターン終了時、フィールド上の全ユニット（自身含む）に自身の攻撃力の <$AddAtk$>% を提供する（上限 <#MaxAtkAdd#>）。
IE_Info/3227,Text,,回合开始时，将<$AddAtk$>%自身血量回复为全场生命值,"At the end of the turn, heal all allies for an amount equal to <$AddAtk$>% of this unit's current HP",ターン開始時、自身のHPの <$AddAtk$>% をフィールド上の全ユニットのHPとして回復する。
IE_Info/3228,Text,,造成伤害后，追加<$Demage$>%的伤害,"After dealing damage, deal an extra <$Demage$>% damage",ダメージを与えたあと、<$Demage$>%のダメージを追加する。
IE_Info/3229,Text,,回合开始时，每损失<#NeedHp#>点生命值，攻击力+<#AtkAdd#>,"At the start of the turn, for every <#NeedHp#> HP lost, Attack +<#AtkAdd#>",ターン開始時、体力を<#NeedHp#>失うごとに、攻撃力+<#AtkAdd#>。
IE_Info/3229_1,Text,,"回合开始时，每损失<#NeedHp#>点生命值，攻击力+<#AtkAdd#>
至少提高20点攻击力，效果作用于所有己方单位","At the start of the turn, for every <#NeedHp#> HP lost, Attack +<#AtkAdd#>
Increase attack power by at least 20 points, and the effect applies to all friendly units","ターン開始時、<#NeedHp#>HPを失うごとに、攻撃力+<#AtkAdd#>
攻撃力を少なくとも20ポイント上昇させ、その効果は全ての味方ユニットに作用する。"
IE_Info/323,Text,,每层提高1%受到伤害，回合结束时，自身及左右单位获得当前<$AddValue$>%层数的【阴气之种】,"Each stack increases damage taken by 1%. At the end of the turn, self and adjacent units gain <$AddValue$>% stacks of [Seed of Yin]",スタックごとに受けるダメージを1%増加させる。ターン終了時、自身および隣接ユニットは現在のスタックの<$AddValue$>%の「陰気の種」を得る。
IE_Info/3230,Text,,每回合第一次受击时，反击<#AtkNow#>点伤害，并击晕对手,"On being hit for the first time each turn, reflect <#AtkNow#> damage and [Stun] the attacker",各ターン初めて攻撃を受けるとき、反撃して<#AtkNow#>ダメージを与え、相手をスタンさせる。
IE_Info/3231,Text,,回合开始时，全体龙威+<#BuffCount#>,"At the start of the turn, all allied units gain +<#BuffCount#> [Dragon's Presence]",ターン開始時、すべての味方ユニットが「龍威」を<#BuffCount#>得る。
IE_Info/3232,Text,,"全场累计使用<#CardCount#>张卡牌后，对最后一名使用卡牌的单位造成100%最大生命值的真实伤害
当前：<#CardCountNow#>/<#CardCount#>","After a total of <#CardCount#> cards are used, deal 100% Max HP's True Damage to the last unit that used a card
Current: <#CardCountNow#>/<#CardCount#>","合計<#CardCount#>枚のカードが使用されたあと、最後にカードを使用したユニットに体力上限の100%の真実ダメージを与える。
現在：<#CardCountNow#>/<#CardCount#>"
IE_Info/3233,Text,,行动后，移除自身<$CostHp$>%最大生命值的血量,"After this unit acts, remove <$CostHp$>% Max HP from self",行動後、自身の体力上限の<$CostHp$>%分の体力を失う。
IE_Info/3234,Text,,战斗开始时，为所有敌人添加<#BuffCount#>层【宿命】,"At the start of battle, inflict <#BuffCount#> stacks of [Destiny] on all enemies",戦闘開始時、すべての敵に「宿命」を<#BuffCount#>付与する。
IE_Info/3235,Text,,回合开始时，所有带有疫毒的敌人移除<$Demage$>%当前生命值（不致死）同时自身获得等量护盾,"At the start of the turn, deal [<$Demage$>% * Current HP] True Damage (non-lethal) to all enemies bearing [Plague Toxin], and grant equal Shield to self",ターン開始時、疫毒を持つ全ての敵が現在HPの <$Demage$>% を除去され（致死なし）、同時に自身が等量のシールドを獲得する。
IE_Info/3236,Text,,被击后，获得<#BuffCount#>层【杀意】,"On being hit, gain <#BuffCount#> stacks of [Killing Malice]",攻撃されたあと、「殺意」を<#BuffCount#>得る。
IE_Info/3237,Text,,死亡后，全场施加<#BuffCount#>层【疫毒】,"On death, inflict <#BuffCount#> stacks of [Plague Toxin] to all enemies",撃破されたあと、すべての敵に「疫毒」を<#BuffCount#>付与する。
IE_Info/3238,Text,,每回合结束时，召唤6只紫蛛,"At the end of each turn, summon 6 Purple Spiders",各ターン終了時、紫蜘蛛を6匹召喚する。
IE_Info/3239,Text,,场上存在其他己方单位时，自身受到所有伤害变为0,"When other allied units exist on the field, all damage taken by self becomes 0",フィールドに他の味方ユニットが存在するとき、自身が受けるすべてのダメージが0になる。
IE_Info/324,Text,,"回合结束时，层数-1
层数归零时，移除100%最大生命值的血量，致死","-1 stack at the end of the turn.
When it reaches 0, remove 100% Max HP (lethal)","ターン終了時、スタック-1
スタックがなくなったとき、体力上限の100%分の体力を失い、撃破される。"
IE_Info/3240,Text,,自身受到所有伤害强制变为1点，任意己方单位死亡后，移除<$CostHp$>%当前生命,All damage taken by self becomes 1,自身が受ける全てのダメージが強制的に1ポイントになる。任意の味方ユニットが撃破されたあと、自身は現在体力の<$CostHp$>%分の体力を失う。
IE_Info/3241,Text,,回合结束时，强行发动春神之呓，消耗自身生命解除所有己方单位的异常状态，每层消耗<#CostHp#>点，不致死,"At the end of the turn, forcefully cast Spring Goddess's Whisper, consuming self HP to remove all debuffs from all allied units, at a cost of <#CostHp#> HP per stack (non-lethal)",ターン終了時、春神の呟きを発動し、自身の体力を消費してすべての味方ユニットのデバフを解除する（スタック1につき<#CostHp#>を消費）。撃破不能。
IE_Info/3241_1,Text,,"回合结束时，强行发动春神之呓，消耗自身生命解除所有己方单位的异常状态，每层消耗<#CostHp#>点，不致死
回合开始时，所有己方单位获得<#BuffCount#>层抵抗","At the end of the turn, forcefully cast Spring Goddess's Whisper, consuming self HP to remove all debuffs from all allied units, at a cost of <#CostHp#> HP per stack (non-lethal)
At the beginning of the turn, all friendly units gain<# BuffCount #>layer resistance","ターン終了時、春神の呟きを発動し、自身の体力を消費してすべての味方ユニットのデバフを解除する（スタック1につき<#CostHp#>を消費）。撃破不能。
ターン開始時、全ての味方ユニットが<#BuffCount#>の 抵抗 を獲得する。"
IE_Info/3242,Text,,回合开始时，没有【灵契】的己方单位【灵契】+<#BuffCount_1#>，没有【宿命】的敌人【宿命】+<#BuffCount_2#>,"At the start of the turn, +<#BuffCount_1#> [Spiritual Pact] to allied units without [Spiritual Pact], and +<#BuffCount_2#> [Destiny] to enemies without [Destiny]",ターン開始時、「霊契」のない味方ユニットの「霊契」+<#BuffCount_1#>、「宿命」のない敵ユニットの「宿命」+<#BuffCount_2#>。
IE_Info/3243,Text,,全场敌人受到任意伤害后，施加<#BuffCount#>层【疫毒】,"On any enemies taking damage, inflict <#BuffCount#> stacks of [Plague Toxin]",任意の敵がダメージを受けたあと、<#BuffCount#>の「疫毒」を付与する。
IE_Info/3244,Text,,将最近的敌人视为单挑对象，对其造成伤害提高<$Demage$>%，同时自身受到其他敌人伤害减半,"Take the nearest enemy into a duel, deal <$Demage$>% more damage to the target, and take half damage from all other enemies",最も近い敵を一騎打ちの対象とする。その敵に対するダメージが<$Demage$>%増加、他の敵から受けるダメージが半減する。
IE_Info/3245,Text,,任意敌人受到伤害后，立即结算其【疫毒】效果,"After any enemy takes damage, immediately trigger its [Plague Toxin] effect",任意の敵がダメージを受けたあと、その敵の「疫毒」効果を直ちに精算する。
IE_Info/3246,Text,,回合开始时，对所有敌人施加一层【疫毒】,"At the start of the turn, inflict 1 stack of [Plague Toxin] on all enemies",ターン開始時、すべての敵に「疫毒」を1スタック付与する。
IE_Info/325,Text,,对无标记的敌人造成任意伤害后，标记目标。若目标已被标记，则对其伤害提高<$AddValue$>%。回合结束时清空,"After dealing any damage to an enemy without a Mark, marks the target. If the target is already marked, damage dealt to it is increased by <$AddValue$>%. Resets at the end of the turn.",マークのない敵に任意のダメージを与えた後、対象をマークする。対象が既にマークされている場合、その対象に与えるダメージが <$AddValue$>% 上昇する。ターン終了時にリセットされる。
IE_Info/4,Text,,攻击造成伤害减半，回合结束时，层数-1,Attack damage is halved. -1 stack at the end of the turn,攻撃のダメージが半減する、ターン終了時、スタック-1。
IE_Info/401,Text,,受到任何伤害时，自身获得1【岁月】，层数-1,"On taking any damage, get 1 [Aging] and -1 stack",ダメージを受けると、自身は1「歳月」を得る、スタック-1。
IE_Info/402,Text,,带有【血祭】的单位被击时，额外受到【层数*<$Demage$>】点真实伤害，并为攻击者回复等量血量,Units with [Blood Sacrifice] take [Stack * <$Demage$>] True Damage on being hit. Heal the attacker for the equivalent amount,「血祭」が付与されているユニットが攻撃されるとき、追加で「スタック*<$Demage$>」真実ダメージを受け、攻撃者に同量の体力を回復する。
IE_Info/403,Text,,受到伤害时由所有具有灵契buff的单位分摊，回合结束时层数-1,"On being hit, split the damage to all units with Spiritual Pact. -1 stack at the end of the turn",ダメージを受けるとき、すべての霊契が付与されているユニットにそのダメージを分散する、ターン終了時にスタック-1。
IE_Info/404,Text,,"造成任意伤害时，<$Crite$>%概率造成<$CriteMult$>倍暴击伤害并生成一把【飞剑】
【心眼】层数越高，暴击伤害越高","On dealing any damage, <$Crite$>% chance to deal <$CriteMult$>x critical damage and spawn a [Flying Sword]
The critical damage grows with [Mind's Eye] stacks","ダメージを与えるとき、<$Crite$>%の確率で<$CriteMult$>倍の会心ダメージを与え、「飛剣」を1本召喚する。
「心眼」のスタックが多いほど、会心ダメージが高くなる。"
IE_Info/405,Text,,回合开始时，每拥有一层【死符】将一张僵尸之血加入手牌，层数-1,"-1 stack at the start of the turn, and add 1 <Zombie Blood> to hand per stack of [Death Sigil]",ターン開始時に、「死の札」1スタックごとに、僵屍の血を1枚手札に加える、スタック-1。
IE_Info/406,Text,,回合开始时，每拥有一层【生符】将一张僵尸之血加入手牌，层数-1,"-1 stack at the start of the turn, and add 1 <Zombie Blood> to hand per stack of [Life Sigil]",ターン開始時に、「生の札」1スタックごとに、僵屍の血を1枚手札に加える、スタック-1。
IE_Info/407,Text,,普攻后，灵力+1,‘+1 Mana after each Basic Attack,通常攻撃後、霊力+1。
IE_Info/408,Text,,,,
IE_Info/409,Text,,受到伤害时由所有具有灵契buff的单位分摊，分摊时，伤害降低20%，回合结束时层数-1,,
IE_Info/410,Text,,受到伤害时由所有具有灵契buff的单位分摊，持有buff时，单次收到伤害不超过最大生命值25%，回合结束时层数-1,,
IE_Info/411,Text,,被击后，对随机敌人释放《心欲流泉》,"On being hit, use <Fountain of Desires> on a random enemy",攻撃されたあと、ランダムな敵に『心欲流泉』を発動する。
IE_Info/5,Text,,无法触发所有buff/天赋/装备的词条效果，回合结束时，层数-1,Any buffs/talents/equipment effects are silenced. -1 stack at the end of the turn,すべてのバフ/天賦/装備のワード効果を発動できない、ターン終了時、スタック-1。
IE_Info/501,Text,,"教程
攻击力为1，只能任尸姬大人宰割","Tutorial
Attack fixed as 1 so the Lady Zombie can have some fun","チュートリアル
攻撃力は1、屍姫の好きなようにされるしかない。"
IE_Info/502,Text,,每回合开始，将获得3层【抵抗】,Gain 3 stacks of [Resistance] at the start of the turn,ターン開始するごとに、「抵抗」を3スタック得る。
IE_Info/503,Text,,"单次受到伤害不超过<$DemageLimt$>%，每回合召唤随机杂兵，击败后获得胜利。
该效果无视眩晕","Damage taken per instance will not exceed <$DemageLimt$>%. Summon random mobs every turn. Defeat to achieve victory.
This buff ignores Stun","一度の攻撃で受けるダメージは<$DemageLimt$>%を超えない、ターンごとにランダムな雑兵を召喚し、撃破すると勝利する。
この効果はスタンを無視する。"
IE_Info/504,Text,,"单次受到伤害不超过<$DemageLimt$>%，每回合召唤随机杂兵，击败后开启下一个阶段。击杀杂兵获得额外经验。
该效果无视眩晕","Damage taken per instance will not exceed <$DemageLimt$>%. Summon random mobs every turn. Defeat to enter the next phase. Kill minions to earn extra EXP.
This buff ignores Stun","1回で受けるダメージは<$DemageLimt$>%を超えない。ターンごとにランダムな雑兵を召喚し、撃破されると次の段階へ進む。雑兵を撃破すると追加経験値を得る。
この効果はスタンを無視する。"
IE_Info/6,Text,,"回合结束时，减少【层数*5】点生命值，层数-1
死亡时，向身后及左右单位扩散一半层数","Lose [Stack * 5] HP. -1 stack at the end of the turn
Upon death, spread half of the stacks to adjacent and back units","ターン終了時、「スタック*5」の体力を失い、スタック-1。
撃破時、後ろおよび隣接ユニットに半分のスタックを拡散する。"
IE_Info/602,Text,,"<^RoundBegin^>，受到【层数*<#RDemage#>】,同时降低【层数*<#AtkSub#>】点攻击力",Each point of Card Power increases the damage of [Spiritual Bow] talent by 1,
IE_Info/603,Text,,"<^UseCard^>受到【层数*<#RDemage#>】,<^RoundBegin^>，，移除全部引雷效果。",[Drain] <#AddAtk#> Attack after a Basic Attack,
IE_Info/7,Text,,处于眩晕状态的单位无法行动，无法触发部分被动效果,Stunned units cannot act and cannot trigger specific passive effects,スタン状態のユニットは行動できない、一部のパッシブ効果を発動できない。
IE_Info/8,Text,,火灵根+【尸姬大人等级*1】,,
IE_Info/9,Text,,法强+【尸姬大人等级*1】,,
IE_Name/,Text,,文人断脊,Scholar's Broken Spine,文人断脊
IE_Name/1,Text,,嘲讽,Taunt,挑発
IE_Name/10,Text,,,,
IE_Name/1001,Text,,灵弓-吹,Spiritual Bow - Draw,雷矢-吹
IE_Name/1002,Text,,春神使,Spring Goddess's Herald,春神使い
IE_Name/1003,Text,,灵弓之主,Master of the Spiritual Bow,雷矢の主
IE_Name/1004,Text,,咒之舌,Cursed Tongue,呪いの舌
IE_Name/1005,Text,,神之遗民,Deity's Descendant,神の遺民
IE_Name/1006,Text,,上古之灵,Ancient Spirit,古の霊
IE_Name/1007,Text,,神铸巨盾,Divine Shield,神鍛（しんたん）巨大盾
IE_Name/1008,Text,,春神之盾,Spring Goddess's Shield,春神の盾
IE_Name/1009,Text,,长眠,Long Slumber,永き眠り
IE_Name/1010,Text,,怨之核,Core of Resentment,怨の核
IE_Name/1011,Text,,神弃之眼,Eye of Forsaken,神棄の眼
IE_Name/1012,Text,,噬灵之齿,Soul-Devouring Fangs,霊喰いの牙
IE_Name/1013,Text,,尸躯,Carcass,屍体
IE_Name/1014,Text,,殷红之血,Crimson Blood,深紅の血
IE_Name/1015,Text,,沉褐之血,Blackish Blood,褐色の血
IE_Name/1016,Text,,掂血之手,Blood-Seeking Hand,血を量る手
IE_Name/1017,Text,,封火之符,Sealing Sigil of Fire,封火の符
IE_Name/1018,Text,,祸之触,Touch of Calamity,禍の触れ
IE_Name/1019,Text,,病之心,Plague Heart,病の心
IE_Name/1020,Text,,灾之眼,Eye of Disaster,災の眼
IE_Name/1021,Text,,毒囊,Poison Sac,毒嚢（どくのう）
IE_Name/1022,Text,,疫齿,Pestilence Fang,疫歯（えきし）
IE_Name/1023,Text,,蕴毒,Cradle of Toxin,蘊毒（うんどく）
IE_Name/1024,Text,,烛龙,Zhuloong,燭龍（しょくりゅう）
IE_Name/1025,Text,,怎么？没见过醉死的龙？,What? Never seen a dragon die drunk?,なに？酔っ払った龍を見たことがないって？
IE_Name/1026,Text,,什么？没有酒？也没有烟？,What? No booze? No smokes?,なに？酒もない？煙草もない？
IE_Name/1027,Text,,蓝烟令,Token of Azure Smoke,藍煙令
IE_Name/1028,Text,,亡国之血,Blood of Fallen Kingdom,亡国の血
IE_Name/1029,Text,,匹夫之血,Blood of Commoner's Rage,匹夫の血
IE_Name/1030,Text,,知同参事,Vice Advisor,知同参事
IE_Name/1031,Text,,斩立决,Immediate Execution,即斬
IE_Name/1032,Text,,妖剑,Evil Sword,妖剣
IE_Name/1033,Text,,决意断情剑,Sword of Severed Affection,決意断情剣
IE_Name/1034,Text,,白骨妖傀躯,Puppet's Skeleton,白骨妖傀儡
IE_Name/1035,Text,,时光刻痕,Nick of Time,時間の刻印
IE_Name/1036,Text,,长忆,Enduring Memory,長憶
IE_Name/1037,Text,,转念,Shifting Mind,転念
IE_Name/1038,Text,,笔尖万事,Penpoint Myriads,筆の万事
IE_Name/1039,Text,,历史就是死人名字,History is just a list of dead names,歴史は死者の名前
IE_Name/1040,Text,,太阳照常升起,The sun rises as usual,太陽はいつもどおり昇る
IE_Name/1041,Text,,奉剑,Devotion to Sword,奉剣
IE_Name/1042,Text,,剑音,Chant of Sword,剣音
IE_Name/1043,Text,,弹剑,Sword Player,弾剣
IE_Name/1044,Text,,唤灵,Spirit Summoner,喚霊
IE_Name/1045,Text,,灵方击,Cubie Strike,呪縁撃
IE_Name/1046,Text,,始源灵阵,Primordial Formation,源の霊陣
IE_Name/1047,Text,,血饲,Blood Feeder,血飼
IE_Name/1048,Text,,放血,Bloodletting,放血
IE_Name/1049,Text,,灵魂脱出,Soul Extraction,霊魂離脱
IE_Name/1050,Text,,毒翅,Toxic Wings,毒翼
IE_Name/1051,Text,,神恶的生灵,Forsaken Beings,悪の生霊
IE_Name/1052,Text,,生于尸骸的幻翅,Carcass Phantom Wings,死骸より生まれる翼
IE_Name/1053,Text,,血气溃败,Blood Decay,血気崩壊
IE_Name/1054,Text,,残影拳,Blurring Fist,残影拳
IE_Name/1055,Text,,硬拳,Rigid Fist,硬拳
IE_Name/1056,Text,,疯魔,Maniac Frenzy,狂魔
IE_Name/1057,Text,,连续挥拳一百次,One Hundred Consecutive Punches,拳を百連打
IE_Name/1058,Text,,坚持重复一百天,One Hundred Days of Persistence,百日繰り返し
IE_Name/1059,Text,,武魂真躯,Martial Avatar,武魂真体
IE_Name/1060,Text,,悟剑,Sword Revelation,悟剣
IE_Name/1061,Text,,归去来兮,The Great Returning,いざ帰りなん
IE_Name/1062,Text,,有往无回,Final Departure,往きて帰らず
IE_Name/1063,Text,,生死撩断,Severance of Life and Death,生死断絶
IE_Name/1064,Text,,活死人之躯,Body of the Living Dead,生ける屍の肉体
IE_Name/1065,Text,,活人道-死,Way of the Living - Death,活人道-死
IE_Name/1066,Text,,死人道-生,Way of the Dead - Life,死人道-生
IE_Name/1067,Text,,尸鬼心,Zombie Heart,屍鬼心（しきしん）
IE_Name/1068,Text,,凡人心,Mortal Heart,凡人心
IE_Name/1069,Text,,所谓生死,Answer of Life and Death,生死とは何ぞ
IE_Name/1070,Text,,所谓神明,Nature of Divinity,神とは何ぞ
IE_Name/1071,Text,,灵感,Inspiration,霊感
IE_Name/1072,Text,,藏涩,Hidden Debauchery,秘めた渋み
IE_Name/1073,Text,,白描,Line Drawing,白描
IE_Name/1074,Text,,红熏,Red Brush,紅染
IE_Name/1075,Text,,翻花弄蕾,Flower Play,弄花翻蕾（のうかほんらい）
IE_Name/1076,Text,,桃露含春,Peach Dew Temptation,桃露含春（とうろかんしゅん）
IE_Name/1077,Text,,心之眼,Inner Eye,心の眼
IE_Name/1078,Text,,源之眼-风息无垠,Eye of Origin - Boundless Wind,源の眼-風息無限
IE_Name/1079,Text,,识之眼-雨落有声,Eye of Recognition - Sound of Rain,識の眼-落雨有声
IE_Name/1080,Text,,溺死的鱼,Drowned Fish,溺れた魚
IE_Name/1081,Text,,浑浑噩噩的黎明,Muddleheaded Dawn,ぼんやりとした夜明け
IE_Name/1082,Text,,真可惜，没死呢,Still alive? What a pity,死んでない、惜しいね
IE_Name/1083,Text,,等待死亡的每一天,Days Awaiting Death,死を待つ毎日
IE_Name/1084,Text,,刀俎与鱼肉,Butcher and Meat,刀台と魚肉
IE_Name/1085,Text,,尸龙血,Dragon Carcass Blood,屍龍血
IE_Name/1086,Text,,饕餮之脑,Taotie's Brain,饕餮の脳
IE_Name/1087,Text,,葬尸木,Burial Wood,葬屍木（そうしき）
IE_Name/1088,Text,,劫雷之体,Body of Tribulation Lightning,劫雷（こうらい）の体
IE_Name/1089,Text,,雷心化铠,Armor of Lightning Core,雷心化鎧
IE_Name/1090,Text,,雷天眼-正法,Lightning Eye - Dharma,雷天眼-正法
IE_Name/1091,Text,,天地皆我,Domination of Heaven and Earth,天地皆我
IE_Name/1092,Text,,,,
IE_Name/1093,Text,,摆烂,Slack Off,サボり
IE_Name/1094,Text,,你烧水做什么？,Why are you boiling the water?,水を沸かして何をする？
IE_Name/1095,Text,,已经努力过啦！,Tried my best already!,頑張ったんだよ！
IE_Name/1096,Text,,陪葬,Sacrificial Burial,殉葬（じゅんそう）
IE_Name/1097,Text,,神灵之墓,Tomb of Deity,神霊の墓
IE_Name/1098,Text,,灵力之始,Origin of Mana,霊力の始まり
IE_Name/1099,Text,,灰烬之眼,Eye of Ashes,灰燼（はいじん）の眼
IE_Name/11,Text,,,,
IE_Name/11001,Text,,妖弓-蚀,Demonic Bow - Erosion,影弓-蝕
IE_Name/11004,Text,,咒之舌-凶,Cursed Tongue - Fierce,呪いの舌-凶
IE_Name/11007,Text,,神铸巨盾-符,Divine Shield - Sigil,神鍛巨大盾-符
IE_Name/11010,Text,,怨之核-凝刻,Core of Resentment - Engrave,怨の核-凝刻（ぎょうこく）
IE_Name/11013,Text,,尸躯-灵,Carcass - Spirit,屍体-霊
IE_Name/11018,Text,,祸之触-舔,Touch of Calamity - Lick,禍の触れ-舐め
IE_Name/1102,Text,,长大,Growing Up,成長
IE_Name/11021,Text,,毒囊-连喷,Poison Sac - Volley,毒嚢-連射
IE_Name/11024,Text,,烛龙-醉生,Zhuloong - Batter Life,燭龍-酔生
IE_Name/11027,Text,,赤烟令,Token of Scarlet Smoke,赤煙令
IE_Name/1103,Text,,烟与火与无尽的怒气,"Smoke, Fire, and Endless Rage",煙と火と尽きない怒り
IE_Name/11032,Text,,妖剑-残心,Evil Sword - Broken Heart,妖剣-残心
IE_Name/11035,Text,,时光刻痕-暮雨,Nick of Time - Evening Rain,時間の刻印-暮雨
IE_Name/11038,Text,,笔尖万事-纪,Penpoint Myriads - Chronicle,筆の万事-紀
IE_Name/1104,Text,,神赐,Divine Gift,神の授け
IE_Name/11041,Text,,奉剑-口舌,Devotion to Sword - Words,奉剣-口舌
IE_Name/11044,Text,,唤灵-回风,Spirit Summoner - Circling Wind,喚霊-回風
IE_Name/11047,Text,,血饲-嗔,Blood Feeder - Hatred,血飼-嗔（ちん）
IE_Name/1105,Text,,堕神之使,Herald of Fallen Deity,堕神の使い
IE_Name/11050,Text,,毒翅-瘟疫,Toxic Wings - Plague,毒翼-疫病
IE_Name/11054,Text,,残影拳-崩雷,Blurring Fist - Thunder,残影拳-崩雷
IE_Name/1106,Text,,三尸灵阵,Three-Corpse Formation,三屍霊陣
IE_Name/11060,Text,,悟剑-似我,Sword Revelation - Similarity,悟剣-似我
IE_Name/11064,Text,,活死人之躯-阴尸,Body of the Living Dead - Yin Corpse,生ける屍の肉体-陰屍
IE_Name/1107,Text,,灵御之骸,Mana-Driven Remains,霊御の骸
IE_Name/11071,Text,,灵感-速写,Inspiration - Sketch,霊感-速写
IE_Name/11074,Text,,红熏-同房异蕊,"Red Brush - Same Room, Different Flower",紅染-同房異花
IE_Name/11077,Text,,心之眼-转念鸣雷,Inner Eye - Thunderous Shift,心の眼-転念鳴雷
IE_Name/1108,Text,,返魂之骸,Reincarnated Remains,返魂の骸
IE_Name/11080,Text,,溺死的鱼-绝望,Drowned Fish - Despair,溺れた魚-絶望
IE_Name/11085,Text,,尸龙血-升灵,Dragon Carcass Blood - Ascender,屍龍血-昇霊
IE_Name/11088,Text,,雷魄本源,Essence of Lightning Soul,雷魄本源
IE_Name/1109,Text,,同契之锁,Lock of Covenant,契りの鎖
IE_Name/11093,Text,,一起摸鱼,Goof off together,団体サボり
IE_Name/11096,Text,,陪葬-邪冢,Sacrificial Burial - Wicked Tomb,殉葬-邪塚
IE_Name/11099,Text,,灰烬之眼-燃灰,Eye of Ashes - Burning Embers,灰燼の眼-灰燃やし
IE_Name/1110,Text,,仿死残尸,Mimic Corpse,擬死の残骸
IE_Name/11104,Text,,神赐-风火,Divine Gift - Wind & Fire,神の授け-風火
IE_Name/1111,Text,,衡无情,Merciless Balance,衡無情
IE_Name/11110,Text,,仿死残尸-替补,Mimic Corpse - Substitute,擬死の残骸-控え
IE_Name/11114,Text,,春信-河开,Herald of Spring - River's Thaw,春の便り-河開き
IE_Name/11119,Text,,肉鼎秘法-溢流,Flesh Cauldron Method - Overflow,肉鼎秘法-溢れ
IE_Name/1112,Text,,率然击,Spontaneous Strike,率然撃
IE_Name/11122,Text,,阴阳奇脉-浊,Yin-Yang Veins - Turbid,陰陽奇脈-濁
IE_Name/11125,Text,,阴司-严刑,Netherworld - Torment,陰司-厳刑
IE_Name/11128,Text,,罪孽-等待发酵,Sin - Awaiting Escalation,罪業-積み重ね
IE_Name/11129,Text,,法相-厉鬼,Hades' Shackles,法相-悪鬼（あくき）
IE_Name/1113,Text,,往去神明之血,Blood of Departed Deities,去りゆく神の血
IE_Name/11132,Text,,青丘血脉-溟潮,Qingqiu Bloodline - Abyssal Tide,青丘血脈-溟潮（めいちょう）
IE_Name/11137,Text,,合欢妖龙-淫,Vile Dragon of Carnal Bliss - Lust,合歓妖龍-淫（いん）
IE_Name/1114,Text,,春信,Herald of Spring,春の便り
IE_Name/11141,Text,,覆海魔蛟-劲,Sea-Wrecking Demonic Wyrm - Vigorous,覆海魔蛟-勁（けい）
IE_Name/11145,Text,,玉镇-碎神,Jade Seal - Shattered Soul,玉鎮-砕神（さいしん）
IE_Name/1115,Text,,哀鸣,Lament,哀鳴
IE_Name/11150,Text,,天地本源-阴,Primordial Essence - Yin,天地本源-陰（いん）
IE_Name/11154,Text,,手贱-捏捏你的,Itchy Fingers - Squishy Squishy,手癖-つんつん
IE_Name/11159,Text,,记仇-当场报复,Grudge Holder - Instant Retaliation,恨み-その場で仕返し（そのばでしかえし）
IE_Name/1116,Text,,堕神之羽,Feather of Fallen Deity,堕神の羽
IE_Name/11163,Text,,昨日之忆,Memories of Yesterday,往日の記憶（おうじつのきおく）
IE_Name/11168,Text,,春日吟-和风,Spring Chants - Gentle Breeze,春日吟-穏風（おんふう）
IE_Name/1117,Text,,惊蛰,Awakening of Insects,啓蟄（けいちつ）
IE_Name/11172,Text,,懒懒虎-调休,Lazy Tiger - Time Off,怠け虎-振替休暇（ふりかえきゅうか）
IE_Name/11176,Text,,紫霄剑道-截运,Violet Firmament Swordplay - Fortune Interception,紫霄剣道-断運（だんうん）
IE_Name/1118,Text,,谷雨,Grain Rain,穀雨（こくう）
IE_Name/11180,Text,,灵铳-大残，大残！,"Spiritual Musket - Critical, Critical!",霊銃-大破（たいは）、大破（たいは）！
IE_Name/11183,Text,,古帝残躯-生灵,Remains of the Ancient Emperor - Living Being,古帝の残軀・生霊（せいれい）
IE_Name/1119,Text,,肉鼎秘法,Flesh Cauldron Method,肉鼎（にくてい）秘法
IE_Name/1120,Text,,窃灵葫芦,Spirit-Stealing Gourd,窃霊（せつれい）瓢箪
IE_Name/1121,Text,,驭灵斩,Spiritual Slash,馭霊斬（ぎょれいざん）
IE_Name/1122,Text,,阴阳奇脉,Yin-Yang Veins,陰陽奇脈
IE_Name/1123,Text,,气运庇佑,Fortune's Blessing,機運庇護
IE_Name/1124,Text,,流风,Gust,風流し
IE_Name/1125,Text,,阴司,Netherworld,陰司
IE_Name/1126,Text,,冥狱之锁,Abyssal Shackles,冥獄の鎖
IE_Name/1127,Text,,罪责之躯,Vessel of Guilt,罪責の身
IE_Name/1128,Text,,罪孽,Sin,罪業
IE_Name/1129,Text,,法相,Nether Tribunal: Hades' Prison,法相（ほうそう）
IE_Name/1130,Text,,鬼道之主,Lord of Ghostly Path,鬼道の主（きどうのぬし）
IE_Name/1131,Text,,魍魉行军,Fiend March,魑魅道中（ちみどうちゅう）
IE_Name/1132,Text,,青丘血脉,Qingqiu Bloodline,青丘血脈（せいきゅうちみゃく）
IE_Name/1133,Text,,仙姿玉貌,Ethereal Grace,仙姿玉貌（せんしぎょくぼう）
IE_Name/1134,Text,,红尘劫难,Mortal Tribulation,紅塵劫難（こうじんごうなん）
IE_Name/1135,Text,,贪欲炉鼎,Cauldron of Greed,貪欲の炉鼎（たんよくのろてい）
IE_Name/1136,Text,,尸姬大人的恶趣味,Lady Zombie's Sick Humor,屍姫さまの悪趣味（しかひめさまのあくしゅみ）
IE_Name/1137,Text,,合欢妖龙,Vile Dragon of Carnal Bliss,合歓妖龍（ごうかんようりゅう）
IE_Name/1138,Text,,灵液充盈,Gushing Fluid,霊液充盈（れいえきじゅうえい）
IE_Name/1139,Text,,丰腴福泽,Bountiful Grace,豊腴福沢（ほうゆふくたく）
IE_Name/1140,Text,,祸国雨师,Rain Master of Calamity,禍国雨師（かこくうし）
IE_Name/1141,Text,,覆海魔蛟,Sea-Wrecking Demonic Wyrm,覆海魔蛟（ふくかいまこう）
IE_Name/1142,Text,,厚实蛟皮,Thick Wyrm Hide,ぶ厚い蛟皮（ぶあついこうひ）
IE_Name/1143,Text,,云雨之欢,Pleasure of Carnal Desire,雲雨の歓（うんうのかん）
IE_Name/1144,Text,,噬欲之口,Desire-Devouring Maw,欲喰いの口（よくぐいのくち）
IE_Name/1145,Text,,玉镇,Jade Seal,玉鎮（ぎょくちん）
IE_Name/1146,Text,,养剑葫芦-灵躯,Sword-Nurturing Gourd - Spiritual Body,養剣瓢箪-霊躯（ようけんひょうたん-れいく）
IE_Name/1147,Text,,炼丹炉-人鼎,Alchemy Cauldron - Human Vessel,煉丹炉-人鼎（れんたんろ-じんてい）
IE_Name/1148,Text,,镇魂碑-锁魂,Soul-Sealing Stele - Soul Shackle,鎮魂碑-鎖魂（ちんこんひ-さこん）
IE_Name/1149,Text,,法器,Ritual Artifact,法器（ほうき）
IE_Name/1150,Text,,天地本源,Primordial Essence,天地本源（てんちほんげん）
IE_Name/1151,Text,,肾虚，是阴气不足,Kidney Deficiency is due to insufficient Yin energy,腎の虚、陰の気が足りない（じんのきょ、いんのきがたりない）
IE_Name/1152,Text,,阳亢，乃火力过剩,Yang Hyperactivity results from excessive heat,陽亢、すなわち火力の過剰（ようこう、すなわちかりょくのかじょう）
IE_Name/1153,Text,,阴阳-碎玉尸晶茶,Yin & Yang - Shattered Crystal Tea,陰陽-砕玉の屍晶茶（おんみょう-さいぎょくのしけいちゃ）
IE_Name/1154,Text,,手贱,Itchy Fingers,手癖
IE_Name/1155,Text,,萝？,Tur?,だい？
IE_Name/1156,Text,,萝北萝北~,Turnip turnip~,だいこんだいこん～
IE_Name/1157,Text,,萝！萝——萝北！！！,Tur! Tur—turnip!!!,だいこんだいこん！だいこん！
IE_Name/1158,Text,,人剑合一,One with the Sword,人剣合一（じんけんごういつ）
IE_Name/1159,Text,,记仇,Grudge Holder,恨み（うらみ）
IE_Name/1160,Text,,对冲,Counter Strike,交互衝突（こうごしょうとつ）
IE_Name/1161,Text,,我避他锋芒？,I avoid his blade?,避けるって？（さけるって）
IE_Name/1162,Text,,宰种！单挑啊！,You Bastard! Duel Me!,ザコめ！タイマンだ！
IE_Name/1163,Text,,往昔之忆,Memories of the Past,昔の記憶（むかしのきおく）
IE_Name/1164,Text,,我已时日无多……,My Days Are Numbered...,残された時間は多くない…（のこされたじかんはおおくない）
IE_Name/1165,Text,,归于尘土,Return to Dust,塵へと還れ…（ちりへとかえれ）
IE_Name/1166,Text,,长忆,Enduring Memory,長憶（ちょうおく）
IE_Name/1167,Text,,转念,Shifting Mind,転念（てんねん）
IE_Name/1168,Text,,春日吟,Spring Chants,春日吟（しゅんじつぎん）
IE_Name/1169,Text,,旧神音,Voice of Ancient Deity,旧神音（きゅうしんおん）
IE_Name/1170,Text,,堕神泪,Tear of Fallen Deity,堕神涙（だしんるい）
IE_Name/1171,Text,,春曦-神契之花,Vernal Light - Divine Covenant Flower,春曦-神契の花（しゅんき-しんけいのはな）
IE_Name/1172,Text,,懒懒虎,Lazy Tiger,怠け虎（なまけとら）
IE_Name/1173,Text,,大馋猫,Bottomless Kitten,食いしん坊猫（くいしんぼうねこ）
IE_Name/1174,Text,,我要吃肉！！,I Want Meat!!,肉を食べたい！！（にくをたべたい）
IE_Name/1175,Text,,快到我碗里来！,Get in My Bowl!,お椀に入って！（わんに入って）
IE_Name/1176,Text,,紫霄剑道,Violet Firmament Swordplay,紫霄剣道（ししょうけんどう）
IE_Name/1177,Text,,伴生毒,Concomitant Venom,伴生毒（はんせいどく）
IE_Name/1178,Text,,妖王蛊,Ace Fiend's Spawn,妖王蠱（ようおうこ）
IE_Name/1179,Text,,迷毒蛛丝,Miasmic Cobweb,迷毒蜘蛛糸（めいどくくもいと）
IE_Name/1180,Text,,灵铳,Spiritual Musket,霊銃（れいじゅう）
IE_Name/1181,Text,,炮信,Cannon Fuse,砲信（ほうしん）
IE_Name/1182,Text,,灵铳-迅雷,Spiritual Musket - Swift Thunder,霊銃-迅雷（じんらい）
IE_Name/1183,Text,,古帝残躯,Remains of the Ancient Emperor,古帝の残軀（こていのざんく）
IE_Name/1184,Text,,堕龙血,Fallen Dragon Blood,堕龍血（だりゅうけつ）
IE_Name/1185,Text,,尸龙脉,Corpse Dragon Meridian,屍龍脈（しりゅうみゃく）
IE_Name/1186,Text,,屠龙术,Dragon-Slaying Technique,屠龍術（とりゅうじゅつ）
IE_Name/1187,Text,,咒索之爪,Claw of the Cursed Rope,呪索の爪（じゅさくのつめ）
IE_Name/1188,Text,,春之庇佑,Spring's Blessing,春の庇佑（はるのひゆう）
IE_Name/1189,Text,,增生,Proliferation,増生（ぞうせい）
IE_Name/1190,Text,,厄之抚,Caress of Misfortune,厄の撫で（やくのなで）
IE_Name/1191,Text,,瘟变,Pestilent Mutation,瘟変（おんへん）
IE_Name/1192,Text,,诸将听令,"All Generals, Hear My Command",諸将、令を聴け！（しょしょう、れいをきけ！）
IE_Name/1193,Text,,凋零与新生,Withering and Rebirth,凋零と新生（ちょうれいとしんせい）
IE_Name/1194,Text,,别拿掺水的东西唬我！！,Don't Try to Fool Me with Watered-Down Stuff!!,水で薄めたもので騙すな！！（みずでうすめたものでだますな！！）
IE_Name/1195,Text,,杀剑戮鬼心,"Sword of Slaying, Heart of Demon-Slaying",殺剣戮鬼心（さっけんりくきしん）
IE_Name/12,Text,,眩晕,Stun,スタン
IE_Name/13,Text,,魅惑,Charmed,魅惑
IE_Name/14,Text,,被汲取,Drained,被吸収
IE_Name/15,Text,,汲取,Drain,吸収
IE_Name/16,Text,,禁锢,Root,金縛り
IE_Name/2,Text,,标记,Mark,マーク
IE_Name/2001,Text,,残钢甲,Ruined Steel Armor,残鋼甲
IE_Name/2002,Text,,炽龙心,Blazing Dragon Heart,熾龍心
IE_Name/2003,Text,,天象水文录,Records of Astronomy & Hydrology,天象水文録
IE_Name/2004,Text,,亡国相印,Fallen Kingdom's Chancellor Seal,亡国相印（しょういん）
IE_Name/2005,Text,,亡国玉玺,Fallen Kingdom's Jade Seal,亡国御璽（ぎょじ）
IE_Name/2006,Text,,血色断手,Bloody Severed Hand,血色の断掌
IE_Name/2007,Text,,无根塔,Rootless Tower,無根塔
IE_Name/2008,Text,,净尘袍,Purifying Robe,塵祓いの衣
IE_Name/2009,Text,,水银镜,Mercury Mirror,水銀鏡
IE_Name/2010,Text,,御灵符,Ward Sigil,御霊札
IE_Name/2011,Text,,开山斧,Mountain Cleaver Axe,開山斧
IE_Name/2012,Text,,雷枪,Lightning Spear,雷槍
IE_Name/2013,Text,,重剑-昆仑钧,Heavy Sword - Kunlun's Weight,重剣-崑崙鈞（こんろんきん）
IE_Name/2014,Text,,灵木剑,Sacred Wooden Sword,霊木剣
IE_Name/2015,Text,,契风剑,Windpact Sword,契風剣
IE_Name/2016,Text,,鬼铁剑,Warp-Iron Sword,鬼鉄剣
IE_Name/2017,Text,,幽灵眼罩,Spectral Eyepatch,幽霊の目隠し
IE_Name/2018,Text,,绣鞋,Embroidered Shoes,刺繍靴
IE_Name/2019,Text,,妖蛊胆,Demonic Gallbladder,妖蠱胆（ようこたん）
IE_Name/2020,Text,,血牙刀,Bloody Fang,血牙刀
IE_Name/2021,Text,,火酒葫芦,Fiery Liquor Gourd,火酒瓢箪
IE_Name/2022,Text,,冰脊盾,Ice Ridge Shield,氷脊盾（ひょうせきとん）
IE_Name/2023,Text,,灵箭-飞柳,Spiritual Arrow - Willow,霊矢-飛柳
IE_Name/2024,Text,,日规,Sundial,日規
IE_Name/2025,Text,,春神仙裳,Spring Goddess's Robe,春神仙裳
IE_Name/2026,Text,,跃雷石,Thunderbolt Stone,躍雷石（やくらいせき）
IE_Name/2027,Text,,天雷神兵,Armament of Heavenly Lightning,天雷神兵
IE_Name/2028,Text,,春神祭袍,Spring Goddess's Vestment,春神祭衣
IE_Name/2029,Text,,短刃-摧碎,Short Blade - Shatterer,短刀-砕き
IE_Name/2030,Text,,归魂令,Token of Soul's Return,帰魂令
IE_Name/2031,Text,,符文软甲,Rune-Imbued Doublet,符文軟甲
IE_Name/2032,Text,,熔血之拳,Blood-Melting Fist,熔血の拳
IE_Name/2033,Text,,战神祭斧,God of War's Sacrificial Axe,戦神祭斧
IE_Name/2034,Text,,如意金箍棒,Monkey King's Staff,如意金箍棒
IE_Name/2035,Text,,破钧之刃,Shattering Blade,破鈞（はきん）の刃
IE_Name/2036,Text,,神威战鼓,Drum of Divine Might,神威戦鼓
IE_Name/2037,Text,,琉璃心,Crystal Heart,瑠璃心
IE_Name/2038,Text,,青藤冠,Ivy Crown,青藤冠
IE_Name/2039,Text,,漆黑骨片,Ebony Bone Shard,漆黒骨片
IE_Name/2040,Text,,断龙牙,Broken Dragon Fang,断龍牙
IE_Name/2041,Text,,枯尸心,Withered Heart,枯屍心（こししん）
IE_Name/2042,Text,,涌血心,Surging Heart,湧血心（ようけつしん）
IE_Name/2043,Text,,断指,Severed Finger,断指
IE_Name/2044,Text,,幽凰令,Ethereal Phoenix Token,幽凰令
IE_Name/2045,Text,,幻瘾叶,Leaf of Illusional Addiction,幻癮葉（げんいんは）
IE_Name/2046,Text,,不净妖莲,Impure Vile Lotus,不浄妖蓮
IE_Name/2047,Text,,武人断臂,Martial Artist's Severed Arm,武人断腕
IE_Name/2048,Text,,万民伞,Umbrella of Ten Thousand People,万民傘
IE_Name/2049,Text,,烟袋,Smoking Pipe,煙草袋
IE_Name/2050,Text,,妖刀-人斩,Cursed Blade - Man-Slayer,妖刀-人斬り
IE_Name/2051,Text,,无名残躯,Nameless Remains,無名残骸
IE_Name/2052,Text,,灵墨砂,Spiritual Ink Grain,霊墨砂（れいぼくさ）
IE_Name/2053,Text,,太息之壤,Soil of Sighs,太息の壌
IE_Name/2054,Text,,棘铁心,Thorny Iron Heart,棘鉄心（きょくてつしん）
IE_Name/2055,Text,,镇雷塔,Lightning Tower,鎮雷塔
IE_Name/2056,Text,,青石简,Bluestone Tablet,青石簡
IE_Name/2057,Text,,神罪之棺,Coffin of Divine Sin,神罪の棺
IE_Name/2058,Text,,凝魂丹,Soul Coalescer,凝魂丹
IE_Name/2059,Text,,残红瓣,Faded Petal,残紅瓣
IE_Name/2060,Text,,杏核,Apricot Pit,杏核
IE_Name/2061,Text,,清醒木,Sobering Bar,清醒木
IE_Name/2062,Text,,带刺圆环,Spiked Circlet,棘付き円環
IE_Name/2063,Text,,锈蚀龟壳,Rusted Turtle Shell,錆びた甲羅
IE_Name/2064,Text,,凡人贡品,Mortals' Tribute,凡人の貢ぎ物
IE_Name/2065,Text,,朽木龙眼,Deadwood Dragon Eye,朽木龍眼
IE_Name/2066,Text,,翡翠鱼钩,Jadeite Fishhook,翡翠の釣り針
IE_Name/2067,Text,,始皇剑酒,The First Emperor's Wine Taster,始皇剣酒
IE_Name/2068,Text,,扭曲之种,Twisted Seed,ねじれた種
IE_Name/2069,Text,,妖灵尸骸,Specter Remains,妖霊屍骸
IE_Name/2070,Text,,断剑-八方玉彻,Broken Sword - Jade Piercer,断剣-八方玉徹
IE_Name/2071,Text,,雾里云匣,Mist-Shrouded Cloud Chest,霧里雲匣（むりうんこう）
IE_Name/2072,Text,,蔓延尸变之血,Blood of Spreading Necromorph,蔓延する屍変の血
IE_Name/2073,Text,,攫天秤,Sky-Seizing Scales,攫天秤（かくてんびん）
IE_Name/2074,Text,,牵偶丝,Puppet Thread,操り人形の紐
IE_Name/2075,Text,,始龙之逆鳞,Primordial Dragon's Reverse Scale,始龍の逆鱗
IE_Name/2076,Text,,春血符,Spring Blood Sigil,春血札
IE_Name/2077,Text,,咽丸,Ball Gag,咽丸
IE_Name/2078,Text,,妖仙元婴,Yao Immortal's Nascent Soul,妖仙元嬰（げんえい）
IE_Name/2079,Text,,逍遥扇,Carefree Fan,逍遥扇
IE_Name/2080,Text,,青色断发,Severed Cyan Hair,青色断髪
IE_Name/2081,Text,,枯荣双生剑,Blades of Decay and Renewal,枯栄双生剣
IE_Name/2082,Text,,阴阳血幡,Yin-Yang Blood Banner,陰陽血幡
IE_Name/2083,Text,,槐木枪,Locustwood Spear,槐木槍（かいぼくそう）
IE_Name/2084,Text,,土石锤,Earth Batter,土石錘
IE_Name/2085,Text,,洋驴打滚,Foreign Rolling Donkey,変わり餅
IE_Name/2086,Text,,无色笔,Colorless Pen,無色筆
IE_Name/2087,Text,,烙铁,Branding Iron,熱こて
IE_Name/2088,Text,,肾切,Kidney Cutter,腎切り
IE_Name/2089,Text,,风切叶,Wind Slicer,風切葉
IE_Name/2090,Text,,剑匣,Sword Case,剣匣（けんこう）
IE_Name/2091,Text,,藏剑绘卷,Blade-Hiding Scroll,蔵剣絵巻
IE_Name/2092,Text,,开天令,Token of Heaven Splitter,開天令
IE_Name/2093,Text,,肉戳,Flesh Stamper,肉刺し
IE_Name/2094,Text,,深渊之水,Abyssal Water,深淵の水
IE_Name/2095,Text,,蠕触甲,Worming Armor,蠕触甲（ぜんしょくこう）
IE_Name/2096,Text,,切肉刀,Meat Cleaver,肉切り刀
IE_Name/2097,Text,,洗剑银水,Sword-Washing Quicksilver,剣洗いの銀水
IE_Name/2098,Text,,檀木秀剑,Sandalwood Ornament Sword,檀木秀剣（だんもくしゅうけん）
IE_Name/2099,Text,,无名灵位,Nameless Spirit Tablet,無名霊牌
IE_Name/2100,Text,,无根水,Rootless Water,無根水
IE_Name/21001,Text,,灵弓-连,Spiritual Bow - Volley,雷矢-連
IE_Name/21004,Text,,咒之舌-惧,Cursed Tongue - Fear,呪いの舌-惧
IE_Name/21007,Text,,神铸巨盾-印,Divine Shield - Seal,神鍛巨大盾-印
IE_Name/2101,Text,,妙法葫芦,Mystique Gourd,妙法瓢箪
IE_Name/21010,Text,,怨之核-燃恨,Core of Resentment - Burning Hatred,怨の核-燃恨（ねんこん）
IE_Name/21013,Text,,尸躯-血,Carcass - Blood,屍体-血
IE_Name/21018,Text,,祸之触-撅,Touch of Calamity - Scoop,禍の触れ-折れ
IE_Name/2102,Text,,碎玉-清白,Shattered Jade - Purity,砕玉-清白
IE_Name/21021,Text,,毒囊-爆射,Poison Sac - Burst,毒嚢-爆射
IE_Name/21024,Text,,烛龙-梦死,Zhuloong - Drinky Dream,燭龍-夢死
IE_Name/21027,Text,,龙烟,Dragon Smoke,龍煙
IE_Name/2103,Text,,碎玉盏,Shattered Jade Cup,砕玉盞（さいぎょくさん）
IE_Name/21032,Text,,妖剑-借命,Evil Sword - Borrowed Life,妖剣-借命
IE_Name/21035,Text,,时光刻痕-青碑,Nick of Time - Cyan Stele,時間の刻印-青碑
IE_Name/21038,Text,,笔尖万事-传,Penpoint Myriads - Legend,筆の万事-転
IE_Name/2104,Text,,缚玉红绳,Scarlet Jade Cord,縛玉紅線（ばくぎょくこうせん）
IE_Name/21041,Text,,奉剑-心肝,Devotion to Sword - Heart,奉剣-心肝
IE_Name/21044,Text,,唤灵-万法,Spirit Summoner - Myriad Laws,喚霊-万法
IE_Name/21047,Text,,血饲-贪,Blood Feeder - Greed,血飼-貪
IE_Name/2105,Text,,紫竹叶,Purple Bamboo Leaf,紫竹葉
IE_Name/21050,Text,,毒翅-凋零,Toxic Wings - Withering,毒翼-凋落
IE_Name/21054,Text,,残影拳-镇山,Blurring Fist - Mountain,残影拳-鎮山
IE_Name/2106,Text,,清玉镯,Pure Jade Bracelet,清玉腕輪
IE_Name/21060,Text,,悟剑-非我,Sword Revelation - Distinction,悟剣-非我
IE_Name/21064,Text,,活死人之躯-阳鬼,Body of the Living Dead - Yang Ghost,生ける屍の肉体-陽鬼
IE_Name/2107,Text,,拘魂锁,Soul-Binding Chain,拘魂鎖（こうこんさ）
IE_Name/21071,Text,,灵感-临摹,Inspiration - Copy,霊感-模写
IE_Name/21074,Text,,红熏-勾魂撩风,Red Brush - Soul Teaser,紅染-絡魂翻風
IE_Name/21077,Text,,心之眼-苍空万响,Inner Eye - Heavenly Resonance,心の眼-蒼空万響
IE_Name/2108,Text,,阴脂冰蜡,Netherwax Candle,陰脂氷蝋（いんしひょうろう）
IE_Name/21080,Text,,溺死的鱼-苟且,Drowned Fish - Desperate Survival,溺れた魚-苟且
IE_Name/21085,Text,,尸龙血-炼魔,Dragon Carcass Blood - Demon Refinery,屍龍血-錬魔
IE_Name/21088,Text,,劫雷重响,Echoes of Tribulation Lightning,劫雷重響
IE_Name/2109,Text,,无尘青叶,Dustless Cyan Leaf,無塵青葉
IE_Name/21093,Text,,下次再说,Maybe next time,あとでまた話そう
IE_Name/21096,Text,,陪葬-妖木,Sacrificial Burial - Wicked Wood,殉葬-妖木
IE_Name/21099,Text,,灰烬之眼-龙蔑,Eye of Ashes - Dragon's Disdain,灰燼の眼-龍蔑（りゅうべつ）
IE_Name/21104,Text,,神赐-水雷,Divine Gift - Water & Lightning,神の授け-水雷
IE_Name/21110,Text,,仿死残尸-百相,Mimic Corpse - Myriad Aspects,擬死の残骸-百相
IE_Name/21114,Text,,春信-燕来,Herald of Spring - Swallows' Return,春の便り-燕来たし
IE_Name/21119,Text,,肉鼎秘法-吞尽,Flesh Cauldron Method - Devour All,肉鼎秘法-丸呑み
IE_Name/2112,Text,,三头戈,Tri-Headed Halberd,三頭戈（さんとうほこ）
IE_Name/21122,Text,,阴阳奇脉-清,Yin-Yang Veins - Pure,陰陽奇脈-清
IE_Name/21125,Text,,阴司-冥狱,Netherworld - Abyssal Hell,陰司-冥獄
IE_Name/21128,Text,,罪孽-亡羊补牢,Sin - Damage Control,罪業-亡羊補牢
IE_Name/21129,Text,,法相-怨魂,Vessel of Sin,法相-怨魂（えんこん）
IE_Name/2113,Text,,鬼界兵符,Netherworld Commander Sigil,鬼界兵符（きかいへいふ）
IE_Name/21132,Text,,青丘血脉-元神,Qingqiu Bloodline - Primordial Spirit,青丘血脈-元神（げんしん）
IE_Name/21137,Text,,合欢妖龙-巧,Vile Dragon of Carnal Bliss - Cunning,合歓妖龍-巧（きょう）
IE_Name/21141,Text,,覆海魔蛟-嫩,Sea-Wrecking Demonic Wyrm - Tender,覆海魔蛟-嫩（じん）
IE_Name/21145,Text,,玉镇-肉壳,Jade Seal - Flesh Husk,玉鎮-肉殻（にくかく）
IE_Name/2115,Text,,妖宗胭脂,Fiend Sect Rouge,妖宗胭脂（ようそうえんし）
IE_Name/21150,Text,,天地本源-阳,Primordial Essence - Yang,天地本源-陽（よう）
IE_Name/21154,Text,,手贱-康康我的,Itchy Fingers - Lemme Show You!,手癖-ちらちら
IE_Name/21159,Text,,记仇-三年不晚,Grudge Holder - Delayed Revenge,恨み-三年も遅くない（さんねんもおそくない）
IE_Name/2116,Text,,合春丹,Elixir of Carnal Union,合春丹（ごうしゅんたん）
IE_Name/21163,Text,,未来之忆,Memories of the Future,未来の記憶（みらいのきおく）
IE_Name/21168,Text,,春日吟-煦日,Spring Chants - Warm Sun,春日吟-日和（びより）
IE_Name/2117,Text,,摄魂宝扇,Soul-Snatcher Fan,摂魂宝扇（せっこんほうせん）
IE_Name/21172,Text,,懒懒虎-加班,Lazy Tiger - Overtime Work,怠け虎-残業（ざんぎょう）
IE_Name/21176,Text,,紫霄剑道-通天,Violet Firmament Swordplay - Heavenly Induction,紫霄剣道-通天（つうてん）
IE_Name/2118,Text,,合欢仙露,Elixir of Carnal Bliss,合歓仙露（ごうかんせんろ）
IE_Name/21180,Text,,灵铳-狂扫,Spiritual Musket - Wild Strafe,霊銃-掃射（そうしゃ）
IE_Name/21183,Text,,古帝残躯-尸运,Remains of the Ancient Emperor - Corpse Fortune,古帝の残軀・屍運（しうん）
IE_Name/2119,Text,,东海龙珠,Dragon Orb of the East Sea,東海龍珠（とうかいりゅうじゅ）
IE_Name/2120,Text,,云雨符,Sigil of Carnal Desire,雲雨符（うんうふ）
IE_Name/2121,Text,,回旋镖,Boomerang,回旋手裏剣（かいせんしゅりけん）
IE_Name/2122,Text,,炼丹炉,Alchemy Cauldron,煉丹炉（れんたんろ）
IE_Name/2123,Text,,护身葫芦,Guardian Gourd,護身瓢箪（ごしんひょうたん）
IE_Name/2124,Text,,镇魂碑,Soul-Sealing Stele,鎮魂碑（ちんこんひ）
IE_Name/2125,Text,,炼阳符,Yang-Refining Sigil,錬陽符（れんようふ）
IE_Name/2126,Text,,灵参缨,Spiritual Ginseng Tassel,霊参纓（れいじんえい）
IE_Name/2127,Text,,神契奏章,Divine Covenant Report,神契奏章（しんけいそうしょう）
IE_Name/2128,Text,,灵玉砂,Spiritual Jade Grain,霊玉砂（れいぎょくさ）
IE_Name/2129,Text,,囚魂锁,Soul-Capturing Chain,囚魂鎖（しゅうこんさ）
IE_Name/2130,Text,,赤色大剑,Crimson Greatsword,赤い大剣（あかいたいけん）
IE_Name/2131,Text,,赤龙齿,Crimson Dragon Tooth,赤龍牙（せきりゅうが）
IE_Name/2132,Text,,骨灰盒,Ash Urn,骨壺（こつつぼ）
IE_Name/2133,Text,,连心锁,Heart Link,連心鎖（れんしんさ）
IE_Name/2134,Text,,白绫,White Ribbon,白綾（しろあや）
IE_Name/2135,Text,,生息之种,Seed of Vitality,生息の種（せいそくのたね）
IE_Name/2136,Text,,破土之芽,Shooting Sprout,破土の芽（はどのめ）
IE_Name/2137,Text,,向天之菁,Skyward Sapling,向天菁華（こうてんせいか）
IE_Name/2138,Text,,盘桓之韧,Coiling Tenacity,盤桓たる靭（ばんかんたるじん）
IE_Name/2139,Text,,栖霞之木,Cloud Nest Wood,栖霞の木（そくかのき）
IE_Name/2140,Text,,永春之诺,Promise of Eternal Spring,永春の諾（えいしゅんのだく）
IE_Name/2141,Text,,饭锅,Rice Pot,釜（かま）
IE_Name/2142,Text,,时光沙,Sands of Time,時の砂（ときのすな）
IE_Name/2143,Text,,寒春花,Cold Spring Flower,寒春花（かんしゅんか）
IE_Name/2144,Text,,赤烟弹,Flare of Scarlet Smoke,赤煙弾（せきえんだん）
IE_Name/2145,Text,,五雷神机,Engine of Five-Thunder,五雷神機（ごらいしんき）
IE_Name/2146,Text,,人道剑-中庸,Human Path Sword - The Mean,人道剣・中庸（ちゅうよう）
IE_Name/2147,Text,,幽灵爪,Ghost Claw,幽霊の爪（ゆうれいのつめ）
IE_Name/2148,Text,,蚀花菌,Erosion Fungus,蝕花菌（しょくかきん）
IE_Name/2149,Text,,春藤御,Springvine Sovereign,春藤御（しゅんとうご）
IE_Name/2150,Text,,臼齿,Molar Tooth,臼歯（きゅうし）
IE_Name/2151,Text,,春液,Spring Sap,春液（しゅんえき）
IE_Name/2152,Text,,烈火饮,Blazing Draught,烈火飲（れっかいん）
IE_Name/2153,Text,,白鬼面,White Ghost Face,白鬼面（はくきめん）
IE_Name/2154,Text,,草衙令,Grass Court Decree,草衙令（そうがれい）
IE_Name/3,Text,,溃散,Disperse,崩れ
IE_Name/3001,Text,,赤锁,Scarlet Lock,赤鎖
IE_Name/3002,Text,,养尸,Corpse Cultivation,屍飼い
IE_Name/3003,Text,,灵震,Soul Tremor,霊震
IE_Name/3004,Text,,鬼道之主,Lord of Ghostly Path,鬼道の主
IE_Name/3005,Text,,魍魉行军,Fiend March,魑魅道中（ちみどうちゅう）
IE_Name/3006,Text,,阴兵防御,Netherworld Soldier's Defense,陰兵防御
IE_Name/3007,Text,,灵弓,Arcus,雷矢
IE_Name/3008,Text,,春神使,Spring Goddess's Herald,春神使い
IE_Name/3009,Text,,三三阵,Triple Formation,三三陣
IE_Name/301,Text,,雷反,Lightning Counter,雷返し
IE_Name/3010,Text,,回愈,Recurring Heal,回癒
IE_Name/3011,Text,,游方歌,Wanderer's Song,遊方歌
IE_Name/3012,Text,,逆-唤灵,Reverse - Spirit Summoner,逆-喚霊
IE_Name/3013,Text,,降灵,Spirit Descent,口寄せ
IE_Name/3014,Text,,唤灵-借风,Spirit Summoner - Borrow Wind,喚霊-風借り
IE_Name/3015,Text,,草人之咒,Straw Man's Curse,案山子の呪い
IE_Name/3016,Text,,穿心草人,Heart-Piercing Straw Man,串刺し案山子（かかし）
IE_Name/3017,Text,,雷震,Thunder Shock,雷震
IE_Name/3018,Text,,雷之核,Lightning Core,雷の核
IE_Name/3019,Text,,石壳,Stone Shell,石の甲羅
IE_Name/302,Text,,防御,Defense,防御
IE_Name/3020,Text,,呱之歌,Frog Song,ゲロの歌
IE_Name/3021,Text,,睚眦必报,Ever Vengeful,睚眦必報（がいさいひほう）
IE_Name/3022,Text,,决睚之眼,Gaze of Vengeance,決睚（ぜつがい）の眼
IE_Name/3023,Text,,嘲风羽,Gust Mocker's Feather,嘲風羽
IE_Name/3024,Text,,魅惑之眼,Enchanting Gaze,魅惑の眼
IE_Name/3025,Text,,银蛇之鳞,Silver Serpent Scales,銀蛇のうろこ
IE_Name/3026,Text,,巨蜥硬甲,Varanid Armor,巨蜥硬甲（きょとかげこうこう）
IE_Name/3027,Text,,巨蜥之舞,Varanid Dance,巨蜥の舞
IE_Name/3028,Text,,灵躯,Spiritual Body,霊体
IE_Name/3029,Text,,冥龟玄甲,Mystic Turtle's Armor,冥亀玄甲（めいきげんこう）
IE_Name/303,Text,,狂性,Mania,狂暴
IE_Name/3030,Text,,龟虽寿,Turtle's Longevity,亀の命
IE_Name/3031,Text,,孽天眼-死生,Eye of Sin - Life in Death,孽天眼（げつてんがん）-死生
IE_Name/3032,Text,,文法-寿终,Literature - End of Life,文法-命尽き
IE_Name/3033,Text,,碎石之躯,Body of Shattered Stone,砕石の体
IE_Name/3034,Text,,骚狐狸之吻,Naughty Fox's Kiss,狐の口付け
IE_Name/3035,Text,,九尾-妖躯缠舞,Nine-Tail - Entwined Dance,玉藻姫-縛りの舞
IE_Name/3036,Text,,灵肉吮吸,Siphon of Flesh & Soul,霊肉収奪
IE_Name/3037,Text,,欢愉-神魂同调,Bliss - Soul Tuner,歓愉-神魂同調
IE_Name/3038,Text,,躯魄,Physical Soul,躯魄
IE_Name/3039,Text,,毒翅,Toxic Wings,毒翼
IE_Name/304,Text,,灵压,Spiritual Pressure,霊圧
IE_Name/3040,Text,,龙篾,Dragon Strip,龍篾（りゅうべつ）
IE_Name/3041,Text,,嫁枝,Bridal Branch,婚枝（こんし）
IE_Name/3042,Text,,桃花,Peach Blossom,桃花
IE_Name/3043,Text,,孔雀开屏,Peacock's Display,孔雀の羽根開き
IE_Name/3044,Text,,欠抽,Asking for Whips,殴られたい
IE_Name/3045,Text,,天雷之心,Lightning Heart,天雷の心
IE_Name/3046,Text,,窃书之墨,Ink of Stolen Books,窃書（せっしょ）の墨
IE_Name/3047,Text,,镇雷令,Lightning Queller,鎮雷令
IE_Name/3048,Text,,劫雷重响,Echoes of Tribulation Lightning,劫雷重響
IE_Name/3049,Text,,雷寂,Thunder Silence,雷寂
IE_Name/305,Text,,怒意,Rage,激怒
IE_Name/3050,Text,,御雷铠,Lightning Ward Armor,御雷鎧
IE_Name/3051,Text,,圣人曰：哥哥你弄疼我了……,The Sage Said: Babe you hurt me...,聖人曰く：お兄ちゃん、痛いよ…
IE_Name/3052,Text,,浩然正气,Righteous Ardor,浩然正気（こうぜんせいき）
IE_Name/3053,Text,,时光如隙,Elapsing Time,時は瞬き
IE_Name/3054,Text,,昨日之梦,Yesterday's Dream,往日の夢
IE_Name/3055,Text,,遗失之忆,Lost Memories,失われた記憶
IE_Name/3056,Text,,木盾格挡,Wood Shield Block,木盾抵抗
IE_Name/3057,Text,,风月经,Romance Sutra,風月経（ふうげつきょう）
IE_Name/3058,Text,,狂狗,Maniac Dog,狂い犬
IE_Name/3059,Text,,阳气激发,Yang Energy Activation,陽気激発
IE_Name/306,Text,,龙威,Dragon's Presence,龍威
IE_Name/3060,Text,,狗哨,Dog Whistle,犬笛
IE_Name/3061,Text,,未亡人妻,Widowed Wife,未亡人妻
IE_Name/3062,Text,,感谢大王遮风挡雨,Thanks to Your Majesty for the sheltering,お守りくださりありがとうございます
IE_Name/3063,Text,,阿萎会感谢大王的,Wimpie will be grateful to Your Majesty,萎男は大王に感謝いたします
IE_Name/3064,Text,,燃烧命脉,Lifeline Ablaze,命脈燃焼
IE_Name/3065,Text,,回光返照,Last Rally,回光返照
IE_Name/3066,Text,,背生邪眼,Evil Eye on the Back,背生邪眼
IE_Name/3067,Text,,鞭挞者,Flogger,鞭打者
IE_Name/3068,Text,,邪魔烙印,Evil's Stigma,邪魔の烙印
IE_Name/3069,Text,,娇泣之雨,Sobbing Rain,嬌泣（きょうきゅう）の雨
IE_Name/307,Text,,杀意,Killing Malice,殺意
IE_Name/3070,Text,,推股,Hip Pusher,股押し
IE_Name/3071,Text,,虚空王座,Void Throne,虚空王座
IE_Name/3072,Text,,虚空禁锢,Void Shackle,虚空金縛り
IE_Name/3073,Text,,云流之体,Body of Flowing Cloud,雲流れの体
IE_Name/3074,Text,,沉堕之雨,Rain of Decadence,沈堕の雨
IE_Name/3075,Text,,靡靡无根水,Decadent Rootless Water,靡靡（びび）無根水
IE_Name/3076,Text,,魔蛟之皮,Demonic Wyrm's Hide,魔蛟の皮
IE_Name/3077,Text,,噬欲之口,Desire-Devouring Maw,欲喰いの口
IE_Name/3078,Text,,妖躯,Yaoguai's Body,妖躯
IE_Name/3079,Text,,寄生之种,Parasitic Seed,寄生の種
IE_Name/308,Text,,抵抗,Resistance,抵抗
IE_Name/3080,Text,,唤剑,Sword Summoning,喚剣
IE_Name/3081,Text,,魔咒,Demonic Spell,魔呪
IE_Name/3082,Text,,机关造物,Mechanical Construct,からくり造物
IE_Name/3083,Text,,同步指令,Synchro Command,指令同期
IE_Name/3084,Text,,腐化之息,Breath of Corruption,腐化の息
IE_Name/3085,Text,,枯萎之心,Heart of Withering,枯れた心
IE_Name/3086,Text,,机关终端,Mechanical Terminal,からくり端末
IE_Name/3087,Text,,诅咒机关,Cursed Contraption,呪いのからくり
IE_Name/3088,Text,,碎心剑,Heart Shatter,砕心剣
IE_Name/3089,Text,,妖冶之心,Eerie Heart,妖冶の心
IE_Name/309,Text,,,,
IE_Name/3090,Text,,活死人之心,Heart of the Living Dead,生ける屍の心
IE_Name/3091,Text,,活死人之躯,Body of the Living Dead,生ける屍の肉体
IE_Name/3092,Text,,活死人的执念,Obsession of the Living Dead,生ける屍の執念
IE_Name/3093,Text,,半尸的残躯,Remnant of a Half-Corpse,半屍の残躯
IE_Name/3094,Text,,破碎的剑意,Shattered Sword Intent,砕かれた剣意
IE_Name/3095,Text,,渴血,Bloodthirst,血に渇く
IE_Name/3096,Text,,肉食动物,Carnivore,肉食動物
IE_Name/3097,Text,,吃货体质,Gourmand,食いしん坊
IE_Name/3098,Text,,血饲,Blood Feeder,血飼
IE_Name/3099,Text,,血祭,Blood Sacrifice,血祭
IE_Name/310,Text,,,,
IE_Name/3100,Text,,血灵珠,Blood Orb,血霊珠
IE_Name/31001,Text,,锁定天赋（灵弓手）,Locked Talent (Spiritual Archer),固定天賦（雷矢使い）
IE_Name/31004,Text,,锁定天赋（怨灵）,Locked Talent (Wraith),固定天賦（怨霊）
IE_Name/31007,Text,,锁定天赋（复生盾卫）,Locked Talent (Shield Revenant),固定天賦（楯衛）
IE_Name/3101,Text,,肉身炉鼎,Flesh Cauldron,肉体の炉鼎（ろてい）
IE_Name/31010,Text,,锁定天赋（怨骷髅）,Locked Talent (Wrathful Skull),固定天賦（怨霊髑髏）
IE_Name/31013,Text,,锁定天赋（秀锁）,Locked Talent (Lockie),固定天賦（錆鎖）
IE_Name/31018,Text,,锁定天赋（祸太岁）,Locked Talent (Calamity Lord),固定天賦（タコ姫）
IE_Name/3102,Text,,神选容器,Chosen Vessel,選ばれし器
IE_Name/31021,Text,,锁定天赋（疫蛊）,Locked Talent (Plague-Spawn),固定天賦（疫蠱）
IE_Name/31024,Text,,锁定天赋（烛龙姬）,Locked Talent (Zhuloong Princess),固定天賦（燭龍姫）
IE_Name/31027,Text,,锁定天赋（亡国姬）,Locked Talent (Fallen Princess),固定天賦（亡国姫）
IE_Name/3103,Text,,壮胆酒,Courage Brew,肝試しの酒
IE_Name/31032,Text,,锁定天赋（白骨剑鬼）,Locked Talent (Skeleton Swordancer),固定天賦（白骨鬼）
IE_Name/3104,Text,,蒙汗药,Knockout Drops,昏睡薬
IE_Name/31044,Text,,锁定天赋（灵方）,Locked Talent (Cubie),固定天賦（呪縁）
IE_Name/3105,Text,,法器,Ritual Artifact,法器
IE_Name/3106,Text,,剑诀,Sword Art,剣訣
IE_Name/3107,Text,,剑匣,Sword Case,剣匣（けんこう）
IE_Name/3108,Text,,请宝贝转身,"Turn around, my precious",振り向いて
IE_Name/3109,Text,,定魂,Soul Tranquilizer,定魂
IE_Name/311,Text,,,,
IE_Name/3110,Text,,杀剑,Slayer Sword,殺剣
IE_Name/3111,Text,,药香,Herb Fragrance,薬香
IE_Name/3112,Text,,紫叶春风,Purple Leaves & Spring Breeze,紫葉春風
IE_Name/3113,Text,,灵汁玉髓,Spirit Essence & Jade Marrow,霊汁玉髄（れいじゅうぎょくずい）
IE_Name/3114,Text,,灵咒法衣,Imbued Vestment,霊呪法衣
IE_Name/3115,Text,,炼丹,Alchemy Work,錬丹
IE_Name/3116,Text,,炸炉,Alchemy Failure,爆炉
IE_Name/3117,Text,,灵力汁液,Spiritual Energy Sap,霊力の汁
IE_Name/3118,Text,,替命,Life Substitution,命替り
IE_Name/3119,Text,,尸爆术,Corpse Explosion,屍爆術
IE_Name/312,Text,,破甲,Sunder Armor,破れ
IE_Name/3120,Text,,噬魂鬼域,Soul-Devouring Realm,噬魂鬼域
IE_Name/3121,Text,,炼魂邪幡,Soul Refinery Banner,煉魂邪幡（れんこんじゃはん）
IE_Name/3122,Text,,万鬼缚灵,Ghost Binder,万鬼縛霊（ばんきばくれい）
IE_Name/3123,Text,,鬼仙灵体,Body of Ghost Immortal,鬼仙霊体
IE_Name/3124,Text,,鬼仙缚印,Ghost Immortal Binding Seal,鬼仙縛印
IE_Name/3125,Text,,鬼仙咒,Ghost Immortal's Curse,鬼仙呪
IE_Name/3126,Text,,机偶灵甲,Puppet Armor,機偶霊甲
IE_Name/3127,Text,,镇灵,Spirit Queller,鎮霊
IE_Name/3128,Text,,定阵,Formation Stabilizer,定陣
IE_Name/3129,Text,,仙气,Immortal Qi,仙気
IE_Name/313,Text,,法穿,Magic Penetration,法術貫通
IE_Name/3130,Text,,翻天,Heaven Overturned,翻天
IE_Name/3131,Text,,翻天印,Celestial Overturn Seal,翻天印
IE_Name/3132,Text,,契命绝阵,Pact of Fate Formation,契命絶陣（けいめいぜつじん）
IE_Name/3133,Text,,天数有尽,Shackled Fate,天数有尽
IE_Name/3134,Text,,无相赋型,Formless Shaping,無相賦型
IE_Name/3135,Text,,镜返,Mirror Reflection,鏡返し
IE_Name/3136,Text,,跃龙门,Leaping the Dragon Gate,躍龍門
IE_Name/3137,Text,,手贱,Itchy Fingers,手癖
IE_Name/3138,Text,,蜗牛的小嫩肉,Snail's Tender Flesh,蝸の軟らかい肉
IE_Name/3139,Text,,我是小青龙！,I Am the Little Azure Dragon!,我青龍なり！
IE_Name/314,Text,,攻击力,Attack,攻撃力
IE_Name/3140,Text,,小青龙哈气,Little Azure Dragon's Hiss,小青龍の威嚇
IE_Name/3141,Text,,水鳞,Scales of Water,水鱗
IE_Name/3142,Text,,钳击,Pincer Strike,鉗撃（かんげき）
IE_Name/3143,Text,,垃圾，好吃,"Trash, yummy",ゴミ、美味しい
IE_Name/3144,Text,,潮喷光光惹,Exhausting Gushing,潮吹き全開
IE_Name/3145,Text,,雷劫,Lightning Tribulation,雷劫
IE_Name/3146,Text,,化龙怨,Resentment of Dragon Ascension,化龍怨
IE_Name/3147,Text,,应劫,Tribulation Trigger,応劫
IE_Name/3148,Text,,虫鸣,Insects Chirping,虫鳴き
IE_Name/3149,Text,,蝗灾,Locust Plague,蝗害
IE_Name/315,Text,,攻击降低,ATK Down,攻撃低下
IE_Name/3150,Text,,护身剑,Guardian Sword,護身剣
IE_Name/3151,Text,,往生曲,Reincarnation Chant,往生曲
IE_Name/3152,Text,,音波劲,Sound Wave Force,音波勁（おんぱけい）
IE_Name/3153,Text,,往生曲-回响,Reincarnation Chant - Echo,往生曲-回響
IE_Name/3154,Text,,天魔之眼,Demonic Eye,天魔の眼
IE_Name/3155,Text,,护身葫芦,Guardian Gourd,護身瓢箪
IE_Name/3156,Text,,清白之剑,Sword of Purity,清白の剣
IE_Name/3157,Text,,定身术,Immobilization,定身術
IE_Name/3158,Text,,叩门,Door Knocker,扉叩き
IE_Name/3159,Text,,射击,Shooting,射撃
IE_Name/316,Text,,卡牌强度降低,Card Power Down,カード強度低下
IE_Name/3160,Text,,刚甲盾,Ironclad Shield,剛甲盾
IE_Name/3161,Text,,阵列,Formation,陣列
IE_Name/3162,Text,,龙血术,Dragon Blood Spell,龍血術
IE_Name/3163,Text,,岁月（伪）,Aging (Pseudo),歳月（偽）
IE_Name/3164,Text,,血岁,Blood Age,血歳
IE_Name/3165,Text,,升灵术,Ascension Spell,昇霊術
IE_Name/3166,Text,,符眼,Eye of Sigils,符眼
IE_Name/3167,Text,,天地本源-阴,Primordial Essence - Yin,天地本源-陰
IE_Name/3168,Text,,天地本源-阳,Primordial Essence - Yang,天地本源-陽
IE_Name/3169,Text,,天理暂凭,Vessel of Principles,天理暫凭（てんりざんひょう）
IE_Name/317,Text,,攥紧,Clench,掴み
IE_Name/3170,Text,,天道压制,Heavenly Suppression,天道圧制
IE_Name/3171,Text,,燃命问天,Fatal Seeker,燃命問天
IE_Name/3172,Text,,文法-大道之行,Literature - Way of Tao,文法-大道之行
IE_Name/3173,Text,,岁月-凡人史书,Ages - Chronicles of Man,歳月-凡人史書
IE_Name/3174,Text,,律令-即刻问斩,Order - Execution Now,律令-即刻問斬
IE_Name/3175,Text,,墨剑-扫清,Ink Sword - Clearance,墨剣-掃清
IE_Name/3176,Text,,清浊之扇,Paradox Fan,清濁の扇
IE_Name/3177,Text,,清气之灵,Spirit of Purity,清気の霊
IE_Name/3178,Text,,浊气根须,Roots of Miasma,濁気の根
IE_Name/3179,Text,,浊气灵脉,Miasma Veins,濁気霊脈
IE_Name/318,Text,,阳气,Yang Energy,陽気
IE_Name/3180,Text,,清气涤荡,Purification of Pure Energy,清気蕩蕩
IE_Name/3181,Text,,浊气沉积,Miasma Sediment,濁気沈積
IE_Name/3182,Text,,清风,Wind of Purity,清風
IE_Name/3183,Text,,浊脉,Turbid Pulse,濁脈
IE_Name/3184,Text,,气运庇护,Fortune's Protection,気運庇護
IE_Name/3185,Text,,阴司,Netherworld,陰司
IE_Name/3186,Text,,好，杀的好啊！,"Yes, a good kill!",痛快な殺しだ！
IE_Name/3187,Text,,幽冥之息,Breath of Netherworld,幽冥の息
IE_Name/3188,Text,,汲血之齿,Siphoner Fang,汲血の歯
IE_Name/3189,Text,,幽冥令牌,Netherworld Token,幽冥紋章
IE_Name/319,Text,,阴气,Yin Energy,陰気
IE_Name/3190,Text,,饕餮之噬,Taotie's Maw,饕餮（とうてつ）の噬
IE_Name/3191,Text,,这是什么？吸一口！,What's this? Lemme take a sip!,何これ？吸おう！
IE_Name/3192,Text,,不可以摸摸哦,No fondling allowed!,触っちゃダメよ
IE_Name/3193,Text,,一笔勾销,Stroke of Erasure,一切破算
IE_Name/3194,Text,,生死有录,Destined Fate,生死有録
IE_Name/3195,Text,,契约之奴,Slave by Contract,契約の奴隷
IE_Name/3196,Text,,绘涩,Eros,絵渋（えじゅう）
IE_Name/3197,Text,,哀鸣,Lament,哀鳴
IE_Name/3198,Text,,悟剑,Sword Revelation,悟剣
IE_Name/3199,Text,,嘎——嘎！嘎！,Gah—Gah! Gah!,ガ――ガ！ガ！
IE_Name/320,Text,,红尘魅惑,Mortal Temptation,紅塵魅惑（こうじんみわく）
IE_Name/3200,Text,,归去来兮,The Great Returning,いざ帰りなん
IE_Name/3201,Text,,妙法葫芦,Mystique Gourd,妙法瓢箪
IE_Name/3202,Text,,驭灵斩,Spiritual Slash,馭霊斬（ぎょれいざん）
IE_Name/3203,Text,,枯荣之理,Principle of Wither and Bloom,枯栄の理（こえいのことわり）
IE_Name/3204,Text,,朝生夕死,Fleeting Life,朝生夕死（ちょうせいゆうし）
IE_Name/3205,Text,,神灵之盾,Shield of Deity,神霊の盾（しんれいのたて）
IE_Name/3206,Text,,飞来——飞去——,Fly—forth and back,ヒュー シュー
IE_Name/3207,Text,,晶壳,Crystal Shell,晶殻（しょうかく）
IE_Name/3208,Text,,无字纸,Wordless Paper,無字紙（むじし）
IE_Name/3209,Text,,腐壳执念,Obsession of Rotting Shell,腐殻執念（ふかくしゅうねん）
IE_Name/321,Text,,脱水,Dehydration,脱水（だっすい）
IE_Name/3210,Text,,幼芽新生,Newborn Sprout,幼芽新生（ようがしんせい）
IE_Name/3211,Text,,灵卫,Spiritual Guard,霊衛（れいえい）
IE_Name/3212,Text,,神侍,Divine Servant,神侍（しんじ）
IE_Name/3213,Text,,青藤缚,Ivy Strangling,青藤縛（せいとうばく）
IE_Name/3214,Text,,梦中蝶,Butterfly in a Dream,夢中蝶（むちゅうちょう）
IE_Name/3215,Text,,魂灵,Grand Soul,魂霊（こんれい）
IE_Name/3216,Text,,大江东去,Torrent of Time,大江東去
IE_Name/3217,Text,,长河落日,Setting Sun,長河落日
IE_Name/3218,Text,,复苏之理,Principle of Revival,蘇生の理（そせいのことわり）
IE_Name/3219,Text,,春藤,Vernal Vine,春藤（しゅんとう）
IE_Name/322,Text,,阳气之种,Seed of Yang,陽気の種（ようきのたね）
IE_Name/3220,Text,,虚幻之藤,Illusory Vine,虚幻の藤（きょげんのふじ）
IE_Name/3221,Text,,种子壳,Seed Shell,種の殻（たねのから）
IE_Name/3222,Text,,草藤,Grass Vine,草藤（そうとう）
IE_Name/3223,Text,,小馋虎,Foodie Tiger Cub,食いしん坊虎（くいしんぼうとら）
IE_Name/3224,Text,,吃饱了就是有力气,"Full Belly, Full Power",食べなきゃ力が出ない（たべなきゃちからがでない）
IE_Name/3225,Text,,护食,Food Guarding,護食（ごしょく）
IE_Name/3226,Text,,山珍,Mountain Delicacy,山珍（さんちん）
IE_Name/3227,Text,,海味,Luxury Seafood,海味（かいみ）
IE_Name/3228,Text,,残影,Afterimage,残影（ざんえい）
IE_Name/3229,Text,,武人之血,Martial Artist's Blood,武人の血（ぶじんのち）
IE_Name/323,Text,,阴气之种,Seed of Yin,陰気の種（いんきのたね）
IE_Name/3230,Text,,硬拳,Rigid Fist,硬拳（こうけん）
IE_Name/3231,Text,,龙烟令,Token of Dragon Smoke,龍煙令（りゅうえんれい）
IE_Name/3232,Text,,斩立决,Immediate Execution,即斬（そくざん）
IE_Name/3233,Text,,神明？,Deity?,神明？（しんめい）
IE_Name/3234,Text,,同命纸,Paper of Shared Destiny,同命紙（どうめいし）
IE_Name/3235,Text,,寄生种子,Parasite Seed,寄生種子（きせいしゅし）
IE_Name/3236,Text,,扭曲之灵,Twisted Spirit,ねじれた霊（ねじれたれい）
IE_Name/3237,Text,,侵蚀,Erosion,侵蝕（しんしょく）
IE_Name/3238,Text,,繁育妖王,Broodmother,繁殖妖王（はんしょくようおう）
IE_Name/3239,Text,,蛛丝茧,Cobweb Cocoon,蛛糸繭（じゅいとまゆ）
IE_Name/324,Text,,宿命,Destiny,宿命（しゅくめい）
IE_Name/3240,Text,,存在之理,Principle of Existence,存在の理（そんざいのことわり）
IE_Name/3241,Text,,春神之呓,Spring Goddess's Whisper,春神の呟き（はるがみのつぶやき）
IE_Name/3242,Text,,春雷织雨,Curtain of Spring Storm,春雷織雨（しゅんらいしきう）
IE_Name/3243,Text,,肆意之春,Rampant Spring,奔放なる春（ほんほうたるはる）
IE_Name/3244,Text,,宰种！单挑啊！,You Bastard! Duel Me!,ザコめ！タイマンだ！
IE_Name/3245,Text,,紫霄剑道,Violet Firmament Swordplay,紫霄剣道（ししょうけんどう）
IE_Name/3246,Text,,毒血剑,Venomblood Sword,毒血剣（どくけつけん）
IE_Name/325,Text,,预标记,Pre-Mark,準マーク（じゅんマーク）
IE_Name/4,Text,,虚弱,Asthenia,衰弱
IE_Name/401,Text,,流逝,Elapse,流れ
IE_Name/402,Text,,血祭,Blood Sacrifice,血祭
IE_Name/403,Text,,灵契,Spiritual Pact,霊契（れいけい）
IE_Name/404,Text,,心眼,Mind's Eye,心眼
IE_Name/405,Text,,生符,Life Sigil,生の札
IE_Name/406,Text,,死符,Death Sigil,死の札
IE_Name/407,Text,,清脉,Purifying Pulse,清脈
IE_Name/408,Text,,浊脉,Turbid Pulse,濁脈
IE_Name/409,Text,,灵契,Spiritual Pact,霊契（れいけい）
IE_Name/410,Text,,,,
IE_Name/411,Text,,心欲流泉-寸止,Fountain of Desires - Halt Before Climax,心欲流泉-寸止
IE_Name/5,Text,,沉默,Silence,沈黙
IE_Name/501,Text,,!!!,!!!,！！！
IE_Name/502,Text,,磐石,Bedrock,磐石
IE_Name/503,Text,,最终boss,Final Boss,ラスボス
IE_Name/504,Text,,道中boss,Mini Boss,中間ボス
IE_Name/6,Text,,疫毒,Plague Toxin,疫毒
IE_Name/602,Text,,,,
IE_Name/603,Text,,,,
IE_Name/7,Text,,眩晕,Stun,スタン
IE_Name/8,Text,,,,
IE_Name/9,Text,,,,
Load_TipInfo/1,Text,,多个效果存在暴击时，概率独立计算，结果取最高值,"When multiple effects grant CRIT, the chances are calculated independently, and the highest value is applied",複数の会心効果が存在するとき、確率は個別に計算され、最大となる結果値が適用される
Load_TipInfo/10,Text,,疫毒效果无视防御法抗，无视护盾和buff词条及所有独立乘区减伤效果,"Plague Toxin ignores Defense, Magic Resistance, Shield, buff modifiers, and damage reduction of all independent multipliers",疫毒効果は防御・魔法耐性・シールド・バフワードとすべての独立乗算のダメージ軽減効果を無視する
Load_TipInfo/11,Text,,真实伤害无视防御和护盾,True Damage ignores Defense and Shield,真実ダメージは防御とシールドを無視する
Load_TipInfo/12,Text,,战斗胜利后，可以“奖励”一名随从或获得一名新随从,"After winning a battle, you can ""reward"" a minion or get a new minion",戦闘勝利後、ミニオンに「褒美」を与えるか、新しいミニオンを1体獲得できる
Load_TipInfo/13,Text,,遇到卡死时，可以试试快速读档。如果可以提供bug信息，作者将感激不尽。玩家交流群：1026237061,"If the game freezes, try quick-reloading. We'd appreciate any bug reports. Player Group: 1026237061",フリーズした場合は、クイックロードを試してみてください。バグに関する情報を提供していただければ、大変嬉しく思います。プレイヤーコミュニティ：1026237061
Load_TipInfo/14,Text,,击败boss后，尸姬大人会提供更强力的特殊奖励,"After defeating a boss, the Lady Zombie will provide more powerful rewards",ボスを撃破したあと、屍姫さまはより強力な特別報酬を提供する
Load_TipInfo/15,Text,,攻击触发的事件可以触发攻击事件，但不能循环触发该装备的攻击事件,"Events triggered by an attack can trigger attack events, but cannot infinitely re-trigger an item's attack event",攻撃によって誘発された効果から、さらに攻撃誘発効果を発動できる。ただしその装備の攻撃効果を繰り返して発動できない
Load_TipInfo/16,Text,,据说是已故神明的神格结晶……尸姬大人有时也会自己捏几块玩。,Said to be the crystallized essence of departed deities... The Lady Zombie occasionally molds a few pieces herself for amusement.,亡くなった神の神格の結晶だという……屍姫さまも時々、自分でいくつか捏ねて作ることがある。
Load_TipInfo/17,Text,,敌人的等级代表数值的难度强化,Enemy levels represent stat scaling as per the difficulty,敵のレベルは数値の難易度強化を示す
Load_TipInfo/18,Text,,防御降低至负数时，会提高受到的伤害,"When Defense drops below zero, damage taken is increased",防御がマイナスまで下がると、受けるダメージが増加する
Load_TipInfo/19,Text,,对眩晕和虚弱的单位施加Debuff时，异常抗性计算为0,"When inflicting debuffs on units with [Stun] or [Asthenia], their Debuff Resistance is treated as 0",スタンや衰弱のユニットにデバフを付与するとき、デバフ耐性は0として計算される
Load_TipInfo/2,Text,,护盾会在防御，法抗，装备及天赋效果减伤后计算,"Shield is calculated after damage reduction from Defense, Magic Resistance, Items, and Talents",シールドは防御、魔法抵抗、装備、天賦効果によるダメージ軽減のあとに計算される
Load_TipInfo/20,Text,,生命移除效果无视护盾和所有减伤效果，无法触发被击事件，无法致死,"HP Removal ignores Shield and any damage reduction, cannot trigger hit events, and is non-lethal",体力除去効果はシールドとすべてのダメージ軽減効果を無視する、被撃としてみなさず、撃破不能。
Load_TipInfo/21,Text,,部分关卡的恶趣味会开启隐藏boss，挑战前请做好准备,Sick Humors in certain stages will unlock a hidden boss. Be prepared before challenging them,一部のステージでは、「悪趣味」によって隠しボスが解放されます。挑戦する前に準備しておきましょう。
Load_TipInfo/22,Text,,尸姬大人永远不会输的，您可以随时选择从上一轮或本场战斗开始时重来。,The Lady Zombie never loses. You may choose to retry from the previous round or the start of the current battle.,屍姫さまは絶対に負けません。いつでも前のラウンド、または今回の戦闘開始時からやり直せます。
Load_TipInfo/23,Text,,作弊：PowerOverWhelming,Cheat: PowerOverWhelming,チート：PowerOverWhelming
Load_TipInfo/24,Text,,同样的随从至多携带两个，用不同颜色区分,"You can carry up to 2 identical minions, which are distinguished by colors",同じミニオンは最大2体まで編成でき、異なる色で区別される。
Load_TipInfo/3,Text,,全伤害加成与普通（卡牌/真实）伤害加成互为独立乘区,All-damage bonuses and Basic (Card/True) Damage bonuses are mutually independent multipliers,すべてのダメージボーナスと通常（カード/真実）ダメージボーナスは独立乗算関係にある
Load_TipInfo/4,Text,,真实伤害享受普通/卡牌伤害加成，数值与真伤加成在同一乘区,"True Damage enjoys Basic/Card Damage bonuses, and is additive with True Damage bonuses",真実ダメージは通常/カードダメージボーナスを受ける。数値は真実ダメージボーナスと同じ系統にある
Load_TipInfo/5,Text,,任何方式弃牌时均会触发弃牌效果,Discarding cards in any way will trigger the discard effects,いかなる方法でカードを捨てても破棄効果を発動する
Load_TipInfo/6,Text,,使用嘲讽后，会重置敌人的攻击目标,Using Taunt resets the enemies' attack targets,挑発を使用したあと、敵の攻撃ターゲットをリセットする
Load_TipInfo/7,Text,,多个专属效果可以叠加,Multiple exclusive effects can stack,複数の専属効果は同時に有効になる
Load_TipInfo/8,Text,,异常状态抗性至多100%，每层debuff单独计算。,Debuff Resistance caps at 100%. Each stack is calculated individually.,デバフ耐性は最大100%まで、デバフはスタックごとに個別に計算される
Load_TipInfo/9,Text,,每点防御减少1点所受伤害,1 Defense reduces 1 damage taken,防御1につき受けるダメージを1軽減する
Load_TipName/1,Text,,暴击,Critical Hit,会心（かいしん）
Load_TipName/10,Text,,疫毒,Plague Toxin,疫毒（えきどく）
Load_TipName/11,Text,,真实伤害,True Damage,真実ダメージ
Load_TipName/12,Text,,奖赏,Rewards,褒美（ほうび）
Load_TipName/13,Text,,卡死,Game Freeze,フリーズ
Load_TipName/14,Text,,Boss奖励,Boss Rewards,ボス報酬（ボスほうしゅう）
Load_TipName/15,Text,,触发,Trigger,発動（はつどう）
Load_TipName/16,Text,,碎神玉,Deity Shards,砕神玉
Load_TipName/17,Text,,敌人的等级,Enemy Level,敵のレベル（てきのレベル）
Load_TipName/18,Text,,防御,Defense,防御（ぼうぎょ）
Load_TipName/19,Text,,眩晕/虚弱,Stun/Asthenia,スタン/衰弱（すいじゃく）
Load_TipName/2,Text,,护盾,Shield,シールド
Load_TipName/20,Text,,生命移除,HP Removal,体力除去（たいりょくじょきょ）
Load_TipName/21,Text,,隐藏boss,Hidden Boss,隠しボス（かくしボス）
Load_TipName/22,Text,,战斗失败,Defeat,戦闘敗北（せんとうはいぼく）
Load_TipName/23,Text,,~,~,～
Load_TipName/24,Text,,随从上限,Minion Limit,ミニオン上限（ミニオンじょうげん）
Load_TipName/3,Text,,伤害,Damage,ダメージ
Load_TipName/4,Text,,真伤,True DMG,真実ダメージ（しんじつダメージ）
Load_TipName/5,Text,,弃牌,Discarding Cards,捨てる（すてる）
Load_TipName/6,Text,,嘲讽,Taunt,挑発（ちょうはつ）
Load_TipName/7,Text,,装备,Items,装備（そうび）
Load_TipName/8,Text,,Debuff,Debuffs,デバフ
Load_TipName/9,Text,,减伤,DMG Reduction,ダメージ軽減（ダメージけいげん）
ReEX_Info_A/1,Text,,任意方式使用卡牌后，对卡牌指向目标造成（0.8水灵根）点法术伤害,,
ReEX_Info_A/10,Text,,攻击力提高20%，普攻后【汲取】攻击力提高至5点,Attack +20%. [Drain] 5 Attack per Basic Attack,攻撃力が20%増加する、通常攻撃で「吸収」する攻撃力は5まで増加する。
ReEX_Info_A/100,Text,,每回合开始时，50%概率对随机敌人释放《心欲流泉-极乐》（视为卡牌事件)（不论是否学习），每被击一次，下次触发概率提高20%,,
ReEX_Info_A/101,Text,,自身任意方式攻击【眩晕】的敌人时，追加水灵根相关的法术伤害,,
ReEX_Info_A/102,Text,,自身左右单位获得护盾翻倍并解除一种异常状态,The 2 adjacent units gain 2x Shield and remove 1 debuff,隣接ユニットが得るシールドが倍増し、デバフを1種解除する。
ReEX_Info_A/103,Text,,任意单位均能触发【红熏】效果,Any unit can now trigger [Red Brush],すべてのユニットが「紅染」の効果を発動できる。
ReEX_Info_A/104,Text,,费用+1，叠加【虚弱】改为【眩晕】,Cost +1. Inflict [Stun] instead of [Asthenia],コスト+1、「衰弱」の代わりに「スタン」を付与する。
ReEX_Info_A/105,Text,,累计使用4张【风】卡牌后，执行一次【全局抽牌】,,
ReEX_Info_A/106,Text,,回合开始时，睁开一只【心眼】,,
ReEX_Info_A/107,Text,,若飞剑数大于4，额外执行一次自身抽牌,Perform an extra [Self Draw] if the number of flying swords >4,飛剣が4本を超えている場合、「単体ドロー」を1回実行する。
ReEX_Info_A/108,Text,,自身和左右单位【抽牌】后，自身行动次数+1,,
ReEX_Info_A/109,Text,,伤害类型变为真实伤害,Deal True Damage instead,真実ダメージになる。
ReEX_Info_A/11,Text,,防御+10，法抗+10,,
ReEX_Info_A/110,Text,,普攻后，将一张《心眼》加入手牌，该卡牌可以为任意单位添加【心眼】效果,"After a Basic Attack, add 1 <Mind's Eye> to hand, which can be used to grant [Mind's Eye] to any allied unit",通常攻撃後、『心眼』を1枚手札に加える。このカードは任意のユニットに「心眼」の効果を与えられる。
ReEX_Info_A/111,Text,,每回合开始时，损失5%最大生命值（不致死)，对相邻的1/2名敌人造成损失血量相关的法术伤害,,
ReEX_Info_A/112,Text,,本回合未受到敌人攻击时，获得<#BuffCount#>朝讽,,
ReEX_Info_A/113,Text,,伤害翻倍,Damage x2,ダメージが倍増する。
ReEX_Info_A/114,Text,,【虚弱】效果改为【眩晕】,Inflict [Stun] instead of [Asthenia],「衰弱」の代わりに「スタン」を付与する。
ReEX_Info_A/115,Text,,回合结束时，每剩余一次行动次数，触发一次溺死的鱼,,
ReEX_Info_A/116,Text,,任意【妖怪】死亡后，自身获得1层【龙威】,,
ReEX_Info_A/117,Text,,对带【龙威】的敌人，伤害提高50%（独立乘区）,,
ReEX_Info_A/118,Text,,全场己方汲取效果提高50%（向上取整）,All allies [Drain] 50% more (rounded up),すべての味方ユニットの吸収効果が50%増加する（切り上げ）。
ReEX_Info_A/119,Text,,费用-1每次释放后，获得一张僵尸之血,Cost -1. Grant 1 <Zombie Blood> after each use,コスト-1、使用するごとに僵屍の血を1枚獲得する。
ReEX_Info_A/12,Text,,费用+1，不再获得护盾，改为获得【雷反】效果,"Cost +1, no longer gain Shield, but gain [Lightning Counter] instead",コスト+1、シールドの代わりに「雷返し」効果を得る。
ReEX_Info_A/120,Text,,【汲取】量提高50%,[Drain] 50% more,「吸収」量が50%増加する。
ReEX_Info_A/121,Text,,,,
ReEX_Info_A/122,Text,,费用-1，获得【雷反】翻倍,Cost -1. Grant 2x stacks of [Lightning Counter],コスト-1、付与される「雷返し」が倍増する。
ReEX_Info_A/123,Text,,不再获得【雷反】，改为追加【眩晕】效果,"No longer grant [Lightning Counter], but inflict [Stun] instead",「雷返し」を得る代わりに「スタン」を追加する。
ReEX_Info_A/124,Text,,被击后获得的【攻击力】和【灵压】，提高至【雷反】层数的2倍,Increase the [Attack] and [Spirit Pressure] gained on being hit to 2x the number of [Lightning Counter] stacks,攻撃されるときに得る「攻撃力」と「霊圧」は「雷返し」ストック数の2倍になる。
ReEX_Info_A/125,Text,,本回合任意单位任意方式造成一次真实伤害，回合结束时，为自身填充3点护盾,,
ReEX_Info_A/126,Text,,本回合剩余行动次数时，获得一张《摆烂》,,
ReEX_Info_A/127,Text,,变为真实伤害,,
ReEX_Info_A/128,Text,,左右单位剩余行动次数，各自获得1张《摆烂》,,
ReEX_Info_A/129,Text,,手中每有一张《摆烂》，护盾额外+10%,,
ReEX_Info_A/13,Text,,回合开始时，解除自身及左右单位1种负面状态,,
ReEX_Info_A/130,Text,,累计丢弃一张水，一张火后，执行一次全局抽牌,,
ReEX_Info_A/131,Text,,任意单位死亡时，随机汲取一名敌人1点全属性。,,
ReEX_Info_A/132,Text,,本次战斗每死亡一名单位额外叠加2层【猛毒】,,
ReEX_Info_A/133,Text,,任意单位任意方式使用【旁门】卡牌时，触发陪葬,,
ReEX_Info_A/134,Text,,获得增值标签，同时【汲取】等量水灵根,,
ReEX_Info_A/135,Text,,任意单位任意方式造成法术伤害时，25%概率释放一次《瘴域》（视为卡牌事件）,,
ReEX_Info_A/136,Text,,任意单位任意方式使用【火】卡牌后，自身获得1层【怒意】,,
ReEX_Info_A/137,Text,,费用+1，每拥有一层龙威，造成伤害提高10%,Cost +1. +10% damage dealt per stack of [Dragon's Presence],コスト+1、龍威1ストックごとに与えるダメージが10%増加する。
ReEX_Info_A/138,Text,,一轮战斗中，灰烬之眼每触发一次，叠加的Debuff层数+2,"Each time [Eye of Ashes] is triggered within a battle, inflict +2 more stacks of debuffs",1回の戦闘で灰燼の眼が発動するごとに、付与するデバフのストック数+2。
ReEX_Info_A/139,Text,,每拥有一层龙威，造成伤害提高15%,+15% damage dealt per stack of [Dragon's Presence],付与されている龍威1ストックごとに、与えるダメージが15%増加する。
ReEX_Info_A/14,Text,,费用+1，同时获得该层数2倍的【雷反】,Cost +1 and gain 2x stacks of [Lightning Counter],コスト+1、そのストックの2倍の「雷返し」を得る。
ReEX_Info_A/140,Text,,"灰烬之眼每触发一次，获得【怒意】增加1层
回合结束时重置计数",,
ReEX_Info_A/141,Text,,一轮战斗中，灰烬之眼每触发一次，叠加的Debuff层数+1,,
ReEX_Info_A/142,Text,,战斗开始时，场上每存在一组重复的己方随从，获得其未升级的被动技能。,"At the start of battle, for each pair of duplicate allied minions on the field, gain their un-upgraded passive abilities",戦闘開始時、フィールドに同じ味方ミニオンが1対あるごとに、そのミニオンのアップグレードしていないパッシブスキルを獲得する。
ReEX_Info_A/143,Text,,费用+1，获得【增值】标签，增值后，会提高重复卡牌的使用次数,"Cost +1. Add the [Value-Up] tag, which increases the number of times duplicate cards are used",コスト+1、ワード「増殖」を獲得する。増殖後、重複カードの使用回数を増加する。
ReEX_Info_A/144,Text,,费用-1，不再击退目标，改为施加3层【攥紧】,Cost -1. No longer knock back the target but inflict 3 [Clench] instead,コスト-1、ターゲットをノックバックする代わりに「掴み」を3ストック付与する。
ReEX_Info_A/145,Text,,回合结束时，所有【风】【火】卡牌费用-1,"At the end of the turn, -1 cost for all [Wind] and [Fire] cards",ターン終了時、すべての「風」「火」カードのコスト-1。
ReEX_Info_A/146,Text,,同时对目标左右随从造成等额伤害和【法穿】,Also deal equivalent damage to the units adjacent to the target and inflict [Magic Penetration],ターゲットの隣接ミニオンに同量のダメージと「法術貫通」を与える。
ReEX_Info_A/147,Text,,50%概率卡牌费用-2,50% chance to -2 card Cost,50%の確率でカードコスト-2。
ReEX_Info_A/148,Text,,任意己方单位护盾高于100/500/2000时，全伤害提高20/35/50,All damage +20/35/50 to any allied units with more than 100/500/2000 Shield,任意の味方ユニットのシールドが100/500/2000を超えている場合、すべてのダメージが20/35/50増加する。
ReEX_Info_A/149,Text,,费用+1，获得【待机】标签,Cost +1. Add the [Ready] tag,コスト+1、ワード「待機」を獲得する。
ReEX_Info_A/15,Text,,神铸巨盾获得护盾且受15%最大生命值加成,Divine Shield grants Shield with a 15% Max HP multiplier,神鍛巨大盾はシールドを付与し、体力上限15%のボーナスを受ける。
ReEX_Info_A/150,Text,,消耗所有护盾，造成伤害翻倍,"Consume all Shield, but damage dealt x2",すべてのシールドを消費し、与えるダメージが倍増する。
ReEX_Info_A/151,Text,,每点消耗灵力的加成提高至100%,+100% damage now for each point of [Mana] consumed,霊力を消費するごとに得られるボーナスが100%まで増加する。
ReEX_Info_A/152,Text,,费用+2，回复灵力减半，获得【随风】【唯一】标签,"Cost +2. Halve the [Mana] restored, but add the [Wind-Led] and [Unique] tags",コスト+2、回復する霊力が半減し、ワード「随風」「唯一」を獲得する。
ReEX_Info_A/153,Text,,获得伤害加成翻倍，且改为全伤害加成,Damage bonus x2 and affect all damage types,得られるダメージボーナスが倍増し、全ダメージボーナスになる。
ReEX_Info_A/154,Text,,去除【唯一】标签，移除生命减半,Remove the [Unique] tag and halve the HP amount removed,ワード「唯一」を取り除き、失う体力が半減する。
ReEX_Info_A/155,Text,,去除【遗忘】标签，【抵抗】层数翻倍,Remove the [Forgotten] tag. [Resistance] stacks x2,ワード「忘却」を取り除き、「抵抗」のストック数が倍増する。
ReEX_Info_A/156,Text,,任意非普通伤害暴击时，移除随机敌人3%最大生命值，剩余生命不足时，致死,"When any ally CRITs with non-Normal Damage: Remove 3% Max HP from a random enemy, killing it if the remaining HP is insufficient",非通常ダメージが会心するとき、ランダムな敵が体力上限の3%を失う。
ReEX_Info_A/157,Text,,每经过一回合，效果提高100%,+100% effect after each turn,1ターン経過するごとに、効果が100%増加する。
ReEX_Info_A/158,Text,,费用-2获得【血贷】标签,Cost -2. Add the [Blood Loan] tag,コスト-2、ワード「血の契り」を獲得する。
ReEX_Info_A/159,Text,,法相伤害提高至3倍，回合结束时魂力清零,Increase the damage of Dharma Avatar to 3x. Reset Soul Power to 0 at the end of the turn,法相のダメージが3倍に増加する。ターン終了時に魂力をリセットする。
ReEX_Info_A/16,Text,,任意方式弃牌后，自身及左右单位获得1层【抵抗】,,
ReEX_Info_A/160,Text,,左右单位获得护盾并自身获得嘲讽,The 2 adjacent units gain Shield and self gains [Taunt],隣接ユニットがシールドを得て、自身は挑発を得る。
ReEX_Info_A/161,Text,,费用+1，添加【眩晕】效果,"Cost +1, also [Stun] the target",コスト+1、「スタン」効果を加える。
ReEX_Info_A/162,Text,,普攻后，为尸姬大人献上尾巴条数的灵力,"After performing a Basic Attack, offer Mana to the Lady Zombie as per the number of tails",通常攻撃のあと、屍姫さまに尻尾の本数分の霊力をささげる。
ReEX_Info_A/163,Text,,费用+3，获得【待机】标签，并改为对敌方全体生效,"Cost +3. Now affect all enemies, and add the [Ready] tag",コスト+3、ワード「待機」を獲得し、すべての敵に有効になる。
ReEX_Info_A/164,Text,,费用+1，对相邻的2/3名敌人生效,"Cost +1, now affect 2/3 adjacent enemies",コスト+1、隣接する2/3名の敵に有効。
ReEX_Info_A/165,Text,,恢复量翻倍，作用范围扩大至所有己方单位,"Double the healing amount, and now cover all allied units",回復量が倍増し、効果範囲はすべての味方ユニット。
ReEX_Info_A/166,Text,,费用+1，施加【脱水】层数翻倍，恢复量翻倍,"Cost +1, double the stacks of [Dehydration] inflicted, and double the healing amount",コスト+1、付与する「脱水」ストックと回復量が倍増する。
ReEX_Info_A/167,Text,,每次触发时，获得3层【怒意】,"Each time triggered, gain 3 stacks of [Rage]",発動するたびに3ストックの「激怒」を得る。
ReEX_Info_A/168,Text,,造成伤害翻倍，变为真实伤害,Double the damage dealt and change it to True Damage,与えるダメージが倍増し、真実ダメージになる。
ReEX_Info_A/169,Text,,改为偷取左侧随从的所有装备效果,Steal instead all the item effects from the minion to the left,左側のミニオンのすべての装備効果を盗むようになる。
ReEX_Info_A/17,Text,,防御层数翻倍，获得【随风】标签,Double the Defense stacks and add the [Wind-Led] tag,防御ストックが2倍になる、ワード「随風」を獲得する。
ReEX_Info_A/170,Text,,费用-1，获得随风标签,Cost -1. Add the [Wind-Led] tag,コスト-1、ワード「随風」を獲得する。
ReEX_Info_A/171,Text,,费用+1，伤害翻倍，变为真实伤害,"Cost +1, damage x2 and deal True Damage",コスト+1、ダメージは2倍の真実ダメージになる。
ReEX_Info_A/172,Text,,生命值不足一半时，扩散效果翻倍,"When HP is below 50%, double the spread stacks",体力が半分未満の場合、拡散効果が倍増する。
ReEX_Info_A/173,Text,,费用+3，改为【眩晕】场上所有敌人,"Cost +3, and now [Stun] all enemies on the field",コスト+3、フィールド上のすべての敵を「スタン」させるようになる。
ReEX_Info_A/174,Text,,费用+1，获得【唯一】标签，不再生成飞剑，获得【灵压】翻倍并作用于所有己方单位,"Cost +1. Add the [Unique] tag, and no longer spawn flying swords. Double the [Spiritual Pressure] gained and apply to all allied units",コスト+1、ワード「唯一」を獲得する。飛剣を召喚しなくなる代わりに得られる「霊圧」が倍増し、すべての味方ユニットに有効。
ReEX_Info_A/175,Text,,回合开始时，所有敌人Debuff层数提高10%,"At the start of the turn, increase the debuff stacks of all enemies by 10%",ターン開始時、すべての敵のデバフのストックが10%増加する。
ReEX_Info_A/176,Text,,去除【自行】标签，对已拥有【阳气之种】/【阴气之种】的单位使用时，将原本层数向左右等额扩散,"Remove the [Autonomous] tag. When used on a unit that already has [Seeds of Yang] / [Seeds of Yin], spread the original stacks equally to adjacent units",ワード「自動」をなくし、「陽気の種」/「陰気の種」が付与されているユニットに使用するとき、元のストックを同量ずつ隣接ユニットに拡散する。
ReEX_Info_A/177,Text,,回复效果(伤害)翻倍,Double the healing (damage) effect,回復効果（ダメージ）が倍増する。
ReEX_Info_A/178,Text,,任意己方单位被击时，触发记仇效果,Trigger the [Grudge Holder] effect on any allied unit being hit,任意の味方ユニットが攻撃されたとき、恨み効果を発動する。
ReEX_Info_A/179,Text,,连续攻击次数+1,Consecutive attacks +1,連続攻撃回数+1。
ReEX_Info_A/18,Text,,【抵抗】效果同时作用于左右单位,The [Resistance] effect affects both adjacent units,「抵抗」は隣接する敵にも効果を与える。
ReEX_Info_A/180,Text,,获得【狂性】层数翻倍,Double the [Mania] stacks gained,得る「狂暴」のストックが倍増する。
ReEX_Info_A/181,Text,,主动丢弃《一刹》《回夜》《旬月》《百载》《上下五千年》后，重新将一张《一刹》加入手牌,"On actively discarding a <Fleeting Instant>, <Recurring Nights>, <Decade Months>, <Hundred Years>, or <Five Millennia>, draw another <Fleeting Instant> to hand",自発的に『刹那』・『回夜』・『旬月』・『百載』・『上下五千年』を捨てたあと、『刹那』を1枚手札に加える。
ReEX_Info_A/182,Text,,施加【岁月】+1,Stacks of [Aging] inflicted +1,付与する「歳月」+1。
ReEX_Info_A/183,Text,,所有标签触发的额外效果翻倍,Double the extra effects triggered by all tags,すべてのワード発動による追加効果が倍増する。
ReEX_Info_A/184,Text,,费用+1，伤害减半，获得【增值】标签,Cost +1. Halve the damage. Add the [Value-Up] tag,コスト+1、ダメージが半減し、ワード「増殖」を獲得する。
ReEX_Info_A/185,Text,,费用+2，移除唯一标签,Cost +2. Remove the [Unique] tag,コスト+2、ワード「唯一」を取り除く。
ReEX_Info_A/186,Text,,偶数回合时，失去一半的行动次数,Lose half of the AP on even turns,偶数ターンに行動回数の半分を失う。
ReEX_Info_A/187,Text,,费用+1，追加【眩晕】效果,"Cost +1, also [Stun] the target",コスト+1、「スタン」効果を追加する。
ReEX_Info_A/188,Text,,费用+2，造成伤害翻倍,Cost +2. Deal 2x damage,コスト+2、与えるダメージが倍増する。
ReEX_Info_A/189,Text,,结算疫毒前，目标会额外获得全场其他单位【疫毒】总层数1%的【疫毒】效果。（单次至多100层）,"Before [Plague Toxin] is resolved, the target gains 1% of the total [Plague Toxin] stacks from all other units on the field. (Up to 100 at a time)",疫毒を集計する前、ターゲットは追加でフィールド上の他のユニットの「疫毒」の合計ストック数1%の「疫毒」効果を得る。（1回で最大100ストックまで）
ReEX_Info_A/19,Text,,变为真实伤害,Deal True Damage instead,真実ダメージになる。
ReEX_Info_A/190,Text,,移除【增值】标签，额外造成一次伤害，伤害翻3倍,Remove the [Value-Up] tag. Triple the damage and the [Plague Toxin] stacks inflicted,ワード「増殖」を除去する。ダメージと「疫毒」ストックが3倍になる。
ReEX_Info_A/191,Text,,费用+1，伤害和【疫毒】层数翻倍,Cost +1. Double the damage and the [Plague Toxin] stacks inflicted,コスト+1、ダメージと「疫毒」ストックが倍増する。
ReEX_Info_A/192,Text,,任意带有标记的敌人被击时，均会触发【灵铳】。但是【灵铳】伤害减半，同时改为生命移除（不致死）,"When any [Marked] enemy is hit, trigger the [Spiritual Musket]. Also, halve the [Spiritual Musket] damage but deal True Damage (remove HP, non-lethal)",マークを持つ任意の敵が攻撃されると「霊銃」が発動するが、ダメージが半減し、体力除去に変わる（撃破不能）。
ReEX_Info_A/193,Text,,获得自行标签,Add the [Auto] tag,ワード「自動」を獲得する。
ReEX_Info_A/194,Text,,不再眩晕，对标记目标使用时，造成伤害提高至10倍,"No longer inflict [Stun]. When used on a [Marked] target, deal 10x the damage and remove the [Marked] state",スタンしなくなり、マークされたターゲットに使用するとき、与えるダメージが10倍まで増加し、「マーク」を除去する。
ReEX_Info_A/195,Text,,获得《斩龙诀》概率翻倍,Double the probability of obtaining 'Dragon Slash',《斬龍決》確率倍増
ReEX_Info_A/196,Text,,"费用+3，释放后场上所有己方单位均会施展一次斩龙诀
（被动古帝残躯触发时，依旧抽取未升级的《斩龙诀》）","Cost+3, all our own units in the backcourt will perform a dragon slaying decision upon release
(When triggered by the remains of the passive ancient emperor, still draw the unrenovated 'Dragon Slash Decision')“","コスト+3、解放後、フィールド上の味方ユニットすべてが竜斬決を1回発動する
（古帝の残骸が被動で発動した際、未上昇の「斬龍決」を引き出す）"
ReEX_Info_A/197,Text,,额外获得3层【防御】，费用降低至0,"Get an additional 3 layers of defense, reducing the cost to 0",防御3層を追加獲得し、コストを0に低下
ReEX_Info_A/2,Text,,护盾提高50%,Shield +50%,シールドが50%増加する。
ReEX_Info_A/20,Text,,自身及左右单位受到伤害时，标记对方,,
ReEX_Info_A/21,Text,,被击后，回复4%生命,,
ReEX_Info_A/22,Text,,费用-1，若主目标被【标记】伤害提高100%,"Cost -1. If the primary target is [Marked], increase the damage by 100%",コスト-1、メインターゲットが「マーク」されている場合、ダメージが100%増加する。
ReEX_Info_A/23,Text,,奇数回合额外抽2张《僵尸之血》,,
ReEX_Info_A/24,Text,,卡牌强度提高35%,Card Power +35%,カード強度が35%増加する。
ReEX_Info_A/25,Text,,任意单位使用《僵尸之血》后，执行一次【自身抽牌】,,
ReEX_Info_A/26,Text,,任意单位普攻后，召唤触手对目标造成法术伤害,,
ReEX_Info_A/27,Text,,造成任意伤害后，追加2层【疫毒】,Inflict 2 [Plague Toxin] on dealing any damage,任意のダメージを与えたあと、追加で「疫毒」を2ストック付与する。
ReEX_Info_A/28,Text,,费用+1，触手数量+2,Cost +1. Tentacles +2,コスト+1、触手数+2。
ReEX_Info_A/29,Text,,费用+1，【标记】层数翻倍，获得待机标签,Cost +1. Double the [Mark] stacks and add the [Ready] tag,コスト+1、「マーク」のストックが2倍になり、ワード待機を獲得する。
ReEX_Info_A/3,Text,,获得【血贷】标签,Add the [Blood Loan] tag,ワード「血の契り」を獲得する。
ReEX_Info_A/30,Text,,造成任意伤害后，追加一层【疫毒】,,
ReEX_Info_A/31,Text,,回合开始时，相邻的1/2名敌人添加1层【疫毒】,,
ReEX_Info_A/32,Text,,费用+1，不再解除负面状态，目标执行一次【自身抽牌】,"Cost +1. No longer remove debuffs, but the target performs a [Self Draw]",コスト+1、デバフを解除しない代わりに、ターゲットが「単体ドロー」を1回実行する。
ReEX_Info_A/33,Text,,若目标被【标记】，额外对目标及全场其他敌人叠加等量【疫毒】,"If the target is [Marked], inflict the equivalent stacks of [Plague Toxin] to the target and all enemies",ターゲットが「マーク」されている場合、追加でターゲットとほかのすべての敵に同量の「疫毒」を付与する。
ReEX_Info_A/34,Text,,毒囊叠加疫毒层数翻倍，任意方式使用卡牌后，额外触发一次毒囊效果,"Poison Sac inflicts 2x stacks of [Plague Toxin]. After using a card in any way, trigger the Poison Sac effect one extra time",毒嚢が付与する疫毒のストック数が2倍になる。いかなる方法でカード使用後、追加で毒嚢の効果を1回発動する。
ReEX_Info_A/35,Text,,对中【疫毒】的敌人，额外造成火灵根与【疫毒】层数相关法术伤害,,
ReEX_Info_A/36,Text,,战斗开始时，获得等级一半的【龙威】,,
ReEX_Info_A/37,Text,,费用+1，《烟酒行歌》可以对其他单位使用，并重置行动次数,Cost +1. Can use <Smoke & Liquor Ballad> on other units and reset the AP,コスト+1、『煙酒行歌』はほかのユニットに使用でき、行動回数をリセットする。
ReEX_Info_A/38,Text,,获得【待机】标签,Add the [Ready] tag,ワード「待機」を獲得する。
ReEX_Info_A/39,Text,,使用《烟酒行歌》时，消耗5%生命值（不致死），额外获得1层【龙威】,"Consume 5% HP on using <Smoke & Liquor Ballad> (non-lethal), and add 1 extra [Dragon's Presence]",『煙酒行歌』を使用するとき、体力を5%消費する（撃破不能）、追加で「龍威」を1ストック得る。
ReEX_Info_A/4,Text,,叠加【法穿】层数翻倍，同时作用于左右敌人,"Double the [Magic Penetration] stacks inflicted, affecting both adjacent enemy units",付与する「法術貫通」のストックが2倍になり、隣接する敵にも効果を与える。
ReEX_Info_A/40,Text,,每损失10点生命值，物理伤害提高2%（独立乘区）,,
ReEX_Info_A/41,Text,,普攻后号令左侧单位攻击同一目标（视为普攻）,,
ReEX_Info_A/42,Text,,释放后执行一次【全局抽牌】,Perform a [Random Draw] after use,解放後に「全体ドロー」を1回実行する。
ReEX_Info_A/43,Text,,每回合第一次触发蓝烟令，范围扩大至全场,"Spread the effect of Token of Azure Smoke to all allies, when it is triggered for the first time each turn",各ターンで初めて藍煙令を発動するとき、対象は全ユニットになる。
ReEX_Info_A/44,Text,,相邻的2/3名敌人被《僵尸之血》攻击时，追加2层破甲,"When the 2/3 adjacent enemies are attacked by <Zombie Blood>, inflict 2 [Sunder Armor]",隣接する敵2/3名が『僵屍の血』に攻撃されたとき、追加で破れを2ストック付与する。
ReEX_Info_A/45,Text,,手中每有一张文法牌，自身所有伤害提高7%（独立乘区）,,
ReEX_Info_A/46,Text,,自身造成任意伤害后【杀意】+1,,
ReEX_Info_A/47,Text,,伤害提高25%（独立乘区）,,
ReEX_Info_A/48,Text,,费用+1，获得【唯一】标签，使用后将一张未升级的《邪心》加入手牌,Cost +1. Add a [Unique] tag. Add a basic <Wicked Heart> to hand after use,コスト+1、ワード「唯一」を獲得し、使用後にアップグレードしていない『邪心』を手札に加える。
ReEX_Info_A/49,Text,,费用+2获得【增值】标签,Cost +2. Add the [Value-Up] tag,コスト+2、ワード「増殖」を獲得する。
ReEX_Info_A/5,Text,,回合结束时，为所有单位回复点生命,,
ReEX_Info_A/50,Text,,损失40%/70%/90%生命值时，额外获得2/4/8层【杀意】（同时满足条件时，叠加）,"On losing 40%/70%/90% HP, gain 2/4/8 extra [Killing Malice] (stack if conditions are met)",40%/70%/90%の体力が失われたとき、追加で「殺意」を2/4/8ストック得る（同時に条件達成の場合は重複する）。
ReEX_Info_A/51,Text,,任意手段触发【岁月】效果时，自身最大生命值-5，随机敌人受到3%前生命值的法术伤害,,
ReEX_Info_A/52,Text,,对己方单位释放时，保留所有正面buff,,
ReEX_Info_A/53,Text,,使用任意【水】卡牌时，触发时光刻痕,,
ReEX_Info_A/54,Text,,费用+1，附加【流逝】层数翻倍,,
ReEX_Info_A/55,Text,,回合结束时，随机从本回合的使用过的卡牌中抽一张放回手牌，视为【自身抽牌】事件,,
ReEX_Info_A/56,Text,,弃牌时，随机左右单位【灵压】+1,,
ReEX_Info_A/57,Text,,费用+1，获得待机标签,Cost +1. Add the [Ready] tag,コスト+1、ワード「待機」を獲得する。
ReEX_Info_A/58,Text,,偶数回合时额外抽一张牌,Draw 1 extra card on even turns,偶数ターンで追加でカードを1枚ドローする。
ReEX_Info_A/59,Text,,获得等量的【灵压】，但是获得buff层数减半,"Gain an equal amount of [Spiritual Pressure], but the buff stacks gained are halved",同量の「霊圧」を得るが、ストック数が半減する。
ReEX_Info_A/6,Text,,攻击力提高15%,,
ReEX_Info_A/60,Text,,死亡时，对全场所有单位添加2【岁月】,,
ReEX_Info_A/61,Text,,回合开始时，生成一把飞剑,,
ReEX_Info_A/62,Text,,消耗场上飞剑时，手中所有御剑牌，基础伤害+1,,
ReEX_Info_A/63,Text,,不再造成伤害，生成更多【飞剑】，获得【增值】标签,No longer deal damage. Spawn more [Flying Swords] and add the [Value-Up] tag,ダメージを与えず、より多くの「飛剣」を召喚し、ワード「増殖」を獲得する。
ReEX_Info_A/64,Text,,回合开始时生成飞剑翻倍,"At the start of the turn, the [Flying Swords] spawned doubles",ターン開始時に召喚する飛剣が倍増する。
ReEX_Info_A/65,Text,,获得灵契层数翻倍，并额外获得一层【抵抗】,The [Spiritual Pact] stacks gained double. Grant 1 extra [Resistance],付与される霊契のストックが倍増し、追加で「抵抗」を1ストック得る。
ReEX_Info_A/66,Text,,任意方式抽牌时，45%概率回复一点【灵力】,,
ReEX_Info_A/67,Text,,费用+1，为尸姬大人回满【灵力】,Cost +1. Fully restore the [Mana] for the Lady Zombie,コスト+1、屍姫の「霊力」を全回復する。
ReEX_Info_A/68,Text,,使用自身卡牌后，35%概率左侧单位执行一次【自身抽牌】,"After using this unit's cards, 35% chance that the unit to the left performs a [Self Draw]",自身の自身のカードを使用したあと、35%の確率で左のユニットが「単体ドロー」を1回実行する。
ReEX_Info_A/69,Text,,费用+1，同时治疗左右单位,Cost +1 and also heal the adjacent units,コスト+1、隣接ユニットを回復する。
ReEX_Info_A/7,Text,,费用+1，伤害翻倍并变为真实伤害,"Cost +1, damage x2 and deal True Damage",コスト+1、ダメージは2倍の真実ダメージになる。
ReEX_Info_A/70,Text,,普攻后，30%概率无条件使用一张随机手牌（不消耗卡牌）（视为卡牌事件）,,
ReEX_Info_A/71,Text,,自身及左右单位被击时，随机一张手牌伤害提高10%,"When oneself and left and right units are hit, the damage of a random hand card increases by 10%",自身および左右のユニットが攻撃された場合、ランダムに手札1枚のダメージが10%アップする
ReEX_Info_A/72,Text,,消耗血量翻倍，移除唯一标签,Double the HP cost. Remove the [Unique] tag,消費する体力が倍増し、ワード唯一を取り除く。
ReEX_Info_A/73,Text,,获得攻击力提高50%,Increases attack power by 50%,攻撃力を50%アップする
ReEX_Info_A/74,Text,,施加【血祭】层数翻倍，【血祭】范围扩展至全场，【标记】范围扩展至目标及左右单位,"Double the inflicted [Blood Sacrifice] stacks and spread the effect of [Blood Sacrifice] to all enemies. Also, spread the effect of [Mark] to the target and its adjacent units",付与する「血祭」のストックが倍増し、対象が全ユニットになる。「マーク」の対象はターゲットとその隣接ユニットになる。
ReEX_Info_A/75,Text,,任意单位成长时，对随机敌人造成火灵根相关的法术伤害,,
ReEX_Info_A/76,Text,,普攻25%概率为目标和左右单位添加一发层疫毒,,
ReEX_Info_A/77,Text,,汲取目标数量提高至3,Increase the number of targets to [Drain] to 3,吸収するターゲット数が3まで増加する。
ReEX_Info_A/78,Text,,触发时，有10%概率将目标【疫毒】层数翻倍并扩散至左右单位（单次至多50层）,"On triggering, 10% chance to double the [Plague Toxin] stacks of the target and its adjacent units (Up to 50 at a time)",発動するとき、10%の確率でターゲットの「疫毒」ストックを倍増し、隣接ユニットに拡散する（1回で50ストックまで）。
ReEX_Info_A/79,Text,,费用-1，使用后将一张未升级的《毒风》加入手牌,Cost -1. Add a basic <Toxic Wind> to hand after use,コスト-1、使用後にアップグレードしていない『毒風』を手札に加える。
ReEX_Info_A/8,Text,,费用+1，获得相同层数的【狂性】,"Cost +1, gain the same number of [Mania] stacks",コスト+1、同量ストックの「狂暴」を得る。
ReEX_Info_A/80,Text,,自身任意方式攻击人，妖时，叠加1层【猛毒】,,
ReEX_Info_A/81,Text,,,,
ReEX_Info_A/82,Text,,被击时，获得2层【怒意】,,
ReEX_Info_A/83,Text,,伤害提高25%，变为真实伤害,Damage +25%. Deal True Damage instead,ダメージが25%増加し、真実ダメージになる。
ReEX_Info_A/84,Text,,追加一次伤害和眩晕判定,Add 1 more instance of damage and [Stun] check,ダメージとスタン判定を1回ずつ追加する。
ReEX_Info_A/85,Text,,累计造成100倍攻击力的税前伤害后，获得一张《武魂真躯》,,
ReEX_Info_A/86,Text,,回合结束时，手中每有一张【御剑】卡牌，自身获得一层【灵压】,,
ReEX_Info_A/87,Text,,费用+1获得【随风】标签，不再执行自身抽牌,Cost +1. Add the [Wind-Led] tag. No longer perform [Self Draw],コスト+1、ワード「随風」を獲得し、単体ドローしない。
ReEX_Info_A/88,Text,,获得飞剑时获得一层【灵压】，连续使用相同卡牌时，获得【灵压】+1,"Gain 1 [Spiritual Pressure] when obtaining a flying sword. On using the same cards consecutively, [Spiritual Pressure] bonus +1",飛剣を獲得するときに「霊圧」を1ストック得る。連続的に同じカードを使用するとき、「霊圧」+1。
ReEX_Info_A/89,Text,,伤害翻倍，变为真实伤害,Damage x2 and deal True Damage,与えるダメージが倍増し、真実ダメージになる。
ReEX_Info_A/9,Text,,己方单位普攻后，20%概率自身抽一张牌,,
ReEX_Info_A/90,Text,,任意己方单位死亡后，获得一张《倒影》,,
ReEX_Info_A/91,Text,,任意己方单位累计损失100%自身最大生命值后，获得一张《生死撩断》,,
ReEX_Info_A/92,Text,,僵尸之血倍率提升翻倍，但是每回合损失30%当前生命,"Double the multiplier of <Zombie Blood>, but lose 30% Current HP per turn",僵屍の血の倍率増加が倍増する、各ターンで現在体力の30%を失う。
ReEX_Info_A/93,Text,,行动次数+2，但是每次普攻后损失5%当前生命值,,
ReEX_Info_A/94,Text,,任意方式使用《僵尸之血》后，60%概率回复1点灵力,,
ReEX_Info_A/95,Text,,战斗开始时，获得一张《生死撩断》,,
ReEX_Info_A/96,Text,,,,
ReEX_Info_A/97,Text,,对生命值大于75%的目标使用时，将一张费用+1的绘涩加入手牌,"When used on a target with >75% HP, add a Cost+1 <Eros> to hand",体力が75%を超えているターゲットに使用するとき、コスト+1の絵渋を手札に加える。
ReEX_Info_A/98,Text,,所有己方单位，每有一层正面buff，该伤害提高1%(独立乘区),+1% damage (independent multiplier) per stack of buffs on any allied units,すべての味方ユニットのバフ1ストックごとに、このダメージは1%増加する（個別強化）。
ReEX_Info_A/99,Text,,己方单位行动时，30%概率【自身抽牌】,"When any ally acts, 30% chance to perform a [Self Draw]",味方ユニットが行動するとき、30%の確率で「単体ドロー」を実行する。
ReEX_Info_B/1,Text,,,,
ReEX_Info_B/10,Text,,任意带有【标记】的敌人被击后，【汲取】其2点攻击力,"When any [Marked] enemy is hit, [Drain] 2 Attack from them",「マーク」を付与されている敵が攻撃されたあと、その敵から攻撃力を2吸収する。
ReEX_Info_B/100,Text,,回合结束时，若剩余行动次数，则对随机敌人释放《心欲流泉》,,
ReEX_Info_B/101,Text,,,,
ReEX_Info_B/102,Text,,获得护盾减半，但是为所有己方单位添加一层【抵抗】,"Halve the Shield gained, but grant all allied units 1 stack of [Resistance]",得られるシールドが半減し、すべての味方ユニットに「抵抗」を1ストック付与する。
ReEX_Info_B/103,Text,,【红熏】造成的伤害翻倍，并将25%填充为全队护盾,"Double the damage of [Red Brush], and add 25% of the damage as Shield to all allies",「紅染」が与えるダメージが倍増し、25%をすべての味方にシールドとして与える。
ReEX_Info_B/104,Text,,费用+1，造成2次伤害,Cost +1. Deal damage 2 times,コスト+1、ダメージを2回与える。
ReEX_Info_B/105,Text,,使用【水】卡牌后，己方随机单位获得1层【欲念】，自身获得1层【清明】,,
ReEX_Info_B/106,Text,,,,
ReEX_Info_B/107,Text,,生成飞剑数量翻倍,Double the amount of flying swords spawned,召喚する飛剣の量が倍増する。
ReEX_Info_B/108,Text,,抽到【水】卡牌时，发动《索心》（视为卡牌事件）,,
ReEX_Info_B/109,Text,,费用+1，号令飞剑上限+2,Cost +1. The max. number of flying swords to command +2,コスト+1、操る飛剣の上限+2。
ReEX_Info_B/11,Text,,,,
ReEX_Info_B/110,Text,,全场任意方式暴击时，额外睁开一只【心眼】,"When any critical hit occurs, open 1 more [Mind's Eye]",いかなる方法でも会心するとき、追加で「心眼」を1つ開ける。
ReEX_Info_B/111,Text,,,,
ReEX_Info_B/112,Text,,造成伤害的一半填充为全队护盾,Add half of the damage dealt as Shield for all allies,与えるダメージの半分をすべての味方のシールドとして与える。
ReEX_Info_B/113,Text,,造成伤害的一半填充为全队护盾,Add half of the damage dealt as Shield for all allies,与えるダメージの半分をすべての味方のシールドとして与える。
ReEX_Info_B/114,Text,,消耗生命翻倍，获得增值标签,HP consumed x2. Add the [Value-Up] tag,消費する体力が倍増し、ワード増殖を獲得する。
ReEX_Info_B/115,Text,,被击时，触发溺死的鱼,,
ReEX_Info_B/116,Text,,,,
ReEX_Info_B/117,Text,,任意单位死亡后，为自身及左右单位【成长】1点全属性,,
ReEX_Info_B/118,Text,,对带有【标记】/【眩晕】/【虚弱】的敌人【汲取】效果翻倍,[Drain] efficiency doubles against [Marked] / [Stun] / [Asthenia] enemies,「マーク」/「スタン」/「衰弱」が付与されている敵に対する「吸収」効果が2倍になる。
ReEX_Info_B/119,Text,,移除【自行】标签，替换为【随风】和【唯一】标签,Remove the [Autonomous] tag and add [Wind-Led] and [Unique] tags instead,ワード「自動」をワード「随風」と「唯一」に変える。
ReEX_Info_B/12,Text,,【嘲讽】层数+1,[Taunt] stacks +1,「挑発」ストック+1。
ReEX_Info_B/120,Text,,费用+3，可以对敌人使用,Cost +3. Now usable on enemies,コスト+3、敵に使用できる。
ReEX_Info_B/121,Text,,,,
ReEX_Info_B/122,Text,,命中【标记】/【眩晕】/【虚弱】目标后，费用+1返回手牌,"On hitting targets with [Mark] / [Stun] / [Asthenia] tags, Cost+1 and return to hand",「マーク」/「スタン」/「衰弱」のターゲットに命中すると、コスト+1して手札に戻す。
ReEX_Info_B/123,Text,,费用+1，伤害翻倍，移除【唯一】标签,Cost +1 but damage x2. Remove the [Unique] tag,コスト+1、ダメージが倍増し、ワード「唯一」を取り除く。
ReEX_Info_B/124,Text,,任意方式使用【雷】卡牌后，重复使用这张卡牌，并受到10%最大生命值的真实伤害（不致死）,"After a [Lightning] card is used in any way, repeat this card and take [10% * Max HP] True Damage (non-lethal)",任意の方法で「雷」カードを使用後、そのカードを繰り返して使用し、体力上限10%分の真実ダメージを受ける（撃破不能）。
ReEX_Info_B/125,Text,,任意【符咒】卡牌使用后，自身造成真实伤害提高1.5%(独立乘区),,
ReEX_Info_B/126,Text,,,,
ReEX_Info_B/127,Text,,【朝讽】层数+1，额外获得相等层数【执念】,,
ReEX_Info_B/128,Text,,剩余灵力时，同样获得《摆烂》,,
ReEX_Info_B/129,Text,,使用后丢弃一张《摆烂》，额外获得2层【抵抗】,,
ReEX_Info_B/13,Text,,自身及左右单位被击后，获得1层【执念】,,
ReEX_Info_B/130,Text,,任意单位任意方式累积使用4张任意卡牌后，自身抵抗+1,,
ReEX_Info_B/131,Text,,,,
ReEX_Info_B/132,Text,,变为真实伤害，同时叠加1层【溃散】,,
ReEX_Info_B/133,Text,,陪葬【汲取】属性翻倍，每回合结束时，自动触发一次陪葬,,
ReEX_Info_B/134,Text,,费用+2，可以对敌方使用,,
ReEX_Info_B/135,Text,,任意单位任意方式触发【汲取】时，50%概率回复1点灵力,,
ReEX_Info_B/136,Text,,,,
ReEX_Info_B/137,Text,,伤害额外获得两倍卡牌强度加成,Grant a 2x Card Power Bonus to the damage,ダメージが追加で2倍のカード強度ボーナスを受ける。
ReEX_Info_B/138,Text,,每层【龙威】额外提高1层【破甲】和【法穿】,’+1 extra stack of [Sunder Armor] and [Magic Penetration] per stack of [Dragon's Presence],「龍威」1ストックごとに追加で「破れ」と「法術貫通」を1ストック増加する。
ReEX_Info_B/139,Text,,费用+1，伤害翻倍，获得【自行】标签,Cost +1 and damage x2. Add the [Autonomous] tag,コスト+1、ダメージが倍増し、ワード「自動」を取り除く。
ReEX_Info_B/14,Text,,费用-1，添加【唯一】【随风】标签,Cost -1. Grant the [Unique] and [Wind-Led] tags,コスト-1、ワード「唯一」「随風」を追加する。
ReEX_Info_B/140,Text,,经过9回合，或者普攻18次，全属性提高10%，并获得1龙威，,,
ReEX_Info_B/141,Text,,每层【龙威】额外提高3层【破甲】和【法穿】,,
ReEX_Info_B/142,Text,,使用卡牌后，所有随从都能获得1层【灵压】和【攻击力】,"After using a card, grant all minions 1 stack of [Spiritual Pressure] and [Attack]",カード使用後、全てのミニオンが「霊圧」と「攻撃力」を1ストック得る。
ReEX_Info_B/143,Text,,费用+8，获得【唯一】标签，效果改为打出所有当前手牌（不消耗手牌）,Cost +8. Add the [Unique] tag. Play all the hand cards instead (without consuming any cards),コスト+8、ワード「唯一」を獲得し、効果をすべての手札を使用するように変える（手札を消費しない）。
ReEX_Info_B/144,Text,,击退效果改为直接将目标推至尽头，同时可以推动boss单位,"The Knockback effect now directly pushes the target to the edge, and can push Boss units",ノックバック効果をターゲットを端まで押す効果に変え、ボスユニットをノックバックできるようになる。
ReEX_Info_B/145,Text,,回合结束时，所有【水】【雷】卡牌费用-1,"At the end of the turn, -1 cost for all [Water] and [Lightning] cards",ターン終了時、すべての「水」「雷」カードのコスト-1。
ReEX_Info_B/146,Text,,施加【法穿】层数提高至3，移除【增值】标签，改为【随风】标签,Inflict 3 stacks of [Magic Penetration] instead. Replace the [Value-Up] tag with the [Wind-Led] tag,付与する「法術貫通」のストックが3まで増加し、ワード「増殖」を「随風」に変える。
ReEX_Info_B/147,Text,,抽到《神骸》或《僵尸之血》时，为尸姬大人献上1点灵力,"When a <Divine Remains> or <Zombie Blood> is drawn, offer 1 Mana to the Lady Zombie",『神骸』または『僵屍の血』をドローしたとき、屍姫に1霊力を与える。
ReEX_Info_B/148,Text,,不再作用于所有单位，自身每拥有1点护盾，全伤害提高0.2%(至多200%),"For every 1 point of Shield this unit has, +0.2% all damage (up to 200%)",すべてのユニットに効果を与えなくなる。自身のシールド1ごとに、すべてのダメージが0.2%増加する（最大200%まで）。
ReEX_Info_B/149,Text,,移除【增值】标签，改为【随风】标签,Replace the [Value-Up] tag with the [Wind-Led] tag,ワード「増殖」を「随風」に変える。
ReEX_Info_B/15,Text,,自身及左右单位，受到伤害降低20%，(独立乘区),Self and adjacent units take -20% damage (independent multiplier),自身および隣接ユニットが受けるダメージが20%低下する（個別強化）。
ReEX_Info_B/150,Text,,伤害减半，不再消耗护盾,"Halve the damage, but no longer consume Shield",ダメージが半減し、シールドを消費しなくなる。
ReEX_Info_B/151,Text,,费用+1，基础伤害翻倍，变为真实伤害,Cost +1. Basic damage x2 and deal True Damage,コスト+1、基本ダメージが倍増し、真実ダメージになる。
ReEX_Info_B/152,Text,,伤害翻倍，回满灵力并【标记】目标,Damage x2. Fully restore [Mana] and [Mark] the target,ダメージが倍増し、霊力を全回復してターゲットを「マーク」する。
ReEX_Info_B/153,Text,,所有己方单位均会触发阴阳奇脉,All allied units can now trigger [Yin-Yang Veins],すべての味方は陰陽奇脈をユニットできる。
ReEX_Info_B/154,Text,,所有己方单位不会移除生命,None of allied units will lose HP,すべての味方ユニットは体力を損失しない。
ReEX_Info_B/155,Text,,对敌人使用时，移除正面buff并【眩晕】,"If used on an enemy, remove buffs and inflict [Stun]",敵にしようするとき、バフを解除して「スタン」を与える。
ReEX_Info_B/156,Text,,累计使用3张不同的卡牌后，重新触发一次阴司效果,On using a total of 3 different cards: Trigger the effect of [Netherworld] again,合計3枚の異なるカードを使用したあと、ふたたび陰司を1回発動する。
ReEX_Info_B/157,Text,,每经过一回合，所有抽到卡牌费用-1,-1 Cost to all cards drawn after each turn,1ターン経過するごとに、ドローしたカードのコスト-1。
ReEX_Info_B/158,Text,,获得【灵压】最低为10点，每10点卡牌强度提高1点,"Grant at least 10 [Spiritual Pressure] each time, and increase the amount by 1 for every 10 Card Power",得られる「霊圧」が最少で10になる。カード強度10ごとに1増加する。
ReEX_Info_B/159,Text,,法相在回合开始和结束时都会造成伤害,Dharma Avatar deals damage both at the start and end of the turn,法相はターン開始と終了するときにダメージを与える。
ReEX_Info_B/16,Text,,,,
ReEX_Info_B/160,Text,,费用+1，强制敌人攻击变为全场，获得护盾量提高,Cost +1. Force all enemies to attack this unit. Increase the amount of Shield gained,コスト+1、敵への強制攻撃はフィールド全体になり、得られるシールドが増加する。
ReEX_Info_B/161,Text,,改为真实伤害,Deal True Damage instead,真実ダメージになる。
ReEX_Info_B/162,Text,,每场战斗中，每条尾巴可以抵抗一次致死伤害,"Each battle, each tail can resist lethal damage once",各戦闘で、尻尾それぞれが1回の撃破ダメージを無効化できる。
ReEX_Info_B/163,Text,,费用+1，获得【增值】标签,Cost +1. Add the [Value-Up] tag,コスト+1、ワード「増殖」を獲得する。
ReEX_Info_B/164,Text,,伤害段数-1，费用-1，获得【增值】标签,"Hit count -1, Cost -1, and add the [Value-Up] tag",ダメージ回数-1、コスト-1、ワード「増殖」を獲得する。
ReEX_Info_B/165,Text,,使用自身卡牌时，无条件触发一次《合欢妖龙》,"When using this unit's cards, unconditionally trigger <Vile Dragon of Carnal Bliss> once",自身のカードを使用するとき、条件なしに『合歓妖龍』を1回発動する。
ReEX_Info_B/166,Text,,不再为对所有敌人施加【脱水】。将总计7倍层数的【脱水】施加给随机敌人,"No longer inflict [Dehydration] on all enemies. Instead, inflict a total of 7x the stacks of [Dehydration] on random enemies",すべての敵に「脱水」を付与する代わりに、合計7倍のストックの「脱水」をランダムな敵に付与する。
ReEX_Info_B/167,Text,,满血时，自身所有造成伤害翻倍。（独立乘区）,"At full HP, all damage dealt by self is doubled. (Independent multiplier)",体力が最大のとき、自身が与えるすべてのダメージが倍増する（個別強化）。
ReEX_Info_B/168,Text,,每造成10点伤害，额外施加一层【破甲】,"For every 10 damage dealt, inflict 1 extra stack of [Sunder Armor]",10ダメージを与えるごとに、追加で「破れ」を1ストック付与する。
ReEX_Info_B/169,Text,,偷取左侧第一个装备后，将该装备效果共享给全场所有随从,"After stealing the first item from the minion to the left, share the item's effect with all minions on the field",左側の1つ目の装備を盗んだあと、その装備の効果をフィールド上のすべてのミニオンに共有する。
ReEX_Info_B/17,Text,,费用+1，变为真实伤害，额外造成一次伤害，获得【连锁-雷】标签,"Cost +1, deal True Damage and deal damage 1 more time, also add the [Chain - Lightning] tag",コスト+1、真実ダメージになり、追加で1回ダメージを与える。ワード「連鎖-雷」を獲得する。
ReEX_Info_B/170,Text,,费用+1，【疫毒】层数翻倍，伤害提高50%,"Cost +1. Double the [Plague Toxin] stacks, and +50% damage",コスト+1、「疫毒」ストックが倍増し、ダメージが50%増加する。
ReEX_Info_B/171,Text,,获得【自行】标签,Add the [Autonomous] tag,ワード「自動」を獲得する。
ReEX_Info_B/172,Text,,每被击10次，扩散效果提高100%,"For every 10 hits taken, the spread effect increases by 100%",10回攻撃されるたびに、拡散効果が100%増加する。
ReEX_Info_B/173,Text,,额外施加8%当前生命值的伤害,Deal an extra damage equal to 8% of current HP,追加で現在体力の8%のダメージを与える。
ReEX_Info_B/174,Text,,费用-1，生成飞剑数量翻倍,Cost -1. Double the amount of flying swords spawned,コスト-1、召喚する飛剣の数が倍増する。
ReEX_Info_B/175,Text,,作用于所有己方单位并且获得buff层数翻倍,Apply to all allied units and double the buff stacks gained,すべての味方ユニットに有効になり、得られるバフのストックが倍増する。
ReEX_Info_B/176,Text,,施加【阳气之种】/【阴气之种】层数翻倍,Double the stacks of [Seed of Yang]/[Seed of Yin] inflicted,付与する「陽気の種」/「陰気の種」のストックが倍増する。
ReEX_Info_B/177,Text,,"费用-1，【岁月】+1
（额外追加触发一次回合开始，回合结束事件）","Cost -1. [Aging] +1
(Trigger turn start and turn end events 1 extra time)","コスト-1、「歳月」+1
（追加でターン開始と終了の効果を1回発動する）。"
ReEX_Info_B/178,Text,,触发记仇时，额外获得一层【狂性】,"On triggering Grudge Holder, gain 1 extra stack of [Mania]",恨みを発動するとき、追加で「狂暴」を1ストック得る。
ReEX_Info_B/179,Text,,费用+1，获得【唯一】标签，对全场敌人随机进行6次普通攻击,Cost +1. Add the [Unique] tag. Randomly perform 6 Basic Attacks against all enemies on the field,コスト+1、ワード「唯一」を獲得し、すべての敵にランダムに6回の通常攻撃を行う。
ReEX_Info_B/18,Text,,【抵抗】层数翻倍，同时所有己方单位获得2层【杀意】,[Resistance] stacks x2. Grant all allied units 2 stacks of [Killing Malice],「抵抗」のストック数が倍増し、すべての味方ユニットが「殺意」を2ストック得る。
ReEX_Info_B/180,Text,,费用+2，【破甲】层数受到四分之一攻击力加成,Cost +2. Stacks of [Sunder Armor] inflicted gain a bonus equal to 1/4 of Attack,コスト+2、「破れ」のストック数は1/4の攻撃力ボーナスを受ける。
ReEX_Info_B/181,Text,,战斗开始时，直接获得卡牌《百载》,Get 1 <Hundred Years> card at the start of battle,戦闘開始時、カード『百載』を獲得する。
ReEX_Info_B/182,Text,,费用-2，施加岁月-1，获得【增值】标签,Cost -2. [Aging] inflicted -1. Add the [Value-Up] tag,コスト-2、付与する歳月-1、ワード「増殖」を獲得する。
ReEX_Info_B/183,Text,,第一回合使用卡牌时，无视标签触发所有额外效果,"On using cards on the first turn, ignore the tags, and trigger the extra effects of all tags",1ターン目にカードを使用するとき、ワードを問わずにすべての追加効果を発動する。
ReEX_Info_B/184,Text,,对目标及左右单位造成等额伤害,Deal equal damage to the target and its adjacent units,ターゲットおよび隣接ユニットに同量のダメージを与える。
ReEX_Info_B/185,Text,,抽取的《惊蛰》数量翻倍,Doubles the number of <Awakening of Insects> cards drawn,ドローする『啓蟄』の枚数が倍増する。
ReEX_Info_B/186,Text,,奇数回合时，获得行动次数+1,‘+1 extra AP on odd turns,奇数ターンで得られる行動回数+1。
ReEX_Info_B/187,Text,,造成伤害次数翻倍,Double the number of times damage is dealt,ダメージを与える回数が倍増する。
ReEX_Info_B/188,Text,,移除【遗忘】标签，变为真实伤害,Remove the [Forgotten] tag. Deal True Damage instead,ワード「忘却」を取り除き、真実ダメージになる。
ReEX_Info_B/189,Text,,任意敌方单位被暴击时，立即结算疫毒,"When any enemy unit gets critted, immediately resolve [Plague Toxin]",任意の敵ユニットが会心を受けると、直ちに疫毒を精算する。
ReEX_Info_B/19,Text,,费用+1，造成两次伤害,Cost +1. Deal damage twice,コスト+1、ダメージを2回与える。
ReEX_Info_B/190,Text,,费用-1，获得飞剑数量翻倍，变为真实伤害,"Cost -1, the number of Flying Swords gained is doubled, and damage type becomes True Damage.",コスト-1、獲得する飛剣の数が2倍になり、真実ダメージに変更される。
ReEX_Info_B/191,Text,,同时对目标及左右单位造成等额伤害和疫毒,Deal equal damage and inflict an equal amount of [Plague Toxin] to the target and its adjacent units,同時にターゲットおよび隣接ユニットに同量のダメージと疫毒を与える。
ReEX_Info_B/192,Text,,同时对目标及左右单位造成等额伤害,Deal equal damage to the target and its adjacent units,同時にターゲットおよび隣接ユニットに同量のダメージを与える。
ReEX_Info_B/193,Text,,费用+1，整备效果作用于全体己方单位,Cost +1. Apply [Rearm] to all allied units,コスト+1、整備の効果はすべての味方ユニットに作用する。
ReEX_Info_B/194,Text,,伤害提高50%，变为真实伤害,Damage +50%. Deal True Damage,ダメージが50%増加し、真実ダメージになる。
ReEX_Info_B/195,Text,,使用卡牌时，同样触发古帝残躯效果,"When using cards, the effect of the Ancient Emperor's remains is also triggered",カードを使用した場合も、同様に古帝の残胴効果を発動する
ReEX_Info_B/196,Text,,斩龙诀额外获得2倍自身攻击力和卡牌强度的加成,Slash Dragon Jue to gain an additional bonus of 2 times your own attack power and card strength,斬竜は自分の攻撃力とカードの強度の2倍の付加力を追加で獲得する
ReEX_Info_B/197,Text,,费用+2，每添加3点护盾，额外获得一层【攻击力】,"Cost+2, for every 3 shield points added, an additional layer of attack power is gained",コスト+2、シールド3点追加ごとに追加で1枚【攻撃力】を獲得する
ReEX_Info_B/2,Text,,费用-1，不再解除负面状态，但是获得4层雷反,"Cost -1. No longer remove debuffs, but grant 4 stacks of [Lightning Counter]",コスト-1、デバフを解除する代わりに雷返しを4ストック得る。
ReEX_Info_B/20,Text,,自身及左右单位每有一点护盾，怨骷髅造成伤害提高0.5%（独立乘区）,,
ReEX_Info_B/21,Text,,,,
ReEX_Info_B/22,Text,,费用+1，伤害提高50%，变为真实伤害,"Cost +1, damage + 50%, deal True Damage",コスト+1、ダメージが50%増加し、真実ダメージになる。
ReEX_Info_B/23,Text,,任意单位死亡，抽一张《僵尸之血》,,
ReEX_Info_B/24,Text,,最大生命值提高50%,Max HP + 50%,体力上限が50%増加する。
ReEX_Info_B/25,Text,,任意方式使用【符咒】卡牌后，50%对随机敌人释放一次《鬼火》（视为卡牌事件）（优先标记）,,
ReEX_Info_B/26,Text,,,,
ReEX_Info_B/27,Text,,造成任意伤害后，追加2层【法穿】,Inflict 2 stacks of [Magic Penetration] on dealing any damage,任意のダメージを与えたあと、追加で「法術貫通」を2ストック付与する。
ReEX_Info_B/28,Text,,费用+2，对命中的敌人添加5层【疫毒】,Cost +2. Inflict 5 stacks of [Plague Toxin] on hitting enemies,コスト+2、命中した敵に「疫毒」を5ストック付与する。
ReEX_Info_B/29,Text,,费用+3，卡牌强度加成提高至1：1,Cost +3. Card Power Bonus increases to 1: 1,コスト+3、カード強度ボーナスが1:1まで増加する。
ReEX_Info_B/3,Text,,获得【待机】标签,Add the [Ready] tag,ワード「待機」を獲得する。
ReEX_Info_B/30,Text,,造成任意伤害后，50%概率追加一层【法穿】,,
ReEX_Info_B/31,Text,,,,
ReEX_Info_B/32,Text,,费用-1，主目标受到治疗翻倍,Cost -1. The primary target heals for 2x amount,コスト-1、メインターゲットが受ける回復が倍増する。
ReEX_Info_B/33,Text,,命中带有【疫毒】的敌人时，执行一次【自身抽牌】,"On hitting enemies inflicted with [Plague Toxin], perform a [Self Draw]",「疫毒」が付与されている敵に命中すると、「単体ドロー」を1回実行する、。
ReEX_Info_B/34,Text,,任意单位死亡后，对全场敌人添加4层【疫毒】,"When any unit dies, inflict 4 stacks of [Plague Toxin] on all enemies",任意のユニットが撃破されたあと、すべての敵に「疫毒」を4ストック付与する。
ReEX_Info_B/35,Text,,回合结束时，手牌中所有疫毒效果，层数+1,,
ReEX_Info_B/36,Text,,,,
ReEX_Info_B/37,Text,,获得【增值】标签,Add the [Value-Up] tag,ワード「増殖」を獲得する。
ReEX_Info_B/38,Text,,费用+1，对目标左右单位造成50%伤害,Cost +1. Deal 50% damage to units adjacent to the target,コスト+1、ターゲットの隣接ユニットに50%のダメージを与える。
ReEX_Info_B/39,Text,,每回合开始时，获得1层【龙威】。,"At the start of each turn, gain 1 stack of [Dragon's Presence]",各ターン開始時に、「龍威」を1ストック得る。
ReEX_Info_B/4,Text,,同一回合内每次触发伤害提高10%,Damage +10% on each trigger within the same turn,同一ターン内に発動するごとにダメージが10%増加する。
ReEX_Info_B/40,Text,,每回合第一次弃牌后，抽一张《烟酒行歌》,,
ReEX_Info_B/41,Text,,,,
ReEX_Info_B/42,Text,,移除唯一标签，可以对敌人使用，造成5%当前生命值的真实伤害并施加一层【眩晕】,"Remove the [Unique] tag. Can be used on enemies, dealing [5% * Current HP] True Damage and inflicting 1 stack of [Stun]",ワード唯一を取り除き、敵に使用できる。現在体力5%分の真実ダメージを与え、「スタン」を1ストック付与する。
ReEX_Info_B/43,Text,,自身及左侧全部单位，普攻时，若用尽行动次数，获得一层龙威,Self and all units to the left: Gain 1 stack of [Dragon's Presence] on depleting AP with Basic Attacks,自身および左側にいるすべてのユニットが通常攻撃するときに、行動回数をすべて消費した場合、「龍威」を1ストック得る。
ReEX_Info_B/44,Text,,自身及左右单位被《僵尸之血》治疗时，获得2层怒意,"When healed by <Zombie Blood>, self and adjacent units gain 2 stacks of [Rage]",自身および隣接ユニットが『僵屍の血』で回復されるとき、『激怒』を2ストック得る。
ReEX_Info_B/45,Text,,全场单位累计行动49次后，获得一张《斩立决》,,
ReEX_Info_B/46,Text,,,,
ReEX_Info_B/47,Text,,法抗+20,,
ReEX_Info_B/48,Text,,费用变为1，使用时献祭所有队友25%最大生命值,"Set Cost to 1, but consume 25% of all allies' Max HP on use",コストが1になり、使用時にすべての味方の体力上限25%をいけにえにする。
ReEX_Info_B/49,Text,,每点损失血量提高5点伤害,‘+5 damage for every 1 HP lost,体力1失っているごとにダメージが5増加する。
ReEX_Info_B/5,Text,,自身及左右单位普攻可以触发灵弓（妖弓）效果,,
ReEX_Info_B/50,Text,,普攻后50%概率对右侧单位造成攻击力*0.5的物理伤害，行动次数+1,"On performing Basic Attacks, 50% chance to deal [Attack * 0.5] Normal Damage to the unit on the right, but then +1 AP",通常攻撃後、50%の確率で右のユニットに攻撃力*0.5の物理ダメージを与え、行動回数+1。
ReEX_Info_B/51,Text,,,,
ReEX_Info_B/52,Text,,对敌方释放时，追加3层【眩晕】,,
ReEX_Info_B/53,Text,,回合结束时，对所有标记的敌人触发时光刻痕,,
ReEX_Info_B/54,Text,,费用-1，附加【流逝】层数减半,,
ReEX_Info_B/55,Text,,回合开始时，随机一张手牌费用-1,,
ReEX_Info_B/56,Text,,,,
ReEX_Info_B/57,Text,,费用-1，获得【唯一】标签,Cost -1. Add the [Unique] tag,コスト-1、ワード「唯一」を獲得する。
ReEX_Info_B/58,Text,,【全局抽牌】改为【自身抽牌】,Change [Random Draw] to [Self Draw],「全体ドロー」を「単体ドロー」に変える。
ReEX_Info_B/59,Text,,献祭血量改为受到不致死的真实伤害（可以触发被击事件）。,"Sacrificed HP becomes non-lethal True Damage, which can trigger on-being-hit events.",体力をいけにえにするときに撃破不能の真実ダメージになる（攻撃された効果を発動できる）。
ReEX_Info_B/6,Text,,,,
ReEX_Info_B/60,Text,,任意己方单位死亡后，执行一次【全局抽牌】,,
ReEX_Info_B/61,Text,,,,
ReEX_Info_B/62,Text,,任意卡牌使用时，为所有当前手牌手牌中拥有【御剑】卡牌的单位，添加1层【灵压】,,
ReEX_Info_B/63,Text,,将拥有5把飞剑时，单次增伤100%，改为己方每拥有一把飞剑，增伤20%,"+20% damage per flying sword, instead of + 100% damage per 5 flying swords",5本の飛剣を所有するとき、1回のみダメージが100%増加する効果を、味方に飛剣1本ごとにダメージが20%の効果に変える。
ReEX_Info_B/64,Text,,自身及左右单位被击后，触发奉剑效果,"When self and adjacent units are hit, trigger [Devotion to Sword]",自身および隣接ユニットが攻撃されたあと、奉剣の効果を発動する。
ReEX_Info_B/65,Text,,重复使用时，目标身上每拥有1层【灵契】额外获得3层【灵压】,"When used repeatedly, gain 3 extra [Spiritual Pressure] for every 1 stack of [Spiritual Pact] on the target",繰り返して使用するとき、ターゲットに「霊契」が1ストック付与されているごとに、追加で「霊圧」を3ストック得る。
ReEX_Info_B/66,Text,,,,
ReEX_Info_B/67,Text,,费用-1，回复【灵力】-1，获得【增值】标签,Cost -1. [Mana] restored -1. Add the [Value-Up] tag,コスト-1、回復する「霊力」-1、ワード「増殖」を獲得する。
ReEX_Info_B/68,Text,,任意卡牌均会触发唤灵效果，且触发时40%概率回复量翻倍,"[Spirit Summoner] can be triggered by any card, plus a 40% chance to double the healing amount",カードは喚霊効果を発動する、発動時に40%の確率で回復量が倍増する。
ReEX_Info_B/69,Text,,将治疗的一半填充为护盾,Add half of the healing amount to Shield,回復量の半分をシールドにする。
ReEX_Info_B/7,Text,,每次使用该卡牌，【咒之舌】汲取攻击力+1,"Each time this card is used, [Curse Tongue] drains +1 more Attack",このカードを使用するたびに、「呪いの舌」が吸収する攻撃力+1。
ReEX_Info_B/70,Text,,累计使用10次卡牌后，将一张《始源灵阵》加入手牌,,
ReEX_Info_B/71,Text,,,,
ReEX_Info_B/72,Text,,费用+1，释放后随机攻击一个敌人（视为普攻）,Cost +1. Attack 1 random enemy after use (counted as a Basic Attack),コスト+1、使用後にランダムな敵を攻撃する（通常攻撃としてみなす）。
ReEX_Info_B/73,Text,,提高攻击力效果同时作用于自身及左右单位,Improve attack power effect while acting on oneself and left and right units,攻撃力アップ効果は自身と左右のユニットに同時に作用する
ReEX_Info_B/74,Text,,费用+2，获得【增值】标签,Cost +2. Add the [Value-Up] tag,コスト+2、ワード「増殖」を獲得する。
ReEX_Info_B/75,Text,,回合开始时，获得一张自刀,,
ReEX_Info_B/76,Text,,,,
ReEX_Info_B/77,Text,,自身左右随从会汲取目标等额最大生命值,Adjacent minions will [Drain] the same amount of Max HP from the target,隣接ミニオンはターゲットから同量の体力上限を吸収する。
ReEX_Info_B/78,Text,,毒翅效果翻倍，目标每损失7%最大生命值，叠加层数再翻一倍,"Double the effect of Toxic Wings. For every 7% of the target's Max HP lost, the stacks double",毒翼の効果が倍増する。ターゲットが体力上限7%を失うごとに、付与するストック数がさらに倍増する。
ReEX_Info_B/79,Text,,费用+1，释放后立即结算疫毒效果,Cost +1. Immediately resolve the [Plague Toxin] after use,コスト+1、使用後すぐに疫毒の効果を発動する。
ReEX_Info_B/8,Text,,同时对所有敌人施加1层【虚弱】,Also inflict 1 stack of [Asthenia] on all enemies,すべての敵に「衰弱」を1ストック付与する。
ReEX_Info_B/80,Text,,任意尸/灵被击时，25%概率【汲取】1点全属性,,
ReEX_Info_B/81,Text,,,,
ReEX_Info_B/82,Text,,被击后，【成长】2火灵根,,
ReEX_Info_B/83,Text,,残影拳有40%【眩晕】目标,40% chance to [Stun] the target with Blurring Fist,残影拳は40%の確率でターゲットに「スタン」を付与する。
ReEX_Info_B/84,Text,,对有攻击意图的敌人造成伤害提高至250%,Increase the damage dealt to enemies with attack intentions to 250%,攻撃する意図のある敵に与えるダメージが250%まで増加する。
ReEX_Info_B/85,Text,,自身造成任意伤害累计100次后，获得一张《武魂真躯》,,
ReEX_Info_B/86,Text,,,,
ReEX_Info_B/87,Text,,伤害翻倍，对【标记】敌人伤害提高100%,Damage x2 and +100% damage to [Marked] enemies,ダメージが倍増し、「マーク」が付与されている敵に与えるダメージが100%増加する。
ReEX_Info_B/88,Text,,获得飞剑翻倍，弃牌时，触发悟剑效果,Double the amount of flying swords spawned. Trigger [Sword Revelation] on discarding a card,得られる飛剣数が倍増し、カードを捨てるとき、悟剣の効果を発動する。
ReEX_Info_B/89,Text,,唤回飞剑数量变为无限，费用+4，获得【唯一】标签，伤害减半，无法暴击,"Summon all the flying swords, Cost +4, add the [Unique] tag, halve the damage, and cannot CRIT",召喚する飛剣数の上限を取り除き、コスト+4。ワード「唯一」を獲得し、ダメージが半減する代わりに会心できなくなる。
ReEX_Info_B/9,Text,,弃牌时，所有己方单位【成长】1点风灵根,,
ReEX_Info_B/90,Text,,累计弃牌10张后，获得一张《倒影》,,
ReEX_Info_B/91,Text,,,,
ReEX_Info_B/92,Text,,每回合抽到僵尸之血卡牌数量翻倍,Double the number of <Zombie Blood> cards drawn each turn,各ターンでドローできる僵屍の血の枚数が倍増する。
ReEX_Info_B/93,Text,,每回合第一次弃牌时，执行一次【全局抽牌】,,
ReEX_Info_B/94,Text,,回合结束时，场上每有一名凡人单位，手牌中所有《僵尸之血》数值提升3%,,
ReEX_Info_B/95,Text,,战斗开始时，获得一张《斩道-生死》,,
ReEX_Info_B/96,Text,,,,
ReEX_Info_B/97,Text,,对满行动次数的目标使用时，将一张费用+1的绘涩加入手牌,"When used on a target with full AP, add a Cost+1 <Eros> to hand",行動回数が上限であるターゲットに使用するとき、コスト+1の絵渋を手札に加える。
ReEX_Info_B/98,Text,,受到任意伤害后，对随机敌人释放心欲流泉（视为卡牌事件）,"On taking any damage, use a <Fountain of Desires> on a random enemy (counted as a card event)",任意のダメージを受けたあと、ランダムな敵に心欲流泉を発動する（カード使用としてみなす）。
ReEX_Info_B/99,Text,,弃牌时，40%概率【自身抽牌】,"On discarding a card, 40% chance to perform a [Self Draw]",カードを捨てるとき、40%の確率で「単体ドロー」を実行する。
Retrainer_CardTip/1,Text,,MagicValueTip&该随从卡牌强度提高《嚎魂》的buff获取量和《咒索》的伤害,MagicValueTip&The Card Power of this minion increases the buff amount of <Howling Soul> and the damage of <Curse Lock>,MagicValueTip&このミニオンのカード強度は『哮魂』のバフ獲得量と『呪鎖』のダメージを増加する。
Retrainer_CardTip/10,Text,,,,
Retrainer_CardTip/11,Text,,,,
Retrainer_CardTip/12,Text,,,,
Retrainer_CardTip/13,Text,,MagicValueTip&该随从卡牌强度提高《烟酒行歌》的buff获得量和《醉龙火》的伤害,MagicValueTip&The Card Power of this minion increases the buff amount of <Smoke & Liquor Ballad> and the damage of <Drinky Dragon's Fire>,MagicValueTip&このミニオンのカード強度は『煙酒行歌』のバフ獲得量と『酔龍火』のダメージを増加する。
Retrainer_CardTip/14,Text,,,,
Retrainer_CardTip/15,Text,,MagicValueTip&该随从卡牌强度提高《腥风斩》的伤害,MagicValueTip&The Card Power of this minion increases the damage of <Foul Slash>,MagicValueTip&このミニオンのカード強度は『腥風斬』のダメージを増加する。
Retrainer_CardTip/16,Text,,,,
Retrainer_CardTip/17,Text,,MagicValueTip&该随从卡牌强度提高《忘忧》的buff获得量,MagicValueTip&The Card Power of this minion increases the buff amount of <Sorrow Eraser>,MagicValueTip&このミニオンのカード強度は『憂忘れ』のバフ獲得量を増加する。
Retrainer_CardTip/18,Text,,MagicValueTip&该随从卡牌强度提高《风》的治疗量和《游方歌》叠加的【防御】量,MagicValueTip&The Card Power of this minion increases the healing amount of <Wind> and the [Defense] stacks of <Wanderer's Song>,MagicValueTip&このミニオンのカード強度は『風』の回復量と『遊方歌』が付与する「防御」量を増加する。
Retrainer_CardTip/19,Text,,该随从卡牌强度提高《血祭》的层数,The Card Power of this minion increases the stack of <Blood Sacrifice>,このミニオンのカード強度は『血祭』のスタックを増加する。
Retrainer_CardTip/2,Text,,MagicValueTip&该随从卡牌强度提高《盾骸》的护盾获取量和《弹刃》的【抵抗】层数,MagicValueTip&The Card Power of this minion increases the Shield amount of <Shield Remains> and the [Resistance] stack of <Blade Deflection>,MagicValueTip&このミニオンのカード強度は『盾骸』のシールド獲得量と『刃弾き』の「抵抗」スタックを増加する。
Retrainer_CardTip/20,Text,,MagicValueTip&该随从卡牌强度提高《拢翅》汲取的最大生命值量和《毒风》施加的【疫毒】量,MagicValueTip&The Card Power of this minion increases the Max HP amount drained by <Folded Wings> and the [Plague Toxin] amount inflicted by <Toxic Wind>,MagicValueTip&このミニオンのカード強度は『蔽翼』が吸収する体力上限と『毒風』が付与する「疫毒」量を増加する。
Retrainer_CardTip/21,Text,,MagicValueTip&该随从卡牌强度提高《神骸》获得的护盾量,MagicValueTip&The Card Power of this minion increases the Shield amount from <Divine Remains>,MagicValueTip&このミニオンのカード強度は『神骸』が獲得するシールド量を増加する。
Retrainer_CardTip/22,Text,,MagicValueTip&该随从卡牌强度提高《剑影》的伤害,MagicValueTip&The Card Power of this minion increases the damage of <Flashing Sword>,MagicValueTip&このミニオンのカード強度は『剣影』のダメージを増加する。
Retrainer_CardTip/23,Text,,MagicValueTip&该随从卡牌强度提高《追风》和《回龙》的伤害,MagicValueTip&The Card Power of this minion increases the damage of <Wind Chaser> and <Circling Dragon>,MagicValueTip&このミニオンのカード強度は『風追い』と『回龍』のダメージを増加する。
Retrainer_CardTip/24,Text,,MagicValueTip&该随从卡牌强度提高《僵尸之血》的伤害,MagicValueTip&The Card Power of this minion increases the damage of <Zombie Blood>,MagicValueTip&このミニオンのカード強度は『僵屍の血』のダメージを増加する。
Retrainer_CardTip/25,Text,,MagicValueTip&该随从卡牌强度提高《心欲流泉》的伤害,MagicValueTip&The Card Power of this minion increases the damage of <Fountain of Desires>,MagicValueTip&このミニオンのカード強度は『心欲流泉』のダメージを増加する。
Retrainer_CardTip/26,Text,,MagicValueTip&该随从卡牌强度提高《嫁枝》获得的护盾量和《桃花烬》的伤害,MagicValueTip&The Card Power of this minion increases the Shield amount from <Bridal Branch> and the damage of <Peach Blossom Embers>,MagicValueTip&このミニオンのカード強度は『婚枝』が獲得するシールド量と『桃花燼』のダメージを増加する。
Retrainer_CardTip/27,Text,,MagicValueTip&该随从卡牌强度提高《索心》的伤害,MagicValueTip&The Card Power of this minion increases the damage of <Heart Seeker>,MagicValueTip&このミニオンのカード強度は『索心』のダメージを増加する。
Retrainer_CardTip/28,Text,,MagicValueTip&该随从卡牌强度提高《退潮》的伤害,MagicValueTip&The Card Power of this minion increases the damage of <Ebb Tide>,MagicValueTip&このミニオンのカード強度は『退潮』のダメージを増加する。
Retrainer_CardTip/29,Text,,MagicValueTip&该随从卡牌强度提高《盘龙根》和《寄生》的汲取量,MagicValueTip&The Card Power of this minion increases the amount drained by <Coiling Dragon Root> and <Parasite>,MagicValueTip&このミニオンのカード強度は『盤龍根』と『寄生』の吸収量を増加する。
Retrainer_CardTip/3,Text,,MagicValueTip&该随从卡牌强度提高《灵御》的护盾获取量和《三三阵》的【灵压】层数,MagicValueTip&The Card Power of this minion increases the Shield amount of <Mana Ward> and the [Spiritual Pressure] stack of <Triple Formation>,MagicValueTip&このミニオンのカード強度は『霊御』のシールド獲得量と『三三陣』の「霊圧」スタックを増加する。
Retrainer_CardTip/30,Text,,,,
Retrainer_CardTip/31,Text,,MagicValueTip&该随从卡牌强度提高《破雷指》和《雷符》的伤害,MagicValueTip&The Card Power of this minion increases the damage of <Lightning Breaker Finger> and <Lightning Sigil>,MagicValueTip&このミニオンのカード強度は『破雷指』と『雷霆符』のダメージを増加する。
Retrainer_CardTip/32,Text,,,,
Retrainer_CardTip/33,Text,,,,
Retrainer_CardTip/34,Text,,MagicValueTip&该随从卡牌强度提高《烟火弹》和《龙爪》的伤害,MagicValueTip&The Card Power of this minion increases the damage of <Firework Bolt> and <Dragon Claw>,MagicValueTip&このミニオンのカード強度は『煙火弾』と『龍爪』のダメージを増加する。
Retrainer_CardTip/35,Text,,MagicValueTip&《神骸》的护盾回复量,MagicValueTip&The Shield restoration amount of <Divine Remains>,MagicValueTip&『神骸』のシールド回復量。
Retrainer_CardTip/36,Text,,MagicValueTip&该随从卡牌强度提高《妖弓》的伤害和《神骸》的护盾回复量,MagicValueTip&The Card Power of this minion increases the damage of <Demonic Bow> and the Shield restoration amount of <Divine Remains>,MagicValueTip&このミニオンのカード強度は『影弓』のダメージと『神骸』のシールド回復量を増加する。
Retrainer_CardTip/37,Text,,MagicValueTip&该随从卡牌强度提高《巨擎袭》的伤害,MagicValueTip&The Card Power of this minion increases the damage of <Colossal Assault>,MagicValueTip&このミニオンのカード強度は『巨擎撃』のダメージを増加する。
Retrainer_CardTip/38,Text,,MagicValueTip&该随从卡牌强度提高《清白之息》的护盾回复量和《碎鼎》的伤害,MagicValueTip&The Card Power of this minion increases the Shield restoration amount of <Breath of Purity> and the damage of <Cauldron Shatterer>,MagicValueTip&このミニオンのカード強度は『潔白の息』のシールド回復量と『砕鼎』のダメージを増加する。
Retrainer_CardTip/39,Text,,MagicValueTip&该随从卡牌强度提高《清风指》和《浊气掌》的伤害,MagicValueTip&The Card Power of this minion increases the damage of <Finger of Breeze> and <Miasma Palm>,MagicValueTip&このミニオンのカード強度は『清風指』と『濁気掌』のダメージを増加する。
Retrainer_CardTip/4,Text,,MagicValueTip&该随从卡牌强度提高《灵嚼》和《怨骨》的伤害,MagicValueTip&The Card Power of this minion increases the damage of <Mana Muncher> and <Resentful Skeleton>,MagicValueTip&このミニオンのカード強度は『霊嚼』と『怨骨』のダメージを増加する。
Retrainer_CardTip/40,Text,,MagicValueTip&该随从卡牌强度提高《判魂》的护盾回复量,MagicValueTip&The Card Power of this minion increases the Shield restoration amount of <Judgment of Souls>,MagicValueTip&このミニオンのカード強度は『魂裁き』のシールド回復量を増加する。
Retrainer_CardTip/41,Text,,MagicValueTip&该随从卡牌强度提高《烙印-忏悔》的buff获得量,MagicValueTip&The Card Power of this minion increases the buff amount of <Stigma - Repentance>,MagicValueTip&このミニオンのカード強度は『烙印-懺悔』のバフ獲得量を増加する。
Retrainer_CardTip/42,Text,,MagicValueTip&该随从卡牌强度提高《阴鳞剑》的伤害,MagicValueTip&The minion's Card Power increases the damage of <Umbralscale Blade>,MagicValueTip&このミニオンのカード強度は『陰鱗剣』のダメージを増加させる。
Retrainer_CardTip/43,Text,,MagicValueTip&该随从卡牌强度提高《灵狐妖风》的伤害,MagicValueTip&The minion’s Card Power increases the damage of <Vixen Gale>,MagicValueTip&このミニオンのカード強度は『霊狐妖風』のダメージを増加させる。
Retrainer_CardTip/44,Text,,MagicValueTip&该随从卡牌强度提高《沉渊之汐》和《翻云覆雨-妖》的伤害,MagicValueTip&The minion's Card Power increases the damage of <Abyssal Tide> and <Ripples of Pleasure - Fiend>,MagicValueTip&このミニオンのカード強度は『沈淵の汐』と『翻雲覆雨-妖』のダメージを増加させる。
Retrainer_CardTip/45,Text,,MagicValueTip&该随从卡牌强度提高《索心叉》的伤害,MagicValueTip&The minion's Card Power increases the damage of <Heart-Seeking Fork>,MagicValueTip&このミニオンのカード強度は『索心叉』のダメージを増加させる。
Retrainer_CardTip/46,Text,,MagicValueTip&该随从卡牌强度提高《玉剑》的buff获得量,MagicValueTip&The minion's Card Power increases the buff amount of <Jade Sword>,MagicValueTip&このミニオンのカード強度は『玉剣』のバフ獲得量を増加させる。
Retrainer_CardTip/47,Text,,MagicValueTip&该随从卡牌强度提高《本源之种》的buff获得量和《预知》的回复量,MagicValueTip&The minion's Card Power increases the buff amount of <Seed of Origin> and the healing amount of <Presage>,MagicValueTip&このミニオンのカード強度は『本源の種』のバフ獲得量と『予知』の回復量を増加させる。
Retrainer_CardTip/48,Text,,MagicValueTip&该随从卡牌强度提高《头槌》和《胀气》的伤害,MagicValueTip&The minion's Card Power increases the damage of <Headbutt> and <Bloat>,MagicValueTip&このミニオンのカード強度は『頭突き』と『膨満』のダメージを増加させる。
Retrainer_CardTip/49,Text,,MagicValueTip&该随从卡牌强度提高《决睚之眼》的buff获得量,MagicValueTip&The minion's Card Power increases the buff amount of <Gaze of Vengeance>,MagicValueTip&このミニオンのカード強度は『決睚の眼』のバフ獲得量を増加させる。
Retrainer_CardTip/5,Text,,MagicValueTip&该随从卡牌强度提高《僵尸之血》和《鬼火》的伤害,MagicValueTip&The Card Power of this minion increases the damage of <Zombie Blood> and <Ghost Fire>,MagicValueTip&このミニオンのカード強度は『僵屍の血』と『鬼火』のダメージを増加する。
Retrainer_CardTip/50,Text,,MagicValueTip&该随从卡牌强度提高《大江东去》的buff获得量,MagicValueTip&The minion's Card Power increases the buff amount of <Torrent of Time>,MagicValueTip&このミニオンのカード強度は『大江東去』のバフ獲得量を増加させる。
Retrainer_CardTip/51,Text,,MagicValueTip&该随从卡牌强度提高《春眠》的治疗量和《惊蛰》的伤害,MagicValueTip&The minion's Card Power increases the healing amount of <Spring Nap> and the damage of <Awakening of Insects>,MagicValueTip&このミニオンのカード強度は『春眠』の回復量と『啓蟄』のダメージを増加させる。
Retrainer_CardTip/52,Text,,MagicValueTip&该随从卡牌强度提高《金攥勾月枪》和《撼山猛虎拳》的伤害,MagicValueTip&The minion's Card Power increases the damage of <Golden Crescent Spear> and <Landslide Tiger Fist>,MagicValueTip&このミニオンのカード強度は『金攢鉤月槍』と『撼山猛虎拳』のダメージを増加させる。
Retrainer_CardTip/53,Text,,MagicValueTip&该随从卡牌强度提高《毒血剑》和《蚀心剑》的伤害,MagicValueTip&The minion's Card Power increases the damage of <Venomblood Sword> and <Heart-Eroding Sword>,MagicValueTip&このミニオンのカード強度は『毒血剣』と『蝕心剣』のダメージを増加させる。
Retrainer_CardTip/54,Text,,MagicValueTip&该随从卡牌强度提高《精准射击》的伤害,MagicValueTip&The minion's Card Power increases the damage of <Precision Shot>,MagicValueTip&このミニオンのカード強度は『正確射撃』のダメージを増加させる。
Retrainer_CardTip/55,Text,,MagicValueTip&该随从卡牌强度提高《斩龙诀》的伤害和《人皇骸》的护盾获得量,MagicValueTip&This follower's card power increases the damage of Dragon-Slaying Decree and the Shield amount gained from Remains of the Human Emperor.,MagicValueTip&この従者のカード強度は 《斬龍決》 のダメージと 《人皇骸》 のシールド獲得量を上昇させる。
Retrainer_CardTip/6,Text,,MagicValueTip&该随从卡牌强度提高《掌中天眼》汲取的攻击量和《腐生》的伤害,MagicValueTip&The Card Power of this minion increases the Attack amount drained by <Palm-Eye> and the damage of <Decayborn>,MagicValueTip&このミニオンのカード強度は『掌中天眼』が吸収する攻撃力と『生腐り』のダメージを増加する。
Retrainer_CardTip/7,Text,,MagicValueTip&该随从卡牌强度提高《汲尸》的回复量和《染疫》施加的【疫毒】层数,MagicValueTip&The Card Power of this minion increases the healing amount of <Corpse Siphon> and the [Plague Toxin] stacks inflicted by <Spreading Plague>,MagicValueTip&このミニオンのカード強度は『汲屍』の回復量と『染疫』が付与する「疫毒」スタックを増加する。
Retrainer_CardTip/8,Text,,MagicValueTip&该随从卡牌强度提高《僵尸之血》的伤害,MagicValueTip&The Card Power of this minion increases the damage of <Zombie Blood>,MagicValueTip&このミニオンのカード強度は『僵屍の血』のダメージを増加する。
Retrainer_CardTip/9,Text,,,,
Retrainer_Info/1,Text,,输出型随从，可以提供增益,Damage dealer. Can also provide buffs,攻撃型ミニオン、バフを提供できる。
Retrainer_Info/10,Text,,死而复生的扭曲亡国之人，相比于事实上的亡国，被神抛弃，才是她们更不愿意看到的吧……,,
Retrainer_Info/11,Text,,死而复生的亡国之人，生前也是一人之下的存在，在某种愿力的作用下，死而复生,,
Retrainer_Info/12,Text,,蕴含龙气的亡国帝姬，即便是作为僵尸死而复生，也不会轻易被人控制,,
Retrainer_Info/13,Text,,擅长使用卡牌的爆发型随从，只要灵力管够……,A burst-oriented minion skilled in using cards. Just provide her with enough Mana...,カードを利用して大ダメージを与えるミニオン、霊力が足りるならば…
Retrainer_Info/14,Text,,尸姬妈妈的好大儿，智力很低，可以吞噬别人获得无限的成长,,
Retrainer_Info/15,Text,,擅长输出的随从，同样，也擅长输出队友,Damage-dealing expert who's also good at damaging allies,ダメージを得意とするミニオンだが、敵味方の区別が苦手。
Retrainer_Info/16,Text,,无字碑中诞生的幽灵，似乎什么都记得，似乎什么都不记得……,,
Retrainer_Info/17,Text,,擅长辅助的随从，能玩弄岁月,A great supporter capable of manipulating time,サポートを得意とするミニオン、時間を操ることができる。
Retrainer_Info/18,Text,,擅长辅助的随从，能贡献灵力,A great supporter who's good at providing Mana,サポートを得意とするミニオン、霊力を提供できる。
Retrainer_Info/19,Text,,能够强力辅助队友的随从，只是需要付出一点鲜血,"A powerful supporter for allies, who demands a small price in blood",味方を強くサポートするミニオン、その代償に血が必要だ。
Retrainer_Info/2,Text,,防御型随从，擅长吸收伤害，掩护队友,Tanker. Excels at tanking damage and shielding allies,防御型ミニオン、ダメージ吸収が得意で、味方を守る。
Retrainer_Info/20,Text,,象征着腐烂的毒蛾，擅长玩弄疫毒,A poisonous moth viewed as a symbol of decay. Excels at manipulating plague toxins,腐敗を象徴する毒蛾、疫毒を操るのが得意。
Retrainer_Info/21,Text,,拳术惊人的老僵尸，能提供不俗的物理输出，但是他的身体经不起任何攻击……,"An ancient zombie with astonishing fist techniques, capable of dealing tons of physical damage, though his body cannot withstand any punches...",凄まじい拳法を使う老人の僵屍、抜群の物理ダメージを提供できるが、その身体は攻撃に耐えることなどできない…
Retrainer_Info/22,Text,,可以提供飞剑的随从，也能提供一定的生存能力,A minion who can spawn flying swords and acts as a decent tanker,飛剣を召喚するミニオン、一定の生存能力をも提供できる。
Retrainer_Info/23,Text,,擅长使用飞剑的随从，飞剑越多越强,A minion skilled in wielding flying swords; grows stronger with more swords,飛剣を操るのを得意とするミニオン、飛剣が多いほど強くなる。
Retrainer_Info/24,Text,,擅长使用卡牌的随从，尤其擅长使用僵尸之血,"A minion that excels at using cards, particularly excelling with Zombie Blood",カードの使用を得意とするミニオン、特に僵屍の血の使用を得意とする。
Retrainer_Info/25,Text,,擅长抽牌的随从，偶尔也能客串一下输出,"A minion specializing in drawing cards, who can also act as a temporary damage dealer",ドローを得意とするミニオン、たまにはダメージ役にも向いている。
Retrainer_Info/26,Text,,代表着桃花和火焰的妖怪，擅长利用法术和减益效果,A Yaoguai embodying peach blossoms and flames. Adept at casting spells and debuffs,桃の花と炎を象徴する妖怪、法術とデバフの利用を得意とする。
Retrainer_Info/27,Text,,依赖飞剑和暴击的随从，拥有不俗的爆发,"A minion reliant on flying swords and critical hits, boasting formidable burst damage",飛剣と会心を中心とするミニオン、ダメージ出力は抜群。
Retrainer_Info/28,Text,,喜欢被击的随从，离死亡越近，越兴奋,"A minion that thrives as a tanker. The closer it gets to death, the more frenzied it becomes",攻撃されるのが好きなミニオン、死に近いほど興奮する。
Retrainer_Info/29,Text,,汲取生灵力量的妖树，越是汲取，便越是强大,"A demonic tree that drains the vitality of living beings. The more it drains, the more powerful it becomes",生き物の力を吸収する妖樹、吸収するほど強くなる。
Retrainer_Info/3,Text,,响应卡牌的随从，可以提供追加伤害和续航,A minion that is responsive to many cards. Deals follow-up damage and provides sustaining,カード使用で効果を発動するミニオン、追加ダメージと回復を提供できる。
Retrainer_Info/30,Text,,,,
Retrainer_Info/31,Text,,精通雷法的人类，以真实伤害见长,A human proficient in lightning magic. Excels at dealing True Damage,雷の術を得意とする人間、真実ダメージを与えることが得意。
Retrainer_Info/32,Text,,拒绝化龙，放弃希望，在冥河种摆烂的，摆鲤,,
Retrainer_Info/33,Text,,不知名的碑与缠绕在上面诡异的藤……,,
Retrainer_Info/34,Text,,需要成长的幼龙，如果有时间成长的话，也许会很强……,"A young dragon in need of growth. Given enough time, it might become formidable...",まだ成長していない幼い龍、時間をかけて成長させれば、強くなるかもしれない…
Retrainer_Info/35,Text,,被炼化成神魂的团鹊，很讨尸姬大人的喜欢,"A magpie transformed into a spiritual being, who's greatly favored by the Lady Zombie",魂の姿に錬成されたカササギ、屍姫のお気に入り。
Retrainer_Info/36,Text,,擅长辅助的随从，提供减益和续航,A great supporter who's good at providing debuffs and sustaining,サポートを得意とするミニオン、デバフ付与と回復ができる。
Retrainer_Info/37,Text,,擅长利用敌我位置的随从，擅长在大团队中战斗,A minion who can exploit the positioning of enemies and allies and excels in large-scale team battles,敵味方の位置を利用することが得意なミニオン、大規模な団体戦で力を発揮する。
Retrainer_Info/38,Text,,"擅长使用护盾的随从，也擅长使用护盾攻击
感谢“灵絮”的定制","An expert shield bearer. Also excels with shield attacks
Special thanks to ""Lingxu"" for the customization","シールド付与とシールドでの攻撃を得意とするミニオン。
「綿々」のカスタマイズに感謝する。"
Retrainer_Info/39,Text,,身负奇脉的随从，擅长在战斗中使用灵力,A minion bearing a mystical power. Adept at wielding spiritual energy in combat,不思議な力を操るミニオン、戦闘で霊力を使うのが得意。
Retrainer_Info/4,Text,,辅助型随从，可以提供弃牌收益,Supporter. Provides benefits from discarding cards,サポート型ミニオン、捨て札で効果を発揮できる。
Retrainer_Info/40,Text,,曾经掌管阴司的主人，擅长直接削减生命,"The former ruler of the Netherworld, capable of directly depleting life",冥界の役所を司る主、生命力を直接削るのが得意。
Retrainer_Info/41,Text,,时间会遗忘一切，错误用永恒停留，堕落的使者再也回不到春神身边了……,"Time forgets all, yet mistakes linger eternally. The fallen herald can never return to the side of the Spring Goddess...",時間はすべてを忘れる。過ちは永遠に留まり、堕落した使者はもはや春神のもとへ戻れない…
Retrainer_Info/42,Text,,尸姬大人的宠物，擅长被击与反伤。(该随从具有唯一性),"Lady Zombie's pet, adept at tanking hits and reflecting damage. (Unique minion)",屍姫さまのペット、被撃とダメージ反射を得意とする。（このミニオンは唯一性を持つ）
Retrainer_Info/43,Text,,曾经的万妖山之主，擅长汲取和魅惑。(该随从具有唯一性),"Former ruler of Mount Monsters, adept at [Drain] and [Charm]. (Unique minion)",かつての万妖山の主、吸収と魅惑を得意とする。（このミニオンは唯一性を持つ）
Retrainer_Info/44,Text,,不知道活了多久的大妖怪，擅长回血补肾，当然，也擅长把人榨干……(该随从具有唯一性),"An ancient fiend who's lived for ages unknown. Excels at healing and boosting, but equally skilled at draining her mates dry... (Unique minion)",どれだけ長く生きているかも分からない大妖怪、回復と補腎を得意とする。もちろん、人間を絞り尽くすことも得意である…（このミニオンは唯一性を持つ）
Retrainer_Info/45,Text,,和姐姐一起的蛟龙，对标记的目标，永远“不离不弃”……(该随从具有唯一性，拥有雨师后可刷出),"A wyrm who follows her elder sister. Once she marks a target, she becomes ""eternally faithful"" to them... (Unique minion, and can appear after obtaining Raincaller)",姉と同行する蛟龍、マークされたターゲットから「永遠に離れない」…（このミニオンは唯一性を持ち、雨師を所持していると出現するようになる）
Retrainer_Info/46,Text,,尸姬大人的“法器”，拥有法器的特质和一些奇妙效果(该随从会携带装备入场，具有唯一性),"Lady Zombie's ""ritual artifact”, possessing supposed traits and some wonderful effects. (Unique minion, enters the field with equipment)",屍姫さまの「法器」、法器の性質といくつかの不思議な効果を持つ。（このミニオンは装備を装着した状態で入場し、唯一性を持つ）
Retrainer_Info/47,Text,,世间阴阳有灵气而化形……其卡牌对于敌我双方均有不同效果(该随从具有唯一性),Manifest of the spiritual energy of Yin and Yang... This unit's cards have different effects on allies and enemies. (Unique minion),世間の陰陽が霊気により具現化したもの…そのカードは敵味方それぞれに異なる効果を持つ。（このミニオンは唯一性を持つ）
Retrainer_Info/48,Text,,<color=#ff9966>？？？为什么这个手贱的萝北会出现在随从池里？</color>,<color=#ff9966>??? How did this cheap-tricks Turnip end up in the minion pool?</color>,<color=#ff9966>？？？なぜこの間抜けがミニオンプールにいる？</color>
Retrainer_Info/49,Text,,擅长战斗的随从，特别热衷于对攻击过自己的敌人发起反击,A combat-savvy minion who is exceptionally keen on retaliating enemies that have harmed it,戦闘を得意とするミニオン、自分を攻撃した敵に反撃する傾向がある。
Retrainer_Info/5,Text,,擅长使用卡牌的随从，可以提供输出和续航,A minion that excels at using cards. Deals damage and provides sustaining,カードの使用を得意とするミニオン、ダメージと回復を提供できる。
Retrainer_Info/50,Text,,记录着神明历史的幽灵，精通岁月之力……可惜，已经死去很久了……,"A specter that records the history of deities, an expert of the power of time... Sadly, it has been dead for too long...",神の歴史を記録した幽霊、歳月の力に長けている…残念だが、もう死んでずいぶん時間が経っている…
Retrainer_Info/51,Text,,存在于凡人印象中的神明……现在，尸姬大人凭借回忆将她具象了出来……(该随从具有唯一性),"A deity that exists in the impression of mortals... Now, the Lady Zombie has materialized her through memory... (Unique minion)",凡人の想像に存在する神…今、屍姫さまは記憶を頼りに彼女を具現化した…（このミニオンは唯一性を持つ）
Retrainer_Info/52,Text,,曾经万妖山的山神，擅长吃和睡,"A mountain god who once ruled Mount Monsters, good at eating and sleeping",かつての万妖山の山神、食うことと寝ることを得意とする。
Retrainer_Info/53,Text,,存在于尸姬大人记忆中的妖王，擅长毒和飞剑,"A fiend lord from the Lady Zombie's memories, skilled with poison and flying swords",屍姫さまの記憶にある妖王、毒と飛剣を得意とする。
Retrainer_Info/54,Text,,死而复生的始龙城护卫，擅长利用标记击杀对手,"A resurrected guard from City of the Ancestral Dragon, adept at using marks to take down foes",死から蘇った始龍城の護衛、マークで相手を撃殺することを得意とする。
Retrainer_Info/55,Text,,始龙古帝的尸骸，无尽的凡人血肉，尸姬大人的一滴精血。以此缝合而出的，堕龙帝姬。,"The corpse of the Ancient Emperor Shilong, the flesh and blood of countless mortals, and a drop of the Divine Blood of the Corpse Lady. From these, the Fallen Dragon Imperial Lady was stitched together.",始龍古帝の遺骸、尽きることのない凡人の血肉、屍姫さまの一滴の精血。これによって縫い合わされ、堕龍帝姫が誕生した。
Retrainer_Info/6,Text,,初始无法普攻的随从，但是可以借助队友发挥出更强的力量,"A minion initially incapable of Basic Attacks, yet excels at unleashing power through allies",序盤から通常攻撃できないミニオンだが、味方の力を借りてより強い効果を発揮できる。
Retrainer_Info/7,Text,,擅长玩毒的随从，自身本体比较脆弱,"An adept at poisoning, though with a fragile body",毒を得意とするミニオンだが、体力がやや低め。
Retrainer_Info/8,Text,,擅长普攻的随从，尤其擅长辅助别人普攻,A minion excels at Basic Attacks and helping others with Basic Attacks,通常攻撃を得意とするミニオン、特にほかのキャラの通常攻撃をサポートする。
Retrainer_Info/9,Text,,死而复生的亡国之人，亡国曾是指一个信奉春神的小国家，然而这种在春神死后才建立的信仰，注定是得不到回应的……,,
Retrainer_Name/,Text,,骷髅妹,Skull Girl,髑髏ちゃん
Retrainer_Name/1,Text,,恶灵,Strangler,薄霊（うすれい）
Retrainer_Name/10,Text,,亡国姬-紫烟,,
Retrainer_Name/1001,Text,,盗墓人,Grave Plunderer,墓漁り
Retrainer_Name/1002,Text,,尸道人,Corpse Taoist,屍仙道（しせんどう）
Retrainer_Name/1003,Text,,守墓人,Grave Keeper,墓門尉（ぼもんい）
Retrainer_Name/1004,Text,,阴兵上将,Netherworld General,黒甲将（こっこうしょう）
Retrainer_Name/1005,Text,,灵弓-道中,Arcus - Mini-Boss,雷矢-道中
Retrainer_Name/1006,Text,,灵弓,Arcus,雷矢
Retrainer_Name/1007,Text,,灵方-道中,Cipheria - Mini-Boss,呪縁-道中
Retrainer_Name/1008,Text,,灵方,Cipheria,呪縁（じゅえん）
Retrainer_Name/1009,Text,,石精-雷,Stone Spirit - Lightning,石精-雷
Retrainer_Name/1010,Text,,咒灵草人,Cursed Straw Man,呪霊案山子
Retrainer_Name/1011,Text,,呱王,King Frog,王蛙
Retrainer_Name/1013,Text,,睚眦,Yazi,睚眦（がし）
Retrainer_Name/1014,Text,,巨蜥护法,Varanid Guardian,巨蜥（きょとかげ）護法
Retrainer_Name/1015,Text,,银蛇护法,Silver Snake Guardian,銀蛇（ぎんじゃ）護法
Retrainer_Name/1016,Text,,巨蜥护法,Varanid Guardian,巨蜥護法
Retrainer_Name/1017,Text,,银蛇护法,Silver Snake Guardian,銀蛇護法
Retrainer_Name/1018,Text,,幽河冥龟,Mystic River Turtle,幽河冥亀（ゆうがめいき）
Retrainer_Name/1019,Text,,九尾狐,Nine-Tailed Fox,玉藻姫（たまものひめ）
Retrainer_Name/1020,Text,,独臂老尸,One-Armed Zombie,片腕翁（かたうでおう）
Retrainer_Name/1021,Text,,腐蛾,Decay Moth,腐蛾（ふが）
Retrainer_Name/1022,Text,,烟灰龙,Ash Dragon,煙灰龍
Retrainer_Name/1023,Text,,桃枝,Peach Branch,桃枝（ももえだ）
Retrainer_Name/1024,Text,,天雷玄女,Lightning Maiden,天雷玄女
Retrainer_Name/1025,Text,,驱雷道人,Lightning Taoist,駆雷道人
Retrainer_Name/1026,Text,,重鸣,Resonantia,重鳴
Retrainer_Name/1027,Text,,儒修狐,Scholar Fox,儒修狐（じゅしゅうこ）
Retrainer_Name/1028,Text,,万法神童,Omnipotent Prodigy,万法神童
Retrainer_Name/1029,Text,,万事录,Encyclopaedia,時詠み（ときよみ）
Retrainer_Name/1030,Text,,妖妻,Fiend Wife,妖妻（ようさい）
Retrainer_Name/1031,Text,,魔妾,Demonic Concubine,魔妾（ましょう）
Retrainer_Name/1032,Text,,未亡人-妖妻,Widow - Fiend Wife,未亡人-妖妻
Retrainer_Name/1033,Text,,未亡人-妖妻,Widow - Fiend Wife,未亡人-妖妻
Retrainer_Name/1034,Text,,未亡人-魔妾,Widow - Demonic Concubine,未亡人-魔妾
Retrainer_Name/1035,Text,,奴隶-魔妾,Slave - Demonic Concubine,奴隷-魔妾
Retrainer_Name/1036,Text,,奴隶-妖妻,Slave - Fiend Wife,奴隷-妖妻
Retrainer_Name/1037,Text,,奴隶-魔妾,Slave - Demonic Concubine,奴隷-魔妾
Retrainer_Name/1038,Text,,虚空大王,Void Overlord,虚無大王（きょむだいおう）
Retrainer_Name/1039,Text,,妖龙-雨师,Vile Dragon - Rain Master,妖龍-雨師（ようりゅう-うし）
Retrainer_Name/1040,Text,,魔蛟-云岚,Demonic Wyrm - Cloud Mist,魔蛟（まこう）-雲嵐（うんらん）
Retrainer_Name/1041,Text,,尸灵古树,Carrion Tree,屍霊古樹
Retrainer_Name/1042,Text,,三目上人,Three-Eyed Sage,三眼尼（さんがんに）
Retrainer_Name/1043,Text,,枯尸心,Withered Heart,枯屍心（こししん）
Retrainer_Name/1044,Text,,机傀-零,Puppet - Zero,機傀-零
Retrainer_Name/1045,Text,,妖剑心,Heart of Evil Sword,妖剣心
Retrainer_Name/1046,Text,,凡人心,Mortal Heart,凡人心
Retrainer_Name/1047,Text,,黄泉不度,The Denied One,黄泉咲（よみざき）
Retrainer_Name/1048,Text,,司祝,Ceremonial Emcee,司祝（ししゅく）
Retrainer_Name/1049,Text,,屠夫,Butcher,屠殺者
Retrainer_Name/1050,Text,,红大仙,Crimson Immortal,紅大仙
Retrainer_Name/1051,Text,,剑修-四指,Sword Cultivator - Four-Finger,剣修-四指
Retrainer_Name/1052,Text,,养剑葫芦,Sword-Nurturing Gourd,養剣瓢箪
Retrainer_Name/1053,Text,,丹师-药居士,Alchemist - Medicine Hermit,丹師-薬居士
Retrainer_Name/1054,Text,,紫玉枝,Purple Jade Branch,紫玉枝
Retrainer_Name/1055,Text,,人仙-驭灵道人,Human Immortal - Spirit Taoist,人仙-御霊道人
Retrainer_Name/1056,Text,,人皇幡,Emperor's Banner,人皇幡（じんこうはん）
Retrainer_Name/1057,Text,,鬼仙,Ghost Immortal,鬼仙（きせん）
Retrainer_Name/1058,Text,,白玉尊,White Jade Sage,白玉尊（びゃくぎょくそん）
Retrainer_Name/1059,Text,,翻天印,Celestial Overturn Seal,翻天印
Retrainer_Name/1060,Text,,八卦镜,Bagua Mirror,八卦鏡
Retrainer_Name/1061,Text,,长毛萝北,Furry Turnip,長毛蘿蔔（ながげふらく）
Retrainer_Name/1062,Text,,小青龙,Little Azure Dragon,小青龍
Retrainer_Name/1063,Text,,独眼庞海,One-Eyed Crab,隻眼厖海（ぼうかい）
Retrainer_Name/1064,Text,,化龙-白鲤,Dragon Ascension - White Carp,化龍-白鱗姫
Retrainer_Name/1065,Text,,蝗道人,Locust Taoist,蝗道人（いなごどうにん）
Retrainer_Name/1066,Text,,谪仙子,Banished Immortal,謫仙子（てきせんし）
Retrainer_Name/1067,Text,,天音琵琶,Pipa of Heavenly Sound,天音琵琶（てんおんびわ）
Retrainer_Name/1068,Text,,灵絮,Etheria,綿々（めんめん）
Retrainer_Name/1069,Text,,宝葫芦,Treasure Gourd,宝の瓢箪
Retrainer_Name/1070,Text,,白玉清,White Jade Purifier,白玉清
Retrainer_Name/1071,Text,,城门铁俑,City Gate Iron Statue,鉄壁俑（てっぺきよう）
Retrainer_Name/1072,Text,,城门铁俑,City Gate Iron Statue,鉄壁俑（てっぺきよう）
Retrainer_Name/1073,Text,,神机教头,Imperial Instructor,神機教頭（しんききょうとう）
Retrainer_Name/1074,Text,,龙甲禁卫,Dragon Armor Custode,龍甲禁衛（りゅうこうきんえい）
Retrainer_Name/1075,Text,,岁规镇守,Guardian of the Annual Rites,歳規鎮守（さいきちんしゅ）
Retrainer_Name/1076,Text,,阴符,Yin Sigil,陰符（いんぷ）
Retrainer_Name/1077,Text,,阳符,Yang Sigil,陽符（ようふ）
Retrainer_Name/1078,Text,,天门庙祝,Heavenly Gate Temple Priest,天門廟祝（てんもんびょうしゅく）
Retrainer_Name/1079,Text,,始龙古帝,Ancestral Dragon Emperor,始龍古帝
Retrainer_Name/1080,Text,,云剑-风月白,Cloud Sword - Lunar White,雲剣-風月白
Retrainer_Name/1081,Text,,隐居士,Hermit,隠居士（いんきょし）
Retrainer_Name/1082,Text,,恶腐之花,Flower of Corruption,悪腐の花
Retrainer_Name/1083,Text,,竹天宝,Bamboo Cub,竹天宝
Retrainer_Name/1084,Text,,杀神-西王,God of Slaughter - The West Lord,殺神-西王
Retrainer_Name/1085,Text,,黑猫,Black Cat,黒猫
Retrainer_Name/1086,Text,,白猫,White Cat,白猫
Retrainer_Name/1087,Text,,饕餮,Taotie,饕餮（とうてつ）
Retrainer_Name/1088,Text,,判官-玄冥,Judge - Necroria,判官-玄冥
Retrainer_Name/1089,Text,,剑奴,Sword Slave,縁奴（えんぬ）
Retrainer_Name/1090,Text,,画姬,Lady Painter,絵夢（えむ）
Retrainer_Name/1091,Text,,灵鹊,Spiritual Magpie,霊鵲（れいじゃく）
Retrainer_Name/1092,Text,,静剑,Still Sword,静剣
Retrainer_Name/1093,Text,,无名神祇,Nameless Deity,無名神祇（むめいしんぎ）
Retrainer_Name/1094,Text,,神鸦,Sacred Crow,神鴉（しんあ）
Retrainer_Name/1095,Text,,石精幽灵,Stone Spirit Specter,石精幽霊（せきせいゆうれい）
Retrainer_Name/1096,Text,,神祇侍卫,Deity's Guard,神祇護衛（しんぎごえい）
Retrainer_Name/1097,Text,,无名神祇,Nameless Deity,無名神祇（むめいしんぎ）
Retrainer_Name/1098,Text,,岁月史书,Chronicles of Time,歳月史書（さいげつししょ）
Retrainer_Name/1099,Text,,无名神祇,Nameless Deity,無名神祇（むめいしんぎ）
Retrainer_Name/11,Text,,亡国姬-朱烟,,
Retrainer_Name/1100,Text,,黄天祥,Huang Tianxiang,黄天祥（こうてんしょう）
Retrainer_Name/1101,Text,,饭锅,Rice Pot,釜（かま）
Retrainer_Name/1102,Text,,无名拳圣,Nameless Fist Saint,無名拳聖（むめいけんせい）
Retrainer_Name/1103,Text,,赤龙帝姬,Red Dragon Princess,赤龍帝姫（せきりゅうていひ）
Retrainer_Name/1104,Text,,无名神祇,Nameless Deity,無名神祇（むめいしんぎ）
Retrainer_Name/1105,Text,,疫纸人,Plague Paper Doll,疫形代（やくかたしろ）
Retrainer_Name/1106,Text,,花仙-影百合,Flower Faerie - Shadow Lily,花仙-影百合（かせん-かげゆり）
Retrainer_Name/1107,Text,,蛛王-玄玑,Spider Lord - Spheria,蛛王-玄璣（じゅおう-げんけい）
Retrainer_Name/1108,Text,,春神旧影,Vestige of the Spring Goddess,春神旧影（しゅんしんきゅうえい）
Retrainer_Name/1109,Text,,昨日睚眦,Yesterday's Yazi,昨日の睚眦（さくじつのがいし）
Retrainer_Name/1110,Text,,蛛王-玄玑,Spider Lord - Spheria,蛛王-玄璣（じゅおう-げんけい）
Retrainer_Name/12,Text,,亡国姬-黄烟,,
Retrainer_Name/13,Text,,烛王龙姬,Zhuloong Princess,燭龍姫（しょくりゅうひめ）
Retrainer_Name/14,Text,,噬妖,,
Retrainer_Name/15,Text,,白骨剑鬼,Skeleton Sworddancer,白骨鬼（はっこつき）
Retrainer_Name/16,Text,,典书-无字碑,,
Retrainer_Name/17,Text,,典书-万事录,Scripture - Encyclopaedia,典書-時詠み
Retrainer_Name/18,Text,,灵方,Cipheria,呪縁（じゅえん）
Retrainer_Name/19,Text,,红仙,Lycoris,朱餓（しゅが）
Retrainer_Name/2,Text,,复生盾卫,Shield Revenant,楯衛（たてもり）
Retrainer_Name/20,Text,,腐蛾,Decay Moth,腐蛾（ふが）
Retrainer_Name/21,Text,,独臂老尸,One-Armed Zombie,片腕翁（かたうでおう）
Retrainer_Name/22,Text,,剑奴,Sword Slave,縁奴（えんぬ）
Retrainer_Name/23,Text,,静剑-寸旬,Still Sword - Uni,雪刃‐寸旬（ゆきば‐すんじゅん）
Retrainer_Name/24,Text,,黄泉不度,The Denied One,黄泉咲（よみざき）
Retrainer_Name/25,Text,,画姬-跃毫,Lady Painter - Leaping Brush,絵夢-躍毫（やくごう）
Retrainer_Name/26,Text,,桃枝,Peach Branch,桃枝（ももえだ）
Retrainer_Name/27,Text,,三目上人,Three-Eyed Sage,三眼尼（さんがんに）
Retrainer_Name/28,Text,,溺鲤,Drowned Carp,泡鯉（あわこい）
Retrainer_Name/29,Text,,尸灵古树,Carrion Tree,屍霊古樹
Retrainer_Name/3,Text,,灵弓手,Spiritual Archer,雷矢使い
Retrainer_Name/30,Text,,不见青山,,
Retrainer_Name/31,Text,,劫天师-重鸣,Doom Taoist - Resonantia,劫天師（こうてんし）-重鳴
Retrainer_Name/32,Text,,冥川白鲤,,
Retrainer_Name/33,Text,,诡藤-神冢,,
Retrainer_Name/34,Text,,烟灰龙,Ash Dragon,煙灰龍
Retrainer_Name/35,Text,,灵鹊,Spiritual Magpie,霊鵲（れいじゃく）
Retrainer_Name/36,Text,,妖弓使,Demonic Archer,影弓使い
Retrainer_Name/37,Text,,机傀-扔子,Puppet - Throwie,機傀（きく）-擲子（てきし）
Retrainer_Name/38,Text,,灵絮,Etheria,綿々（めんめん）
Retrainer_Name/39,Text,,竹天宝,Bamboo Cub,竹天宝
Retrainer_Name/4,Text,,怨骷髅,Wrathful Skull,怨霊髑髏（どくろ）
Retrainer_Name/40,Text,,玄冥,Necroria,玄冥（げんめい）
Retrainer_Name/41,Text,,妖弓手-负片,Demonic Bowman - Apostate,影弓手-負片
Retrainer_Name/42,Text,,阴兵上将,Shadowmarsh Commander,陰兵上将（いんぺいじょうしょう）
Retrainer_Name/43,Text,,狐仙-玖安,Fox Immortal - Jiu'an,狐仙-玖安（こせん-きゅうあん）
Retrainer_Name/44,Text,,妖龙-雨师,Wyrm of Calamity - Raincaller,妖龍-雨師（ようりゅう-うし）
Retrainer_Name/45,Text,,魔蛟-云岚,Demonic Jiao - Cloudbreaker,魔蛟-雲嵐（まこう-うんらん）
Retrainer_Name/46,Text,,法器-玉镇,Arcane Artifact: Jade Stabilizer,法器-玉鎮（ほうき-ぎょくちん）
Retrainer_Name/47,Text,,阴阳符,Yin-Yang Talisman,陰陽符（いんようふ）
Retrainer_Name/48,Text,,长毛萝北,Long-haired Luobei,長毛蘿蔔（ながげふらく）
Retrainer_Name/49,Text,,昨日睚眦,Yesterday's Yazi,昨日の睚眦（さくじつのがいし）
Retrainer_Name/5,Text,,从尸-绣锁,Corpse Maiden - Lockie,屍従（しじゅう）-錆鎖（しゅうさ）
Retrainer_Name/50,Text,,岁月史书,Chronicle of Time,歳月史書（さいげつししょ）
Retrainer_Name/501,Text,,盗墓贼,Grave Robber,地鼠（じそ）
Retrainer_Name/502,Text,,养尸人,Corpse Keeper,腐肥（ふひ）
Retrainer_Name/503,Text,,散人,Wanderer,散人
Retrainer_Name/504,Text,,石精,Stone Spirit,石精
Retrainer_Name/505,Text,,阴兵,Netherworld Soldier,陰兵
Retrainer_Name/506,Text,,阴兵-弓,Netherworld Archer,陰兵-弓
Retrainer_Name/507,Text,,灵蕴玉女,Imbued Maiden,霊蘊玉女（れいおんぎょくじょ）
Retrainer_Name/508,Text,,破法童子,Spellbreaker Lad,破法童子
Retrainer_Name/509,Text,,草人,Straw Man,案山子（かかし）
Retrainer_Name/51,Text,,旧神残影,Afterimage of the Old God,旧神の残影（きゅうしんのざんえい）
Retrainer_Name/510,Text,,草人-灵,Straw Man - Spiritual,案山子-霊
Retrainer_Name/511,Text,,幽灵蛙,Ghost Frog,幽霊蛙
Retrainer_Name/512,Text,,大怪蛙,Giant Frog,大蝦蟇
Retrainer_Name/513,Text,,爆爆,Popper,爆々
Retrainer_Name/514,Text,,嘲风,Gust Mocker,嘲風（ちょうふう）
Retrainer_Name/515,Text,,狐灵-风,Fox Spirit - Wind,狐霊-風
Retrainer_Name/516,Text,,狐灵-水,Fox Spirit - Water,狐霊-水
Retrainer_Name/517,Text,,狐灵-火,Fox Spirit - Fire,狐霊-火
Retrainer_Name/518,Text,,狐灵-雷,Fox Spirit - Lightning,狐霊-雷
Retrainer_Name/519,Text,,霹雳爆爆,Thunder Popper,霹靂爆々（へきれきばくばく）
Retrainer_Name/52,Text,,山神-天罡星,Mountain God - Celestial Star,山神-天罡星（さんしん-てんこうせい）
Retrainer_Name/520,Text,,雀生,Sparrow Spawn,雀生（しゃくせい）
Retrainer_Name/521,Text,,雷兵,Lightning Soldier,雷兵
Retrainer_Name/522,Text,,墨法-嘲风,Ink Sorcerer - Gust Mocker,墨法-嘲風
Retrainer_Name/523,Text,,冰石精,Icerock Spirit,氷石精
Retrainer_Name/524,Text,,城官阿伟,Officer Awei,城官のお偉
Retrainer_Name/525,Text,,风月僧,Debauch Monk,風月僧
Retrainer_Name/526,Text,,门盾僧,Gatekeeper Monk,門盾僧
Retrainer_Name/527,Text,,恶犬,Feral Hound,悪犬
Retrainer_Name/528,Text,,阿萎,Wimpie,萎男（いだん）
Retrainer_Name/529,Text,,训狗人,Dog Trainer,犬使い
Retrainer_Name/53,Text,,蛛王-玄玑,Spider King - Dark Mystery,蛛王-玄璣（じゅおう-げんけい）
Retrainer_Name/530,Text,,霸刀王,Blade Overlord,剛腕王（ごうわんおう）
Retrainer_Name/531,Text,,魍魉,Fiend,魑魅（ちみ）
Retrainer_Name/532,Text,,昆仑奴,Kunlun Slave,崑崙奴（こんろんど）
Retrainer_Name/533,Text,,云游侠,Wandering Ranger,雲遊侠（うんゆうきょう）
Retrainer_Name/534,Text,,妖僧,Evil Monk,妖僧
Retrainer_Name/535,Text,,小鬼,Lesser Imp,鬼の子
Retrainer_Name/536,Text,,机傀-丙,Puppet - Class C,機傀（きく）-丙
Retrainer_Name/537,Text,,邪修,Wicked Cultivator,邪修
Retrainer_Name/538,Text,,蝙蝠,Bat,蝙蝠
Retrainer_Name/539,Text,,杂役,Menial,雑役
Retrainer_Name/54,Text,,无名神机,Nameless Musketeer,無名の神機（むめいのしんき）
Retrainer_Name/540,Text,,黑保,Black Guardian,黒保
Retrainer_Name/541,Text,,剑修,Sword Cultivator,剣修
Retrainer_Name/542,Text,,剑匣,Sword Case,剣匣（けんこう）
Retrainer_Name/543,Text,,灵修,Spirit Cultivator,霊修
Retrainer_Name/544,Text,,炼丹炉,Alchemy Cauldron,煉丹炉
Retrainer_Name/545,Text,,殖灵妖,Spawning Fiend,殖霊妖
Retrainer_Name/546,Text,,灵偶,Spiritual Puppet,霊人形
Retrainer_Name/547,Text,,镇魂碑,Soul-Sealing Stele,鎮魂碑
Retrainer_Name/548,Text,,四不相,Sibuxiang,四不相
Retrainer_Name/549,Text,,水萝北,Water Turnip,水蘿蔔（みずらふ）
Retrainer_Name/55,Text,,堕龙帝姬,Fallen Dragon Imperial Princess,堕龍帝姫（だりゅうていき）
Retrainer_Name/550,Text,,阿蜗,Awo,蝸
Retrainer_Name/551,Text,,白鲤,White Carp,白鱗姫（はくりんひめ）
Retrainer_Name/552,Text,,八触软龙,Eight-Tentacled Limp Dragon,八触軟龍
Retrainer_Name/553,Text,,大剑师,Master Sword,大剣士
Retrainer_Name/554,Text,,飞剑灵偶,Sword Puppet,飛剣霊人形
Retrainer_Name/555,Text,,铁铳营,Musket Corps,鉄砲営
Retrainer_Name/556,Text,,铁卫,Iron Guard,鉄護衛
Retrainer_Name/557,Text,,符师,Sigil Master,符師
Retrainer_Name/558,Text,,龙霄军,Draconis Army,龍霄軍
Retrainer_Name/559,Text,,清雾之蝶,Mist Butterfly,清霧（せいむ）の蝶
Retrainer_Name/560,Text,,浊气妖花,Miasma Flower,濁気妖花
Retrainer_Name/561,Text,,清浊异兽,Paradox Beast,清濁（せいだく）異獣
Retrainer_Name/562,Text,,幽灵狱卒,Spectral Jailer,幽霊獄卒
Retrainer_Name/563,Text,,幽冥蝙蝠,Netherworld Bat,幽冥蝙蝠
Retrainer_Name/564,Text,,幽冥府役,Netherworld Servant,幽冥府役
Retrainer_Name/565,Text,,虚幻之藤,Illusory Vine,虚幻の藤（きょげんのふじ）
Retrainer_Name/566,Text,,幽灵盾卫,Ghost Shield Guardian,幽霊盾衛（ゆうれいじゅんえい）
Retrainer_Name/567,Text,,纸人,Paper Effigy,紙人（かみびと）
Retrainer_Name/568,Text,,发芽石精,Sprouting Stone Sprite,発芽石精（はつがせきしょう）
Retrainer_Name/569,Text,,梦蝶,Dream Butterfly,夢蝶（むちょう）
Retrainer_Name/570,Text,,游魂,Wandering Soul,遊魂（ゆうこん）
Retrainer_Name/571,Text,,燃烧的纸人,Burning Paper Effigy,燃える紙人（もえるかみびと）
Retrainer_Name/572,Text,,春藤卫,Springvine Warden,春藤衛（しゅんとうえい）
Retrainer_Name/573,Text,,开花石精,Blossoming Stone Sprite,開花石精（かいかせきしょう）
Retrainer_Name/574,Text,,草风,Grasswind,草風（そうふう）
Retrainer_Name/575,Text,,杀魂,Soul Slayer,殺魂（さつこん）
Retrainer_Name/576,Text,,紫蛛,Violet Spider,紫蛛（しちゅう）
Retrainer_Name/577,Text,,复苏之花 ,Flower of Revival,復蘇の花（ふくそのはな）
Retrainer_Name/6,Text,,祸太岁,Calamity Lord,タコ姫（たこひめ）
Retrainer_Name/7,Text,,疫蛊,Plague-Spawn,疫蠱（えきこ）
Retrainer_Name/8,Text,,亡国姬-蓝烟,Fallen Princess - Azury,亡国姫-藍煙（あいえん）
Retrainer_Name/9,Text,,亡国姬-青烟,,
StageInfo/,Text,,,,
StageInfo/-1,Text,,"所谓生死，不过尸姬大人一念之间…而那些已死凡人，也只指尖的玩物罢了
既然是玩物，那多玩几次，也是理所当然的，不是么？","Life and death are but a fleeting thought for the Lady Zombie... And those mortal souls already lost? Merely playthings at her fingertips
Since they are but toys, then to toy with them again and again is only right and proper, is it not?","いわゆる生死とは…屍姫さまの一念の間にすぎず、すでに死んだ凡人も、ただ指先の玩具にすぎない。
玩具である以上、何度か弄ぶのも当然のことではないか…？"
StageInfo/-2,Text,,"凡人的挣扎……真是无聊啊……这次，直接一起上吧……


（全boss连战将是一场全面而漫长的战斗，请做好应对<color=#ff0000>各个方面</color>的准备）

（全boss连战将是一场全面而漫长的战斗，请做好应对<color=#ff0000>各个方面</color>的准备）

（全boss连战将是一场全面而漫长的战斗，请做好应对<color=#ff0000>各个方面</color>的准备）","The struggles of mortals... how boring... This time, let's take them on together

The continuous battle against all bosses will be a comprehensive and prolonged fight. Be prepared to handle every <color=#ff0000>aspect</color>

The continuous battle against all bosses will be a comprehensive and prolonged fight. Be prepared to handle every <color=#ff0000>aspect</color>

The continuous battle against all bosses will be a comprehensive and prolonged fight. Be prepared to handle every <color=#ff0000>aspect</color>","凡人の苦悩……本当に退屈だ……今回は、一緒にやってしまおう……

（全ボス連戦は全面的で長引きそうな戦いになるため、<color=#ff0000>あらゆる面</color>に対応する準備を整えてください）

（全ボス連戦は全面的で長引きそうな戦いになるため、<color=#ff0000>あらゆる面</color>に対応する準備を整えてください）

（全ボス連戦は全面的で長引きそうな戦いになるため、<color=#ff0000>あらゆる面</color>に対応する準備を整えてください）"
StageInfo/1,Text,,有人唤醒了沉睡的尸姬，也许这个世界需要付出一点代价,Someone has awakened the Lady Zombie from her slumber. Perhaps the world must pay a price for it,誰かが眠れる屍姫を目覚めさせた、もしかするとこの世界は少し代価を払う必要があるのかもしれない。
StageInfo/1001,Text,,灵力是给予凡人的赏赐，那么尸姬大人自然……有权将其收回。,"Mana is her gift to mortals, so naturally, the Lady Zombie... has the right to take it back.",霊力は凡人に与えられる褒美であり、ならば屍姫さまには…当然それを回収する権利がある。
StageInfo/1002,Text,,"不过是靠着神明赏赐的玩具罢了……
在尸姬大人的永恒伟力面前，不过是蝼蚁的挣扎。","To rely on a toy granted by the deity...
Before the Lady Zombie's eternal might, it's nothing but the struggle of ants.","ただ神の褒美として与えられた玩具にすぎない…
屍姫さまの永遠の偉力の前では、蟻のもがきにすぎない。"
StageInfo/1003,Text,,时间与历史，对于尸姬大人来说，不过是指尖玩物罢了,Time and history are but playthings at Her fingertips,時間と歴史も、屍姫さまにとっては指先の玩具にすぎない。
StageInfo/1004,Text,,"这世上，总有几个不知死活的凡人想去触摸雷霆……
该惩罚他们了……","In this world, there are always a few mortals foolhardy enough to reach for the lightning...
It's time to punish them...","この世には、死を顧みず雷霆に触れようとする凡人が必ず数人いる…
そろそろ彼らを罰する時だ…"
StageInfo/1005,Text,,并非这个世界的人，真是有趣的小家伙，尸姬大人很乐意收藏这些……特殊的藏品,Someone not of this world? Such an intriguing kiddy. The Lady Zombie is pleased in collecting these... unique specimens,この世界の者ではないとは、実に面白い。屍姫さまは、この…特別なコレクションを喜んで収める。
StageInfo/1006,Text,,世上只有极少数的凡人才能驾驭清浊之气……而尸姬大人，很乐意收集这些“天才般”的藏品,"Only a select few mortals can master the energies of purity and turbidity... and Lady Zombie delights in collecting these ""genius-like"" specimens",世の中で清濁の気を操れる凡人はごくわずか…屍姫さまは、この「天才めいた」コレクションを喜んで集められる。
StageInfo/1007,Text,,"昔日觊觎神明血肉、妄图永生的罪人……
尸姬大人总是慷慨的，便赐他一场……永恒的死亡游戏。","The sinner who once coveted the flesh of deities and eternal life...
The Lady Zombie is ever generous, and thus granted him... an eternal death game.","かつて神の血肉を狙い、永生を妄想した罪人…
屍姫さまは常に寛大で、彼にひとつ…永遠の死のゲームを与えた。"
StageInfo/1008,Text,,头上长角，身躯化鳞，这里有很多类龙的东西，但是，没有尸姬大人的允许，永远不会有真正意义上的龙,"Horns sprout from their heads, bodies covered in scales—there are many dragon-like creatures here. Yet without the Lady Zombie's permission, no true dragon will be born to this world",頭に角が生え、体は鱗に覆われている。ここには多くの龍に似たものがいるが、屍姫さまの許しがなければ、真の意味での龍は決して存在しない。
StageInfo/1009,Text,,人间事了，是时候去拜访一下“老朋友”了……,"Earthly affairs settled. Now it's time to pay a visit to an ""old friend""...",人間のことは片付いた、そろそろ「古き友」を訪ねる時だ…
StageInfo/1010,Text,,"代价与愿望？凡人的可笑交易。
尸姬大人倒是很欣赏这份……天真又血腥的趣味。","Prices and wishes? A laughable bargain for mortals.
The Lady Zombie, however, finds amusement in this... naive yet bloody pastime.","代価と願い？凡人の滑稽な取引だ。
屍姫さまは、この…無邪でありながら血なまぐさい趣味をなかなか気に入っている。"
StageInfo/2,Text,,"奇珍异兽，游鳞走羽，那些传说中的妖怪……
现在不过是尸姬大人的收藏品罢了……","Exotic beasts, scaled swimmers and feathered walkers—all those legendary monsters...
Now they are nothing but the Lady Zombie's collection...","奇珍異獣、泳ぐ鱗、走る羽、あの伝説の妖怪たちも…
今では屍姫さまのコレクションにすぎない…"
StageInfo/3,Text,,"凡人与妖怪沉沦的黑暗之都……
几缕扭曲的魂灵，挑起了尸姬大人的兴致——
是时候，将她们纳入永恒神国了。","A dark capital where mortals and monsters fall into depravity...
A few twisted souls have piqued the Lady Zombie's interest—
It is time to induct them into her eternal realm.","凡人と妖怪が堕ちる闇の都…
幾筋かの歪んだ魂が、屍姫さまの興味を引いた——
そろそろ、彼女たちを永遠の神国に迎え入れる時だ。"
StageInfo/4,Text,,修仙？不过是凡人的痴心妄想，这天地灵气……本就是有主人的,Cultivation? Nothing but deluded fantasies of mortals. This world's Mana... already has its rightful owner,修仙？ただの凡人の愚かな妄想にすぎない。この天地の霊気…そもそもすべて主がいるのだ。
StageInfo/5,Text,,世间凡人的顶点……对尸姬大人来说，也不过如此……,The pinnacle of mortals... is still beneath notice to the Lady Zombie,世の凡人の頂点も…屍姫さまにとっては、たかがその程度にすぎない…
StageInfo/6,Text,,"茕茕白兔，东走西顾。衣不如新，人不如故。
<color=#00ffcc>所谓的神明游戏我已经玩腻了，是时候，换件新衣服了……</color>","Lonely white rabbit, darting east and glancing west. Clothes are best when new, but old friends are most true
<color=#00ffcc>I am bored of this game of deities. It is time to put on a new set of attire...</color>","独りぼっちの白兎は、東へ駆けては西を振り返る。服は新しいものが良くても、人は昔からの馴染みのほうがいい。
<color=#00ffcc>いわゆる神明の遊びに飽きた、さあ、新しい服に着替えよう…</color>"
StageInfo/7,Text,,"神应当爱着世人
<color=#00ffcc>呵呵，可笑，世间众生，不过是我的盘中食粮罢了……</color>","Gods should love mortals
<color=#00ffcc>Heh, how laughable. All lives are nothing but food on my platter...</color>","神は衆生を愛するべき
<color=#00ffcc>ふふ、笑えるね。世の衆生など、所詮は私の糧に過ぎないわ……</color>"
StageInfo/8,Text,,"凡人是很脆弱的，你要克己复礼，斩去三尸，方能重回神位……
<color=#00ffcc>斩去？为何要斩？这些欲念，才是永恒中仅存的欢愉……</color>","Mortals are fragile. To reclaim your divine seat, you must practice self-restraint, restore the rites, and sever the Three Egos...
<color=#00ffcc>Sever them? Why should I? These desires are the only joy left in eternity...</color>","凡人は弱い、己の欲を抑え、三屍を斬り、さすれば神位に戻れる……
<color=#00ffcc>斬る？なぜ斬る？これらの欲望こそ、永遠の中に残された唯一の歓び……</color>"
StageName/,Text,,,,
StageName/-1,Text,,尸姬大人的深渊幻想,Lady Zombie's Abyssal Fantasy,屍姫さまの深淵幻想
StageName/-2,Text,,BossRush,BossRush,BossRush
StageName/1,Text,,长梦先觉,Long Slumber Awakened,長き夢の先覚
StageName/1001,Text,,挑战-灵方,Challenge - Cubie,挑戦-呪縁
StageName/1002,Text,,回忆-昨日灵弓,Memory - Arcus of Old,記憶-往日雷矢
StageName/1003,Text,,挑战-万事录,Challenge - Encyclopaedia,挑戦-時詠み
StageName/1004,Text,,挑战-重鸣,Challenge - Resonantia,挑戦-重鳴
StageName/1005,Text,,挑战-异世来客,Challenge - The Outsider,挑戦-異世界より来たし者
StageName/1006,Text,,清浊之气,Fan of Purity & Turbidity,清濁の気
StageName/1007,Text,,挑战-黄泉不度,Challenge - The Denied One,挑戦-黄泉咲
StageName/1008,Text,,挑战-龙门,Challenge - The Dragon Gate,挑戦-龍門
StageName/1009,Text,,阴司-玄冥,Netherworld Lord - Necroria,陰司-玄冥
StageName/1010,Text,,挑战-红仙客栈,Challenge - Lycoris Inn,挑戦-朱餓旅館
StageName/2,Text,,万妖山,Mount Monsters,万妖山
StageName/3,Text,,蜃都,City of Mirage,蜃都
StageName/4,Text,,白玉京,White Jade Capital,白玉京
StageName/5,Text,,始龙城,City of the Ancestral Dragon,始龍城
StageName/6,Text,,神明的三尸-华饰,Deity's Three Egos - Attire,神明の三屍-華飾
StageName/7,Text,,神明的三尸-滋味,Deity's Three Egos - Savor,神明の三屍-滋味
StageName/8,Text,,神明的三尸-淫欲,Deity's Three Egos - Lust,神明の三屍-淫欲
Talk/1,Text,,,,
Talk/10,Text,,遵命……,As you command...,御意…
Talk/100,Text,,……等待……是另一种准备……,… To wait… is to prepare…,…待つこと…もまた、備え…
Talk/1000,Text,,凡人之躯，亦可比肩神明……,Mortal flesh can rival the gods...,凡人の身でも、神に並ぶことはできる…
Talk/1001,Text,,凡人……所求者不多……,Mortals... never ask for much...,凡人の…求めるものはわずか…
Talk/1002,Text,,未来……尽在于此……,The future... lies entirely here...,未来は…ここに…
Talk/1003,Text,,宵小之辈……死来！,Petty scum... die!,卑劣な輩め…死ね！
Talk/1004,Text,,魍魉鼠辈……不足为惧……,Vile vermin... no threat at all...,虫けらなど…恐れるに足らぬ。
Talk/1005,Text,,哼……凡人……,Hmph... Mortals...,ふん…凡人…
Talk/1006,Text,,不过如此……,Disappointing...,この程度なの…
Talk/1007,Text,,罢了罢了，我也有些玩腻了……,Whatever. I'm getting tired of this anyway...,まあいいわ、私もそろそろ飽きてきてたの…
Talk/1008,Text,,（踩碎）,(Crushes),（踏み潰す音）
Talk/1009,Text,,相比于凡人们尊称的“春神”，我更喜欢尸姬这个名字呢,"Compared to the ""Spring Goddess"" mortals revere, I much prefer the name Lady Zombie",凡人たちの「春神」なんて呼び方より、「屍姫」のほうがずっと好きだわ。
Talk/101,Text,,……如春风摘柳……,... Like the spring breeze picking willows...,…春風、柳を払うが如く…
Talk/1010,Text,,现在，是时候让世界重新认识一下我了……,"Now, it's time for the world to get to know me anew...",さて、世界にもう一度、私を知らしめる時がきたわね。
Talk/1011,Text,,小心那些火铳，尸姬大人，他们能先手攻击到我们,"Beware those flintlocks, my Lady. They can strike us first",火銃にお気をつけて。屍姫さま、彼らは先制攻撃を仕掛けられます。
Talk/1012,Text,,前方似乎是他们的头领，尸姬大人，小心那些火铳……,"My Lady, their leader appears ahead. Beware those flintlocks...",前方にいるのが彼らの頭領のようです。屍姫さま、火銃にお気をつけて…
Talk/1013,Text,,岁月之力……尸姬大人，小心，前面的敌人有些诡异,"The power of time... My Lady, be cautious. The foes ahead are peculiar",歳月の力…屍姫さま、お気をつけて。あの敵は少し奇妙です。
Talk/1014,Text,,阴阳二气……尸姬大人请多做小心……,"Yin and Yang energies... My Lady, please exercise caution...",陰陽二気…屍姫さま、くれぐれもご用心を…
Talk/1015,Text,,好强的气运之力……尸姬大人，前方的敌人似乎掌握了一些天道权柄……,"Such potent power of destiny... My Lady, the foe ahead seems to wield some authority over the Way of Heaven...",なんて強い気運の力…屍姫さま、前方の敵は天道の権能を持っているようです…
Talk/1016,Text,,这里就是终点了……尸姬大人，恭迎您重回神位,"This is the end... My Lady, we humbly welcome your return to divinity",ここが終点です…屍姫さま、神位へよくお戻りくださいました。
Talk/1017,Text,,风浣一月白，雨过半池青……,Wind turns the moon a pristine white; the passing rain leaves the pond half-cloaked in green...,風が月を洗い、雨は池を青く染める…
Talk/1018,Text,,何方污秽扰我清修？,What filth dares disturb my tranquil cultivation?,清修を汚すのは何者だ？
Talk/1019,Text,,清修？有意思，你若真想清修，何不来我永恒神国之中……,"Tranquil cultivation? How amusing. If you truly seek such peace, why not come to my realm...",清修？面白いわね、清修したいなら、なぜ永遠の神国で…
Talk/102,Text,,……一击必中……,... Bullseye...,…一撃必中…
Talk/1020,Text,,享受永世安宁？,And enjoy eternal serenity?,永遠の安寧を味わわないの？
Talk/1021,Text,,污秽之物，我岂能与你同流合污！（拔剑）,Foul abomination! How could I join your ranks? (Draws sword),不浄なものめ！そこまで堕落できるものか！（剣を抜く）
Talk/1022,Text,,啧……不识抬举……,Tsk... Such ingratitude...,ちっ…好意を無にするなんて…
Talk/1023,Text,,踏云，气斩！,"Treading the clouds, energy cleave!",踏雲、気斬！
Talk/1024,Text,,清气，净化污秽！,"Pure energy, cleanse foulness!",清気、穢れを祓え！
Talk/1025,Text,,妖魔外道，为祸世间……,"Demons and heretics, bringing calamity to the world...",妖魔外道、世を蝕むものよ…
Talk/1026,Text,,唉……此地，也无法幸免吗……,Alas... even this place cannot escape...,ああ…この場所も、逃れることはできないのか…
Talk/1027,Text,,哦？我这神国降世，你还妄想逃离？,"Oh? My divine realm descends, and you still dream of escape?",あら？私の神国が降臨したというのに、まだ逃げようなんて妄想を？
Talk/1028,Text,,真是可笑，孩子们，让她清醒点！,"How laughable. Little ones, bring her to her senses!",本当に笑えるわ。子どもたち、目を覚まさせてやりなさい！
Talk/1029,Text,,清风……庇佑于我,Wind of Purity... Grant me protection...,清風…我が身を護れ。
Talk/103,Text,,尸姬大人……有令……,The Lady Zombie... commands...,屍姫さまの…ご命令
Talk/1030,Text,,浊气……隐藏吾身……,Turbid energy... hide my trace...,濁気…我が影を隠せ…
Talk/1031,Text,,指出无名，指过流风……,"Point to the nameless, point to the drifting wind...",名も無きものを指し示し、流れ行く風を指す…
Talk/1032,Text,,清气……破邪！,Pure energy... vanquish evil!,清気…邪を断て！
Talk/1033,Text,,浊气升腾！,"Turbid energy, rise!",濁気…昇れ！
Talk/1034,Text,,消融吧……,Melt away...,消え失せよ…
Talk/1035,Text,,哼哼，看来降妖除魔还得靠我这个天命人呐~,"Hmph, looks like vanquishing fiends still falls to me, the chosen one~",ふふん、妖魔退治はやっぱり選ばれしあたしにかかってるみたいだね～
Talk/1036,Text,,食铁兽？这又是哪路杀出来的小可爱。,An Iron-Eating Beast? Where did this little cutie come from?,食鉄獣？この可愛い子は、どこから現れたのかしら。
Talk/1037,Text,,我可是千年难遇的修真奇才，今日势必要把你拿下。,"I'm a once-in-a-millennium prodigy of cultivation—today, I'll take you down.",あたしは千年に一人の修真奇才よ！今日こそ…あなたをぶっ飛ばす！
Talk/1038,Text,,这一拳20年的功夫，你接得住噻？,This punch packs 20 years of training. Think you can handle it?,この拳、二十年鍛えたんだから！耐えられるかしらね！
Talk/1039,Text,,噗嗤（憋笑），先打赢我的随从再说吧……,Pffft (suppressed chuckles) Beat my minions first...,ぷっ…（堪えきれずに笑って）まずは私のミニオンに勝ってからね…
Talk/104,Text,,……春的意志……不会动摇……,... The will of spring... shall not waver...,…春の意思…揺るがない…
Talk/1040,Text,,看掌！,Take this!,喰らえ！
Talk/1041,Text,,吃我浊气连环掌！,Eat my Miasma Palms!,竹天宝流・濁気連環掌！
Talk/1042,Text,,一指，洞穿！,"One finger, to pierce all!",指一本で、穿つ！
Talk/1043,Text,,清风随我！,"Winds, to me!",清風、来い！
Talk/1044,Text,,阴阳之力？这就是你的能耐？完全不够看呢,The Power of Yin and Yang? Is that all you've got? You don't stand a chance,陰陽の力？それで精一杯なの？全然物足りないわね。
Talk/1045,Text,,咕啊~好痛……是个强敌啊……,Guh... Ouch... You are a tough opponent...,ぐはっ…痛っ…手強いわね…
Talk/1046,Text,,可恶……刚才那一回合不算！再来再来！,"Damn it... That last round doesn't count! Come on, again!",クソ…今のはなし！もう一回ね！
Talk/1047,Text,,（竹天宝起身，又被轻松打倒）,"(Bamboo Cub rises, only to be easily knocked down again)",（竹天宝は立ち上がるが、また瞬殺される）
Talk/1048,Text,,太弱了，不够尽兴，还是再练练吧,Too weak. Not satisfying. Better keep training yourself,弱すぎるわ。全然楽しめなかった、もっと鍛えなさい。
Talk/1049,Text,,咳咳……我怎么会……输得如此难看……,Cough... How could I... lose so badly...,げほっ…どうしてこんな…ボロボロに…
Talk/105,Text,,……伤痛……,… The pains…,…痛い…
Talk/1050,Text,,呜……好耻辱…… 不行……我不能败！,Waaah... The shame of it... No... I can't lose!,うぅ…恥ずかしい…ダメ…負けるわけにいかない！
Talk/1051,Text,,（竹天宝艰难起身，拼尽全力无法战胜）,"(Bamboo Cub struggles to her feet, but could not prevail)",（竹天宝は這い上がったが、全力を尽くしても勝てない）
Talk/1052,Text,,啧啧，这就起不来了？不如让我带回去，好好教导一番呢~,"Tsk tsk, that's it then? How about I take you back for a proper lesson~",あら、もう起き上がれないの？連れて帰って、教えてあげた方がいいかもしれないわね～
Talk/1053,Text,,界主有令，擅闯九幽禁地者，就地正法。,The Lord decrees: any intruder into the Forbidden Nine Abysses shall be executed on the spot.,界主の令…九幽禁地に侵入する者、即刻処断。
Talk/1054,Text,,当年的魔君吗，想不到冥界居然还有你这号人物。,The Demon Lord of old? Never thought the Netherworld still harbored someone of your caliber.,昔の魔君？まさか冥界にまだあなたみたいな古株がいたとはね。
Talk/1055,Text,,尸姬，你有违阴阳，不敬鬼神，恶业无数，实为大逆不道，杀无赦！,"Lady Zombie, you violate the balance, defy gods and spirits, and have committed countless evil deeds. Your sacrilege is outrageous, and deserves no mercy!",屍姫…汝は陰陽を覆し、鬼神を敬わず、悪行は数え切れん。反逆の徒は、死すべし！
Talk/1056,Text,,没有人可以妨碍我，你大可以动手来试试。,No one can stand in my way. Come at me and try.,誰も私を止められないわ。やってみたら？
Talk/1057,Text,,好！杀的好啊！,Yes! Good kills!,いいだろう！殺してやる！
Talk/1058,Text,,杀杀杀杀杀杀杀！,"Kill, kill, kill, kill, kill, kill, kill!",殺殺殺殺殺殺殺！
Talk/1059,Text,,天生万物以养人！,Heaven created all to nourish humans!,天は万物を生み人々を養う！
Talk/106,Text,,……寒风……无碍……吐芽……,... The biting wind... cannot hinder... the sprouting...,…寒風にも…負けず…芽吹く…
Talk/1060,Text,,杀得九百万，最是雄中雄！,He who slaughters nine million is the hero of all heroes!,九百万を屠れば、英雄中の英雄——！
Talk/1061,Text,,喵——,Meow—,にゃん…！
Talk/1062,Text,,唔——喵~,Mmm—Meow~,うぅ…にゃ～…
Talk/1063,Text,,不速之客……何故在此作乱?,Uninvited one... Why stir trouble here?,招かれざる客よ…何故ここで騒ぎを起こす？
Talk/1064,Text,,呵呵……只是单纯来拜访一下老朋友……,Heh... Just paying an old friend a visit...,ふふ…古い友達に会いに来ただけよ…
Talk/1065,Text,,顺便……我觉得这个阴司没什么用了……,By the way... I find this Netherworld rather useless...,ところで…冥界の役所って役に立ってないように思うんだけど…
Talk/1066,Text,,是时候，并入我的永恒神国了……,It's time to merge it into my eternal realm...,私の永遠の神国に取り込む時がきたわね…
Talk/1067,Text,,曾经的春神，竟堕落至此！,"The once-venerated Spring Goddess, has fallen so low!",かつての春神が、ここまで堕落するとは！
Talk/1068,Text,,孤乃幽冥之主，统御生死，岂容亵渎！,"I, the Sovereign of the Netherworld, ruler over life and death—shall stand no blasphemy!",吾は幽冥の主。生死を司る者。冒涜は許さん！
Talk/1069,Text,,哼，冥顽不化……你该休息了，老东西。,"Hmph, stubborn to the end... It's time for you to rest, old fool.",ふん、頑固ね。…そろそろ休んだ方がいいわ、老いぼれ。
Talk/107,Text,,…小小的考验……,… A small trial…,…ちょっとした試練ね…
Talk/1070,Text,,逆乱生死，当罚！,To defy the order of life and death—punishment awaits!,生死に逆らう者に、罰を！
Talk/1071,Text,,汝等！打入冥狱！,You lot! Be cast into the Abyssal Hell!,汝ら！冥獄へ落とす！
Talk/1072,Text,,大胆！,Outrageous!,よくも！
Talk/1073,Text,,休得放肆！,Cease your insolence!,好き勝手はさせぬ！
Talk/1074,Text,,亡者，当归去……,The departed shall rest...,亡者は、帰れ…
Talk/1075,Text,,汝等，重回轮回……,Back to reincarnation with you...,汝ら、輪廻へ還れ…
Talk/1076,Text,,哟~刚才不是还挺威风的吗，怎么？现在你没话说了？,"Yo~ You were pretty cocky just moments ago, huh? What's up? Run out of words?",あら～？さっきまで威勢はどこにいったの？なに、もう声も出ないの？
Talk/1077,Text,,嘁……,Hmph...,ちっ…
Talk/1078,Text,,既然这么喜欢你这冥狱，那就成全你好了，,"Since you're so fond of this Abyssal Hell, I'll grant your wish,",そんなにこの冥獄が好きなのなら、願いをかなえてあげましょうね
Talk/1079,Text,,（尸姬打开冥狱大门）,(Lady Zombie opens the gate of the Abyssal Hell),（屍姫、冥獄の門を開ける）
Talk/108,Text,,……护卫……何在？……,… Where… are the guards?…,…護衛は…どこ？
Talk/1080,Text,,！？慢着……你这瘟神……咕噜……,!? Hold on... You devil... Gulp...,！？待てっ…この疫病神が…ぐふっ…
Talk/1081,Text,,呵呵……好重的怨气啊……看来，你准备的很充足嘛,Wow... Such heavy resentment... Looks like you've prepared well,ふふ…すごい恨みね…どうやら、準備万端のようね。
Talk/1082,Text,,齁哦哦哦……呜嗯嗯嗯~~,Hoo-oh-oh-oh... Mmm-hmm-hmm~~,ぐおおっ…うんんんん…！
Talk/1083,Text,,刑罚严苛，怨念深重，那就怪不得我咯~玩的开心~,Harsh punishments and deep resentment—don't blame me then~ Have fun~,厳しい刑罰で、恨みは深いわよ。私を責めないでね～楽しんで♪
Talk/1084,Text,,（无数的恶鬼冤魂抓住玄冥，逐渐淹没玄冥的身躯，将她拖入冥狱……）,"(Countless vengeful spirits seized Necroria, engulfing her whole and dragging her into the Abyssal Hell...)",（無数の悪鬼と冤魂が玄冥を掴み、少しずつ玄冥の体を、冥極へと引きずり込んでいく）
Talk/1085,Text,,尸姬大人，小心前方那个人的剑术，似乎对护盾有特殊影响……,"My Lady, beware of the enemy's swordsmanship—it seems to be peculiarly efficient against shields...",屍姫さま、前方のあの人の剣術にご注意を。盾に特殊な影響を与えるようです…
Talk/1086,Text,,清浊之气在升腾，尸姬大人请多留神一下时机,"The energies of purity and turbidity are stirring. My Lady, please be mindful of the timing",清濁の気が高まっています。屍姫さま、タイミングにご留意ください。
Talk/1087,Text,,前方就是尽头了……尸姬大人小心她的清浊之气,"The end is just ahead... My Lady, beware her pure and turbid energies",終わりはすぐそこです…屍姫さま、彼女の清濁の気にお気を付けください。
Talk/1088,Text,,好强的血气，尸姬大人，小心行事，不要轻易杀人……,"Such potent blood... My Lady, proceed with caution. Do not take lives in haste...",なんという血気、屍姫さま、どうか慎重に。軽々しく殺してはいけません…
Talk/1089,Text,,无主的魂魄在变多……尸姬大人，小心那两只诡异的猫,"Unclaimed souls are gathering... My Lady, beware those two eerie cats",主のいない魂が増えてる…屍姫さま、あの二匹の奇妙な猫にお気をつけください
Talk/109,Text,,……阵法已成……,... The formation is complete...,…陣、完成…
Talk/1090,Text,,这里就是尽头了，请尸姬大人，重塑生死！,"This is the end. My Lady, please reshape life and death!",ここまでです。屍姫さま、どうか生死の再構築を！
Talk/1091,Text,,血奴红仙，静候主人命令……,"Blood slave Lycoris, at your command...",朱餓は、主の命令をお待ちしております…
Talk/1092,Text,,精血……汇聚于我,Essence and blood... to me,精血を…もっとちょうだい…
Talk/1093,Text,,为主人效劳……,Serve the master...,主人にお仕えいたします…
Talk/1094,Text,,奴家……谨遵指示,This servant... obeys your command,仰せのままに…
Talk/1095,Text,,呜嗯！~,Mmm!~,んんっ…！
Talk/1096,Text,,（叫声）,(Moans),（叫び声）
Talk/1097,Text,,享受主人的恩赐吧……,Enjoy your Master's gift...,主人の恩賜を楽しみましょう…
Talk/1098,Text,,还想要更多……精血~,More... more essence and blood~,もっと欲しいの…精血が…
Talk/1099,Text,,奴家……愿献出一切……,This servant will... sacrifice everything...,あたしは…すべて捧げるわ…
Talk/11,Text,,,,
Talk/110,Text,,……三人……成伍……,... Three make a squad...,…三人、組をなす…
Talk/1100,Text,,献上……鲜血！,Offer... blood!,鮮血を…捧げるわ！
Talk/1101,Text,,万千世界，一览无余。,"A myriad of worlds, all within my gaze.",すべて一目で見通せる。
Talk/1102,Text,,天命，吾已洞悉，天道，尽在大人掌握。,"Heaven's mandate, I have discerned; Heaven's Way, is within your grasp, master.",天命は悟った。天道は、屍姫さまの思うがまま。
Talk/1103,Text,,区区蝼蚁,Mere insects,たかが虫けらが
Talk/1104,Text,,奉命行事,Carrying out orders,命ぜられた通りに。
Talk/1105,Text,,啊~什么！？,Ah~ What!?,何っ！？
Talk/1106,Text,,唔~,Mm~,…ぐっ。
Talk/1107,Text,,剑随吾心，启！,"Sword, follow my heart—unsheathe!",剣よ、心に従え、開！
Talk/1108,Text,,心如剑锋，杀！,"Heart, keen as steel—kill!",心は剣のごとし、殺！
Talk/1109,Text,,哼，抓到你了,"Hmph, gotcha!",ふん、捕まえた
Talk/111,Text,,……如风如春……,"... Like wind, like spring...",…風の如く、春の如く…
Talk/1110,Text,,满是破绽！,You are riddled with openings!,隙だらけだ！
Talk/1111,Text,,超脱生死，踏足永恒。,Mortal bounds broken; eternity embraced.,生死を超越し、永遠へと足を踏み入れよう。
Talk/1112,Text,,斩断轮回，我逐渐理解一切。,"Severing the cycle, I gradually comprehend all.",輪廻を断ち切り、少しずつすべてが分かり始めた。
Talk/1113,Text,,吃我一剑,Eat my blade,喰らえ！
Talk/1114,Text,,以尸姬之名！,In the name of the Lady Zombie!,屍姫さまの名において！
Talk/1115,Text,,呃啊~ 没用的……,Ugh... It's useless...,うわっ…無駄よ…
Talk/1116,Text,,哦（叫声），就这？,"Oh (cry), is that all?",ええっ（叫び声）、この程度？
Talk/1117,Text,,给我跪下！,Kneel before me!,跪け！
Talk/1118,Text,,力量，在翻涌！,"Power, overwhelming!",力を、抑えきれない！
Talk/1119,Text,,生死——撩断！,Life and death—severed!,生死――断絶！
Talk/112,Text,,…切莫小瞧……凡人……,... Underestimate not... mortals...,…凡人を…侮るなかれ…
Talk/1120,Text,,永恒之躯……,The body of eternity...,永遠の躯…
Talk/1121,Text,,天雷无妄，在劫难逃……,The lightning strikes without warning; the doom is inescapable...,天雷無妄…逃れられぬ劫。
Talk/1122,Text,,杀不死我的，只会让我更强。,"What doesn't kill me, only makes me stronger.",私を殺せぬものは、私を強くさせるだけ。
Talk/1123,Text,,惊雷,Thunderclap,雷轟！
Talk/1124,Text,,破空,Splits the air,虚空を切り裂け！
Talk/1125,Text,,齁哦~,Hoo-oh~,ぐおっ…！
Talk/1126,Text,,嗯哼~ 还不够…,Mm-hmm~ Not enough yet...,ふん、まだ足りないわね…
Talk/1127,Text,,呃啊……给我继续,Ugh... Keep it coming,うぐ…続けろ！
Talk/1128,Text,,此乃……天道雷劫,This is... the Lightning Tribulation of Heaven,これは…天の雷劫なり。
Talk/1129,Text,,嗯~该释放一下能量了……,Mm~ Time to unleash some energy...,ん～そろそろ、力を開放しようかしら…
Talk/113,Text,,……尸姬大人……请看……,... My Lady... behold...,…屍姫さま…ご覧あれ…
Talk/1130,Text,,历劫重生，天地皆我！,"Reborn through tribulation, the heavens and earth are mine!",劫を穿ち、天地皆我！
Talk/1131,Text,,雷法……在体内涌动,Lightning energy... surges within me,雷法が…体内で渦巻く。
Talk/1132,Text,,渡劫……就是修行……,To survive the tribulation... is to cultivate oneself...,劫を渡すことが…修行なのよ。
Talk/1133,Text,,"往事不可追,来者犹可忆","The past is beyond pursuit; the future, still worth remembering",過去は戻らないけど、未来は記憶にとどめられる。
Talk/1134,Text,,岁月……终会见证一切……,Time... will bear witness to all...,時が…すべてを見届ける。
Talk/1135,Text,,惊鸿一笔,A stroke of grace,一筆、驚鴻のごとく。
Talk/1136,Text,,在此记录,Hereby recorded,ここに記す。
Talk/1137,Text,,咿呀！,Eeek!,きゃっ！
Talk/1138,Text,,呜，别打我,Ugh... don't hurt me,うぅ…打たないで…
Talk/1139,Text,,时光，轮转不止,Time turns in an endless cycle,時は、巡り続ける。
Talk/114,Text,,……春风拂面……,... The spring breeze flows...,…春風、頬を撫でる…
Talk/1140,Text,,千秋已过……,A thousand autumns have already passed...,千年も過ぎたのか…
Talk/1141,Text,,昨日之事，来日重现……,"Yesterday's deeds, tomorrow's re-occurrence...",往日の出来事が、また繰り返される…
Talk/1142,Text,,历史……近在眼前,History... lies before my eyes,歴史が…目の前にある。
Talk/1143,Text,,灵方……在……,Cubie... is here...,呪縁…在り…
Talk/1144,Text,,唔……,Mm...,…ぐっ
Talk/1145,Text,,小心……,Be careful...,気をつけて…
Talk/1146,Text,,不要……,Don't...,やめて…
Talk/1147,Text,,嗯啊……,Hmm...,うあぁ…
Talk/1148,Text,,额……啊……,Um... Ah...,…あ…ぁ…
Talk/1149,Text,,游……游方之歌……,Wander... Wanderer's Song...,遊方の歌…
Talk/115,Text,,……万物……归春！,... All things... return to spring!,…万物…春に還る！
Talk/1150,Text,,随风……而去吧……,Go... with the wind...,風に乗って…消えゆけ…
Talk/1151,Text,,始……源之灵……,Spirit... of origin...,始源の霊…
Talk/1152,Text,,啊——,Ah—,あ——！
Talk/1153,Text,,无剑无我，无我无剑,"No sword, no self; no self, no sword",剣なく、我なし。我なく、剣なし。
Talk/1154,Text,,静能生慧,Stillness breeds wisdom,静寂こそ、慧を生む。
Talk/1155,Text,,剑锋与心，不过寸旬,"Sword's edge and the heart, are but inches apart",剣先と心の間、寸刻なり。
Talk/1156,Text,,随心而动,Flow with intent,心のままに動け。
Talk/1157,Text,,我心如剑，不弯不折,"My heart is like a sword, unbending and unbroken",我が心は剣のごとく、曲がらず、折れず。
Talk/1158,Text,,气息……在乱,Breath... is in disarray,息が…乱れている。
Talk/1159,Text,,剑，飞去,"Sword, fly forth",剣よ、飛べ。
Talk/116,Text,,和风，煦日……此为春……,"Gentle winds, warm sun... make spring...",そよ風、暖かな陽射し…これぞ春…
Talk/1160,Text,,剑，归来,"Sword, return",剣よ、戻れ。
Talk/1161,Text,,剑鸣之声，不绝于耳,The sword's resonance lingers,剣鳴が、耳を離れない。
Talk/1162,Text,,巧墨三分，花房红露，一叶小棠,"Ink-stroked grace, dew-drenched petals, and a single-leaf crabapple",墨三分、花房に紅露、小棠の一葉。
Talk/1163,Text,,霜脂腻雪，玉眼清流，此身，供您指使……,"This vessel, with skin of frosted snow, eyes of liquid jade... is yours to command",雪のごとく白い肌、澄んだ瞳…この身は、あなた様のお気に召すままに…
Talk/1164,Text,,如您所想,As you wish,お望みのままに…
Talk/1165,Text,,所见，即所得,What you see is what you get,見たままが、すべてです。
Talk/1166,Text,,唔，糟……,"Mm, messed up...",うぅ…まずい…
Talk/1167,Text,,纸，脏了……,The paper... is stained...,紙が、汚れちゃった…
Talk/1168,Text,,绘涩非色，画由心生,"Eros transcends mere color, art springs from the heart",色は色にあらず、絵は心から生まれるの。
Talk/1169,Text,,请欣赏……我的……心欲之泉,Behold... my... fountain of desire,私の…欲望の泉を…お楽しみください
Talk/117,Text,,……治愈……,... Heal...,…治癒…
Talk/1170,Text,,真是……脸红的要求啊……,Such a... blushing request...,そんな…恥ずかしいこと…言わないで…
Talk/1171,Text,,夫人，请用剑……,"Madam, please use the sword...",夫人…剣をお使いください…
Talk/1172,Text,,有何吩咐？,Your orders?,ご指示を…
Talk/1173,Text,,遵命……,As you command...,御意…
Talk/1174,Text,,……是！,... Yes!,…はい！
Talk/1175,Text,,唔……夫人，不要,"Uh... Madam, no—",うっ…夫人、やめて…
Talk/1176,Text,,剑……我的剑在哪……,My sword... Where is my sword...,剣…私の剣はどこ…
Talk/1177,Text,,剑奴，供您驱使……,"The sword slave, at your command...",縁奴…あなた様の思うままに…
Talk/1178,Text,,愿为您……分担一切痛苦,Willing to bear... all your pain,あなたの苦しみ…すべて、私が引き受けます…
Talk/1179,Text,,窒息之龙……,The suffocating dragon...,窒息する龍…
Talk/118,Text,,灵弓，吹……,"Spiritual Bow, draw...",雷矢、吹け……
Talk/1180,Text,,等待……死亡……,Await... death...,死を…待つだけ…
Talk/1181,Text,,尊……遵命……,Yes... As you command...,…はい…仰せのままに…
Talk/1182,Text,,退散……,Be gone...,退け…
Talk/1183,Text,,龙游浅滩……,A dragon in shallow waters...,龍も浅瀬に…
Talk/1184,Text,,唔……窒息……,Ugh... The suffocation...,うっ…息が…できない…
Talk/1185,Text,,与我一同……窒息吧……,Suffocate... with me...,一緒に…窒息しましょう…
Talk/1186,Text,,魂归深渊……,Souls return to the abyss...,魂よ…深淵へ還れ…
Talk/1187,Text,,异世逍遥客，久厉红尘清白仙，灵絮是也,"A drifter of another realm, unstained by mortal dust—Etheria, at your service",異世界の逍遥客、久しく紅塵に磨かれし清白の仙、綿々はこれなり。
Talk/1188,Text,,哈啊……邪魔外道……助我修行……,Hah... Wicked heretics... You shall fuel my cultivation...,はぁ…邪魔外道め…修行の糧にしてあげる…
Talk/1189,Text,,灵蕴随心~,Essence flows as I will~,霊蘊、思いのままに～
Talk/119,Text,,…箭矢如歌………,... A song of arrows...,…矢は歌うように…
Talk/1190,Text,,天道无私,The Way of Heaven is impartial,天道は、私情なきもの。
Talk/1191,Text,,呜哦！,Whoa!,わあっ！
Talk/1192,Text,,咕呜……无妨,Guh... It's nothing,ぐぅ…大丈夫…
Talk/1193,Text,,嗯啊……灵力化铠,"Mm-hmm... Mana, form my armor",んあ…霊力、鎧となれ…
Talk/1194,Text,,以身为鼎……汇集清白……,My body as the cauldron... to gather pure energy...,身を鼎として…清白を集めよ…
Talk/1195,Text,,无量功德，力敌万钧!,"Immeasurable merit, infinite might!",無量功徳、万鈞の力を敵に回さん！
Talk/1196,Text,,还是当个精血容器更适合你呢。我忠诚的奴仆~,You'd be better suited as a vessel for essence and blood. My loyal servant~,精血の器になるのがあなたにはお似合いよ。私の忠実な奴隷さん～
Talk/1197,Text,,呵呵，我很期待你血流成河的样子……,"Heh, I look forward to seeing you drenched in blood...",ふふ、あなたの血で大地を染めるのが、楽しみだわ…
Talk/1198,Text,,鲜血的盛宴……就此开始~,The feast of blood... begins now~,鮮血の饗宴…始まるわ～
Talk/1199,Text,,无法视物么……那就用你的心，去洞察一切吧……,Cannot see? Then use your heart to perceive...,見えない？それなら、心で感じてごらんなさい…
Talk/12,Text,,嗯啊……,Hmm...,きゃあ…
Talk/120,Text,,…精准而温柔…,... Precise and gentle...,…正確で、優しく…
Talk/1200,Text,,心眼，哼，凡人的技巧，抓住那一瞬的感觉，谁都能拥有所谓的“心眼”……,"The Mind's Eye? Hmph, a mortal's little trick. Seize that fleeting sensation, and anyone can possess the so-called ""Mind's Eye""...",心眼？ふん、凡人の小細工ね。その一瞬の感覚を掴めば、誰だって「心眼」を持てるのよ…
Talk/1201,Text,,你听到了么？你的心眼正在渴望着杀戮……哈哈哈！,Do you hear it? Your Mind's Eye thirsts for slaughter... Hahaha!,聞こえた？…あなたの心眼は殺戮を渇望してるわ…あはは！
Talk/1202,Text,,既生又死，半人半尸，黄泉不度，那便不度黄泉……,Neither living nor dead; half-mortal and half-corpse. Denied by the Netherworld? Then reject the afterlife...,生きていながら死んでいる、半人半屍。黄泉へ渡れないなら、渡らなければいい…
Talk/1203,Text,,离死更近一步的感觉如何？可惜在我玩够之前，不会让你轻易死去的……,How does it feel to be one step closer to death? Too bad—you won't die so easily until I've had my fill of fun...,死に一歩近づいた気分はどう？残念だけど、私が飽きるまでは、簡単には死なせないわ…
Talk/1204,Text,,无限的复苏……可惜，你永远变不回一个活人了……,"To revive endlessly... Alas, you'll never truly become human again...",何度でも蘇る…でも、あなたはもう生きた人間には戻れないのよ…
Talk/1205,Text,,诶呀……真是有趣，想不到当年的一粒种子，竟然长成了如此诡异的巨木……,Oh my... What a surprise. To think that a seed from years ago has grown into such a monstrous tree...,あら…面白いわね。あの小さな種が、こんな不気味な大木になるなんて…
Talk/1206,Text,,真是野蛮的生长……不过，这世间万物，本就是你的养分，不是么？,"Such savage growth... But then, all things in the world are just nourishment for you, are they not?",ずいぶんと荒々しく育ったものね…でも、この世のすべてがあなたの養分なのよね？
Talk/1207,Text,,尽情的掠夺吧……弱者，不值得怜惜……,Plunder as you wish... The weak deserve no pity...,思う存分奪いなさい…弱者は、哀れむ価値もないわ…
Talk/1208,Text,,春又至，鹊归来，可惜，小家伙，我已经不是你们的神明了……,"Magpies come home as spring returns. Alas, little one, I am no longer your deity...",再び春が来て、鵲が帰る。でもね、私はもう、あなたたちの神じゃないの…
Talk/1209,Text,,春信……可真是熟悉啊……,The Herald of Spring... How reminiscent...,春の便り…懐かしい響きね…
Talk/121,Text,,……春风……好上路……,... Spring breeze... bless your journey...,…春風に…送らせよう…
Talk/1210,Text,,哦？神骸和僵尸之血……小家伙有心了……,"Oh? Divine Remains and Zombie Blood... How thoughtful, little one...",へえ？神骸と屍の血…気が利くじゃない…
Talk/1211,Text,,向我效忠，箭奴！,"Swear allegiance to me, arrow slave!",私に仕えなさい、箭奴！
Talk/1212,Text,,风吹火炙，这等赏赐，可还接得住？,Blowing wind and scorching fire—can you bear such rewards?,風が吹き荒れ、火が燃え盛る…そんなご褒美に、あなたは耐えられるかしら？
Talk/1213,Text,,哼，你只需知道，雷霆雨露，具是君恩……,"Hmph. Know this: thunder and dew, all are the sovereign's grace...",ふん、覚えておきなさい。罰も恩恵も、君主の情けなのよ…
Talk/1214,Text,,“扔子乙式”？唉，凡人的奇技淫巧，为我所用吧。,"""Throwie Mark-B""? Ah, mortal tricks and gimmicks—let them serve my purpose.",「擲子乙式」？はぁ、凡人の奇妙な技術ね、私にも使わせて。
Talk/1215,Text,,把自己的巧技扔掉，却只换来她们的几分皮毛…倒也够用了,"Casting aside your own cunning arts, only to gain a fraction of theirs... but it suffices",自分の技を捨てて、手に入れられたのは浅い知識だけ…それで十分なのよ。
Talk/1216,Text,,这就灵压外溢了？世间百态看花眼又如何呢，到头来不还是要扔到身后？,"Spiritual pressure overflowed already? What's the use of seeing the world, if you must leave it all behind nonetheless?",もう霊圧が漏れてるの？世の様々なできごとを見て目がくらんだからなに？結局、置き去りにするくせに
Talk/1217,Text,,喜欢悟剑？世上所有飞剑皆与我同源，你不妨来悟悟看～,Fancy revelation through swords? All flying blades in this world share my origin. Why not come and see for yourself?,剣が好きなの？この世の飛剣はすべて、私と源が同じなのよ。ほら、悟ってごらんなさい～
Talk/1218,Text,,哦？三千剑映三千我，你真能认得出这世上每一把飞剑？,Oh? Three thousand swords reflect three thousand selves—can you truly recognize every flying sword in existence?,へえ？三千の剣に三千の私が映るけど、あなたは本当に、その一本一本を見分けられるのかしら？
Talk/1219,Text,,非你？呵呵，那今天我倒要让你这静剑，狠狠的动一动了！,"Not you? Heh, then today I'll make your still sword move in a frenzy!",あなたじゃない？ふふ、じゃあ今日はこの静剣を、存分に動かしてあげる！
Talk/122,Text,,…此箭灵蚀，绝不留情…,... The arrow of spiritual erosion spares none...,…この矢は霊を蝕む…容赦はしない…
Talk/1220,Text,,一折纸，一滴墨，倒是文雅，（嗅嗅），不过……难掩污秽啊……,"A fold of paper, a drop of ink—quite the elegant affair, (sniff sniff), but... it can't hide the filth...",折った紙と一滴の墨、で風流だけど（くんくんと嗅いで）、汚れは隠し切れないわ…
Talk/1221,Text,,呵呵，此时，此地，此状态，就现在，小家伙，我要看到你的“能力”~,"Heh. Right here, right now, in this state—little one, I want to see your ""abilities""~",ふふ…今、ここで、この状態で、あなたの能力を見たいわ～
Talk/1222,Text,,…照着抄可不算什么真本事………尤其还是拾人牙慧的东西……,Plagiarism is no talent... especially when it's just a cheap imitation...,…真似するだけじゃ、本物じゃないわ…ましてや、他人の二番煎じだなんて…
Talk/1223,Text,,有些游魂呀，总会给自己找个主人，似乎，脖子上没栓根链子，就缺了点什么呢……,"Some wandering souls always want a master for themselves, as if without a chain around their neck, they feel incomplete...",迷える魂はね、いつも主人を探してるの。首輪がなくちゃ、落ち着かないみたい…
Talk/1224,Text,,口舌之术……哼哼，来把我的剑，舔干净……,"Sharp tongue... Hmph, now come lick my blade clean...",口先の術？…ふふん、じゃあ私の剣を、舐めて綺麗にしてごらんなさい…
Talk/1225,Text,,我的小奴隶，你为什么不多奉献一些呢？我可惜很喜欢你的哀鸣呢……,"My little slave, why don't you offer more? I do rather enjoy your wails...",私の可愛い奴隷さん…どうしてもっと捧げてくれないの？あなたの悲鳴、大好きなのに…
Talk/1226,Text,,溺鲤……带给这个世界绝望吧……,Drowned Carp... Bring despair to this world...,泡鯉…この世界に絶望をもたらしなさい…
Talk/1227,Text,,呵呵……这份窒息感觉如何？是不是离死亡更近了一步呢？,Heh... How does the suffocation feel? Have you drawn closer to death?,ふふ…窒息する感じは、どう？死にまた一歩、近づいたんじゃない？
Talk/1228,Text,,哼哼，不过是一条溺死的鱼，倒还真苟活下来了……,"Hmph, a fish meant to be drowned, still clings to life...",ふん…ただの溺れた魚が、よくも生き延びたものね…
Talk/1229,Text,,以身为鼎，供养天魔……当真有趣……,Serving as a vessel to nourish the Celestial Demon... Truly amusing...,身を鼎として、天魔を養う…面白いじゃない…
Talk/123,Text,,……尸姬大人赐福的妖弓……,... The demonic bow blessed by the Lady Zombie...,…屍姫さまの祝福を受けた影弓…
Talk/1230,Text,,欸呀欸呀，似乎有什么东西在控制不住往外流呢……,Dear me... Something seems to be leaking out by itself...,あらあら、何かが抑えきれずに溢れてるみたいね…
Talk/1231,Text,,吞尽一切，把灵力榨干，一滴~都不剩……,"Devour all, drain the mana... to the last drop...",すべてを呑み込み、霊力を絞り取るわ。一滴も残さずにね…
Talk/1232,Text,,清风随我……,The breeze follows me...,清風、来い！
Talk/1233,Text,,接招吧！,Take that!,喰らえ！
Talk/1234,Text,,唔……,Mm...,…ぐっ
Talk/1235,Text,,不过如此……,How disappointing...,この程度なの…
Talk/1236,Text,,看掌！,Take this!,喰らえ！
Talk/1237,Text,,一指，洞穿！,"One finger, to pierce all!",指一本で、穿つ！
Talk/1238,Text,,唔……快，放我出去……,Uh... Le... let me out...,くっ…早く、出しなさい…
Talk/1239,Text,,不敬阴司……死吧……,Disrespecting the Netherworld... Die...,陰司に無礼な…死ね…
Talk/124,Text,,……腐化……之箭……,... Arrows... of corruption...,…腐敗の…矢…
Talk/1240,Text,,唔……好痛……,Ugh... It hurts...,くっ…痛い…
Talk/1241,Text,,额啊……一定是尸姬的把戏……,Argh... This must be the Lady Zombie's trickery...,うわ…きっと屍姫の技ね…
Talk/1242,Text,,一笔勾销……,A stroke of erasure...,帳消しにしよう…
Talk/1243,Text,,罪孽……都是罪孽……,Sins... all these sins...,罪業よ…すべて罪業よ…
Talk/1244,Text,,尽情挥洒你的清浊之气吧，我的灵力，管够！,Unleash your pure and turbid energy as you will. I have more than enough mana for this!,その清濁の気を存分に扱いなさい、私の霊力に底なんぞない！
Talk/1245,Text,,呵呵，倘若将这些浊气全都塞入你的阴阳奇脉中，又如何呢？,Hehe... What if I stuffed all this miasma right into your Yin-Yang Veins?,ふふ、この濁気を全部そなたの陰陽奇脈に注いだら、どうなるのかしら？
Talk/1246,Text,,阴阳奇脉，可真是稀罕物……若是给我的孩子每人一个……,The Yin-Yang Veins are rare indeed... If only each of my children could have one...,陰陽奇脈、珍しいものね…我が子に一人ずつあげたら…
Talk/1247,Text,,啧……已经分不清了么……是时候把你牵出来遛遛了……,Tsk... Can't even tell anymore? Time to take you out on a leash...,ちっ…もう区別もつかないとはね…引きずり出して散歩させてやるかしら…
Talk/1248,Text,,想听你的惨叫了，能不能满足一下我呢~,I missed your screams... Mind satisfying it for me?,悲鳴が聞きたいわ、ちょっとだけ満足させてくれないかしら～
Talk/1249,Text,,呵呵，对对对，都是尸姬的阴谋，把他们带去冥狱吧……,"Hehe, yes, yes, it's all the Lady Zombie's scheme. Take them to the Abyssal Hell then…",ふふ、そうそう、全部この屍姫の企みよ、やつらを冥獄へ連れていきなさい…
Talk/125,Text,,……连续的春意…,... Unending spring...,…連なる春意…
Talk/1250,Text,,请……原谅我……,Please… forgive me…,どうか……許して……
Talk/1251,Text,,宽恕……,Mercy…,お許しを……
Talk/1252,Text,,神明……不……,O gods… no…,神よ……いや……
Talk/1253,Text,,呃啊……,Argh…,うがっ……
Talk/1254,Text,,这是我的罪责……,This is my sin to bear…,これが私の罪責だ……
Talk/1255,Text,,哼……不要用这种假惺惺的自虐来博取同情，已经受伤的人不会再回来了,Hmph… Don't use this false self-flagellation to seek sympathy. Those already wounded will not return.,ふん……こんな偽りの自虐で同情を引くな、傷ついた者はもう戻らん。
Talk/1256,Text,,就这么干等着你的罪业越来越大，而不做点什么吗？,"Will you just stand by and watch your sins grow, doing nothing?",ただじっとしていて、お前の罪業が大きくなるのを見ているだけか？何もしないのか？
Talk/1257,Text,,哼，亡羊补牢……我倒要看看，你这徒劳的努力，有什么用……,"Hmph, locking the stable door after the horse has bolted… Let's see what use your futile efforts are…",ふん、羊を亡くしてから囲いを直すか……さて、お前の無駄な努力が何の役に立つか見せてもらおう……
Talk/1258,Text,,向您……效忠……,My loyalty... is yours...,忠誠を…誓います…
Talk/1259,Text,,我永远是……您的宠物……,I am forever... your pet...,私は永久に…あなたのペットです…
Talk/126,Text,,……春的……回响……,... The echo... of spring...,…春の…響き…
Talk/1260,Text,,遵命……,As you command...,御意…
Talk/1261,Text,,额啊……愉悦……,Um... The joy...,あぁ…快感…
Talk/1262,Text,,唔嗯……,Mmph...,うぐぅ…
Talk/1263,Text,,请赐予……我痛苦,Grant me... pain...,苦しみを…与えてください…
Talk/1264,Text,,谢尸姬大人恩典…………,Thank you... for your grace...,感謝します…屍姫さま…
Talk/1265,Text,,魂归……尘土……,Souls... to dust...,魂は…塵へと…
Talk/1266,Text,,为您，扫清一切！,"Conquer all, for you!",すべてを、消してあげましょう！
Talk/1267,Text,,哼……真是忠诚的狗啊……现在，去咬他们吧……,Hmph… What a loyal dog… Now go and tear them apart...,ふん…忠実な犬だね…さあ、噛みついてきなさい…
Talk/1268,Text,,把这承受的痛苦一口气释放出来……看你能不能受的住~,To release all this pent-up agony in one go… Let's see if you can take it~,受けた苦しみを一気に放つとしたら…果たして堪えられるのかしらね～
Talk/1269,Text,,过来，我的宠物，这个是赏你的，哈哈……,"Come, my pet. This is your reward, haha…",おいで、我がペット、これは褒美よ、ふふ…
Talk/127,Text,,拉弓……中！,Draw... Hit!,弓を引いて…放て！
Talk/1270,Text,,尸姬姐姐~爱你哦~MUA~,My Lady~ Love you~ Mwah~,屍姫お姉様～大好き～チュッ
Talk/1271,Text,,求尸姬姐姐垂怜~,"Please, my Lady, have mercy~",可愛がってください～
Talk/1272,Text,,为姐姐献上精气~,"Vital essence just for you, my Lady~",お姉様に精気を捧げます～
Talk/1273,Text,,姐姐的旨意~,As you decree~,お姉様の思うままに～
Talk/1274,Text,,疼痛，也是情趣的一部分呢……,Pain... is part of the pleasure...,痛みも快楽の一部なのね…
Talk/1275,Text,,唔嗯……,Mmph...,んっ…
Talk/1276,Text,,缠满之风……要，抱紧哦……,Here comes the caressing wind... Hold on tight~,纏の風…しっかり抱きしめてね…
Talk/1277,Text,,来吧，与姐姐……快活一番~,Come to me... Revel with me~,さて、お姉様と…楽しもうね…
Talk/1278,Text,,啧……惺惺作态……,Tch... Hypocrite...,ちっ…ふざけた真似を…
Talk/1279,Text,,用尾巴来保命……当真是越活越回去了……,Saving your hides with your tails... You have stooped low...,尻尾で命を守るだなんて…本当に落ちぶれたものね…
Talk/128,Text,,灵力……汇聚于箭锋……,Mana... gathers at the arrowhead...,霊力を…矢じりに集めて…
Talk/1280,Text,,哈哈，这般抽干你尾巴的感觉……真是快活~,"Haha, to drain your tails dry like this... What bliss~",ふふ、尻尾を搾り尽くすというのは…気持ちいい～
Talk/1281,Text,,妖龙雨师……为您，献上一切……,"I, the Rain Master... pledge everything... to you...",大龍雨師…すべてを捧げます…
Talk/1282,Text,,漫行雨中……,Strolling in the rain...,雨の中を歩く…
Talk/1283,Text,,在雨中，长眠吧……,"Rest forever, in the rain...",雨の中で、永遠に眠れ…
Talk/1284,Text,,乖~该用药了……,Hush now~ It's time for your medicine~,いい子ね～お薬の時間ですわ…
Talk/1285,Text,,嗯啊……,Hmm...,んぁ…
Talk/1286,Text,,无根之水，沉堕之渊……,"Rootless water, sunken abyss...",無根水よ、堕落の淵へ…
Talk/1287,Text,,来与我下水嬉戏一番吧~,"Come, play with me in the water~",あたしと水の極楽へ行きましょう～
Talk/1288,Text,,云岚~向主人致敬……,Cloud Mist~ salutes the master...,雲嵐～ご主人様に敬意を…
Talk/1289,Text,,尸姬大人，快把他们统统打飞吧~,"My Lady, let's send them flying!",屍姫さま、全部ぶっ飛ばして～
Talk/129,Text,,……万物……归春！,... All things... return to spring!,…万物…春に還る！
Talk/1290,Text,,魔蛟，饿了……,The Demonic Wyrm hungers...,小蛟、お腹すいた…
Talk/1291,Text,,成为我的食粮吧……,Become my food...,私の餌食になって…
Talk/1292,Text,,啊……,Ah...,ああ…
Talk/1293,Text,,噫~讨厌……,Eww~ How annoying...,ふん～いやん…
Talk/1294,Text,,索心……贯穿！,Heart Seeker... penetrate!,索心…貫け！
Talk/1295,Text,,哼哼，来与我云雨一番吧！,"Hmph, come join me for the pleasure!",ふふ…今宵は私の花を咲かせてちょうだい？
Talk/1296,Text,,……,...,…
Talk/1297,Text,,神明……为您……效忠……,A goddess... My loyalty... is yours...,神明…忠誠…誓う…
Talk/1298,Text,,阴阳……汇聚……,Yin and Yang... Converge...,陰陽…集いし…
Talk/1299,Text,,消散吧……,Evanish...,消えよ…
Talk/13,Text,,白费……力气……,Wasted... effort...,無駄…だ…
Talk/130,Text,,……吾乃……春神之使……,... I am... The Spring Goddess's herald...,…私は…春神の使い…
Talk/1300,Text,,汝……当归去……,Thou... shalt depart...,汝…帰るべし…
Talk/1301,Text,,唔……流失……,Mm... A leak...,くっ…流れる…
Talk/1302,Text,,未来……已来……,The future... has arrived...,未来…来たれり…
Talk/1303,Text,,本源之息……汇聚于此……,Breath of origin... converge here...,本源の息…集まる…
Talk/1304,Text,,小宠物，是时候欣赏一下你们的翻云覆雨了…,"My little pets, it's time to showcase your lustful plays...",ペットちゃん、あんたらの歓楽を見せてちょうだい…
Talk/1305,Text,,呵呵，真是丰饶的雨水……正好，给所有人都浇灌一番,"Hehe... Such bountiful rain... Perfect, let us give everyone a thorough soaking",ふふ、なんて豊かな雨…ちょうどいい、みんなに降り注いであげよう。
Talk/1306,Text,,细水长流……真是，别有一番风味……,"A gentle, steady stream... It truly holds... a unique charm...",細く長く流れる…本当に、また格別な風情ね…
Talk/1307,Text,,呵呵，你姐姐可真美味呀…现在，轮到你了…,"Hehe... Your sister was delicious... Now, it's your turn...",ふふ、お姉ちゃんは美味しいわ…さあ、あなたの番ね…
Talk/1308,Text,,小家伙这条尾巴，可真是迷人呢……,"This little tail of yours, is truly gorgeous...",この尻尾、可愛いわ…
Talk/1309,Text,,哈哈哈……真是别有一番风味，小家伙不妨把你的尾巴缠的再紧一些……,Hahaha... How amusing. Why don't you wrap that tail of yours a little tighter?,ふふふ…別格の風情ね、その尻尾をもっときつく締めなさい…
Talk/131,Text,,春神有令……回春！,By the Spring Goddess's command... Revive!,春神がご命令…甦れ！
Talk/1310,Text,,啧……已经不会说话了么……无趣……,Tsk... Can't speak already? What a bore...,ちっ…もう口もきけないとは…退屈ね…
Talk/1311,Text,,你这玉镇神魂有损，不如，借我增益一番~,"Your Jade Seal holds a broken spirit... Better lend it to me, for some enchanting~",この玉鎮の魂は壊れた。なら、私の力となりなさい～
Talk/1312,Text,,凡人的躯壳……啧……真是不堪把玩……,Mortals' bodies... Tch... Too fragile to play with...,凡人の殻…ちっ…脆いものね…
Talk/1313,Text,,所谓天地有灵……谁拳头大，这灵便听谁的…,"The cosmic will, you say? Whoever has the biggest fist, the will obeys...",いわゆる天地に霊あり…拳が強い者の言いなりだわ…
Talk/1314,Text,,本源之阴…恐怕这世上没几个凡人受的住吧…,The primordial Yin essence... I'm afraid few mortals can even harbor it...,本源の陰…この世に耐えられる凡人などさほどおらぬでしょうに…
Talk/1315,Text,,元阳之力，真诱人…可惜，对我已经无用了…,"The primordial Yang essence, how enticing... Pity, it is useless to me now...",元陽の力、いいね…残念ながら私には使いようもないわ…
Talk/1316,Text,,尸姬，归来吧……,Return to me... Lady Zombie...,屍姫さま、お帰りください…
Talk/1317,Text,,披上旧日的华裳，你仍是万物复苏的春……,Don the attire of old... You may yet be the spring of revival...,昔の衣を纏い、あなたは蘇生の春なり…
Talk/1318,Text,,呵……所谓神明的衣服，我早就穿腻了。,Heh... Divine garments? I grew tired of them long ago.,ふ…神の衣など、もう飽きてきたわ
Talk/1319,Text,,是时候，换件新衣服了……,"It is time, to change into something new...",さて、新しい服に着替えよう…
Talk/132,Text,,箭……来……,Arrows... come...,矢よ…来い…
Talk/1320,Text,,万物……归春……,All creations... return to spring...,…万物よ…春に還りなさい！
Talk/1321,Text,,复苏吧……,Revive...,甦れ…
Talk/1322,Text,,生死……轮回……,Life and death... complete the circle...,生死…輪廻…
Talk/1323,Text,,尸姬……神明……,Lady Zombie... A deity...,屍姫…神明…
Talk/1324,Text,,啧……真是……有趣的故人啊……,"Tsk... An old friend... interesting, indeed...",ちっ…本当に…面白い旧友ね…
Talk/1325,Text,,罢了，你们解脱吧……,"Whatever, you are free now...",いいわ、楽にしてあげよう…
Talk/1326,Text,,岩石……碎裂……,The rock... shatters...,岩石…砕けろ…
Talk/1327,Text,,震荡……眩晕……,Shockwave... Stun...,振動…めまい…
Talk/1328,Text,,疼痛……遗忘……,Pain... Forgot...,痛み…忘却…
Talk/1329,Text,,咕咕咕~,Caw-caw-caw~,カーカー
Talk/133,Text,,搭弓，中！,Draw... and hit!,構え、放て！
Talk/1330,Text,,尸姬，还记得你的护卫吗……,"Lady Zombie, remember your guardians...?",屍姫さま、護衛を覚えていますか…
Talk/1331,Text,,啧……我对这无聊的回忆没什么兴趣……,Tsk... I have no interest in these worthless memories...,ちっ…そんなくだらない記憶に興味ないわ…
Talk/1332,Text,,历史的幽灵么……真是熟悉,The specter of history... How familiar,歴史の幽霊か…懐かしい
Talk/1333,Text,,我可是刚刚收藏了一个你的后辈呢~,I've just added one of your juniors to my collection~,あんたの後輩を手に入れたところよ～
Talk/1334,Text,,时光……咳咳……不会忘记您……,Time... cough... will never forget you...,時は…ゴホッ…あなたを忘れませぬ…
Talk/1335,Text,,归来吧……春日的神明……,Return... Oh goddess of spring...,お帰りなさい…春日の神よ…
Talk/1336,Text,,时光……流转……,Time... flows on...,時が…流転する…
Talk/1337,Text,,亡者……归去吧………,The departed... shall rest...,亡き者よ…帰りなさい…
Talk/1338,Text,,岁月……抚平一切……,Time... will heal all...,歳月は…すべてを癒す…
Talk/1339,Text,,神应当爱着世人……,A goddess shall love mankind...,神は世を愛するべき…
Talk/134,Text,,吾乃……灵弓之主,I am... master of the spiritual bow,私は…雷矢の主
Talk/1340,Text,,呵呵，世间众生，不过是我的盘中食粮罢了…,Love? All lives are nothing but food on my platter...,世の衆生など、所詮は私の糧に過ぎないわ……
Talk/1341,Text,,生长……复苏……,Grow... revive...,成長…蘇生…
Talk/1342,Text,,这次又是那段回忆？万妖山的故人么……,Which memory is this again? An old face from Mount Monsters...?,またあの記憶？万妖山の旧友か…
Talk/1343,Text,,嗷呜……肚子饿饿……,"Awooo... My tummy, so hungry...",グゥ…腹ぺこ…
Talk/1344,Text,,有趣，如记忆中的一样贪吃呢……,"Interesting, it's as gluttonous as I remembered...",面白い、記憶通りに食いしん坊ね…
Talk/1345,Text,,新鲜的食材！,Fresh food!,新鮮な食材！
Talk/1346,Text,,欸……坏东西！,Hey... You are bad!,もう…悪いやつ！
Talk/1347,Text,,嗷呜……我！要！吃！肉！,Awooo... I! WANT! MEAT!,ウォ…お・肉・食・べ・た・い！
Talk/1348,Text,,尸姬……可曾记得这些凡人……,Lady Zombie... Do you remember these mortals?,屍姫…この凡人たちを覚えているか…
Talk/1349,Text,,这段回忆……呵呵……,This memory... Hehe...,この記憶…ふふ…
Talk/135,Text,,咔咔咔（牙齿咀嚼声）,Crunch crunch crunch (teeth chewing),ガリガリ（歯で噛み砕く音）
Talk/1350,Text,,想看我再次击败这两个手下败将么……,Want to watch me crush these two losers again?,この負け犬たちがもう一度倒されるのが見たいの…
Talk/1351,Text,,喝啊！,Haaah!,はぁっ！
Talk/1352,Text,,哼！接招吧！,Hmph! Take this!,ふん！喰らえ！
Talk/1353,Text,,头晕，是正常的！,Feeling dizzy? You should be!,めまいがするのは、当たり前だ！
Talk/1354,Text,,碎！颅！,Crush! Skull!,顱！砕！
Talk/1355,Text,,热血……沸腾起来了！,My blood... is boiling!,血が…湧いてきた！
Talk/1356,Text,,喝！看招！,Hah! Now take this!,はっ！喰らえ！
Talk/1357,Text,,令曰，攻！,"Heed my order, attack!",令曰く、攻めよ！
Talk/1358,Text,,诸君听令！,"Everyone, attention!",命令だ！
Talk/1359,Text,,汝等，当罚！,"All of you, are guilty!",罰を受けよ！
Talk/136,Text,,咔咔咔（牙齿咀嚼声）,Crunch crunch crunch (teeth chewing),ガリガリ（歯で噛み砕く音）
Talk/1360,Text,,退下！,Stand down!,下がれ！
Talk/1361,Text,,斩！立！决！,EXECUTE! THEM! NOW!,即！斬！
Talk/1362,Text,,记忆中的花仙……啧，怎么如此污秽……,The Flower Faerie... Tsk... I didn't remember you to be so filthy...,記憶の花仙…ちっ、なんて汚らわしい…
Talk/1363,Text,,请您……重回……神位……,Please... return... to your divine seat...,神位に…お戻り…ください…
Talk/1364,Text,,腐朽……绽放……,Rot... and bloom...,腐敗が…咲く…
Talk/1365,Text,,复苏吧……我的种子……,Revive... My seeds...,甦れ…我が種…
Talk/1366,Text,,生机与繁衍……,Life... and reproduction...,生気と繁殖…
Talk/1367,Text,,我已经厌倦了……,I'm bored of this...,もう飽きてきたわ…
Talk/1368,Text,,厌倦？我的孩子们可永远不会厌倦！,Bored? My brood is only getting started!,飽きる？我が子は永遠に飽きないのよ！
Talk/1369,Text,,啧……扭曲的东西，消失吧……,Tsk... You wretch... Out of my sight...,ちっ…歪んだものめ、消えなさい…
Talk/137,Text,,咔咔咔（牙齿咀嚼声）,Crunch crunch crunch (teeth chewing),ガリガリ（歯で噛み砕く音）
Talk/1370,Text,,侵蚀天道！,Corrupt the Way!,天道侵蝕！
Talk/1371,Text,,成为我孩子们的养分吧！,Be nourishment for my brood!,我が子たちの養分となるがいい！
Talk/1372,Text,,出来吧，我的孩儿们……,"Come forth, my little ones...",いでよ、我が子たちよ…
Talk/1373,Text,,凡人是很脆弱的，你要克己复礼，斩去三尸，方能重回神位……,"Mortals are fragile. To reclaim your divine seat, you must practice self-restraint, restore the rites, and sever the Three Egos...",凡人は弱い、己の欲を抑え、三屍を斬り、さすれば神位に戻れる…
Talk/1374,Text,,斩去？为何要斩？这些欲念，才是永恒中仅存的欢愉……,Sever them? Why should I? These desires are the only joy left in eternity...,斬る？なぜ斬る？これらの欲望こそ、永遠の中に残された唯一の歓び…
Talk/1375,Text,,罢了罢了，这斩三尸的游戏，我有些玩腻了…,Whatever. I'm tired of this game of tri-severing anyway...,もういい、この三屍を斬る遊びなんて、飽きてきたわ…
Talk/1376,Text,,是时候结束一切了……,It's time to end it all...,すべてを終わらせよう…
Talk/1377,Text,,春雷……划过长夜！,Spring Thunder... breach the night!,春雷…長い夜を切り裂け！
Talk/1378,Text,,雷声阵阵……,The thunder roars...,雷よ、轟け…
Talk/1379,Text,,苏醒吧，世间的生灵……,Awaken... living souls of this world...,目覚めよ、世間の生霊よ…
Talk/138,Text,,桀桀桀（诡异的笑声）,Heh heh heh (sinister laughter),ギャハハハッ！（不気味な笑い声）
Talk/1380,Text,,万物，归春……,"All creations, return to spring...",万物、春に還れ…
Talk/1381,Text,,万古春在，青叶长开……,The eternal spring abides evergreen leaves...,万古の春はあり、青葉は長く咲く…
Talk/1382,Text,,时间与岁月……真是想起了一位故人呢……,Time and passing years... Brings an old friend to mind...,時間と歳月…旧友を思い出すね…
Talk/1383,Text,,倘若我将你复活过来，那一定很有趣……,If I were to bring you back to life... that would be amusing...,あなたを蘇らせたら、面白いでしょうね…
Talk/1384,Text,,(尸姬略施法力，雕像裂开，变成大万事录),"(The Lady Zombie casts a spell, and the statue cracks open, materializing the Grand Encyclopaedia)",（屍姫が呪文をかけると、彫像が割れ、大時詠みに変わる）
Talk/1385,Text,,嗯？这是……何时年岁……,Hm? What era... might this be?,うん？これは…いつの時代だ…
Talk/1386,Text,,(使用岁月之力查看历史),(Using the power of time to review history),（歳月の力で歴史を見る）
Talk/1387,Text,,啊……原来如此……历史已经告诉我了……,Ah... I see... This is how history goes...,ふむ…なるほど…歴史が教えてくれた…
Talk/1388,Text,,向您效忠……春神大人……,My loyalty is yours... Spring Goddess...,春神さま…忠誠を誓います…
Talk/1389,Text,,真是无聊的回忆……不过倒提醒我了……,What a boring memory... But it does remind me...,退屈な記憶ね…でも思い出させてくれた…
Talk/139,Text,,咔嚓咔嚓（牙齿碰撞声）,Snap creak (teeth chattering),ゴリゴリ（歯がぶつかり合う音）
Talk/1390,Text,,我曾经的山神，现在在哪里呢？,"My former mountain god, where are you now?",私のかつての山神、今はどこだろうね？
Talk/1391,Text,,(尸姬略施法力，找到了曾经的万妖山山神),(The Lady Zombie casts a spell and locates the former god of Mount Monsters),（屍姫が呪文をかけると、かつての万妖山の山神を見つける）
Talk/1392,Text,,啧……还真是毫不意外呢……,Tch... Why am I not surprised?,ちっ…案の定、ね…
Talk/1393,Text,,ZZZ……（睡觉声）,Zzz... (Snoring softly),ZZZ…（寝息）
Talk/1394,Text,,(使用法力，尝试将她唤醒),(Channeling mana to wake her),（呪文を使い、呼び起こそうとする）
Talk/1395,Text,,阿巴阿巴……别闹，痒……,"Makka... Pakka... Stop it, that tickles...",むにゃむにゃ…やめて、くすぐったいよ…
Talk/1396,Text,,ZZZ……（睡觉声）,Zzz... (Snoring softly),ZZZ…（寝息）
Talk/1397,Text,,啊！讨厌！谁在烦老子睡觉！,Ah! Get away! Who the hell is waking me up?!,ああ！もう！邪魔しないでよ！
Talk/1398,Text,,欸……春神大人……不……呃……,Huh...? Lady Spring Goddess...? No... urk...,あれ…春神さま…いいえ…ええ…
Talk/1399,Text,,啊！！！,Ahh!!!,あ——！
Talk/14,Text,,,,
Talk/140,Text,,咔嚓咔嚓（骨骼碰撞声）,Click-clack (bones chattering),ガチャガチャ（骨がぶつかり合う音）
Talk/1400,Text,,彻底清醒）阿巴阿巴（支支吾吾）……我，我没有偷懒，一直在努力工作喵……,"(Fully sober) I, uhh (babbling)... I wasn't slacking off! I've been working hard, meow...",（目を覚ます）ええっと…サ、サボってないよ、ずっと頑張ってるのよ…
Talk/1401,Text,,有什么需要请吩咐喵……,"I'm at your service, meow...",ご用があれば、なんでも言って…
Talk/1402,Text,,咳……额……请……重回，神位……,Cough... gasp... Please... return... to your divine seat...,ゴホッ…ええ…どうぞ…神位にお戻りに…
Talk/1403,Text,,所谓三尸这种凡人臆想出来的概念,"The so-called 'Three Egos', this concept imagined by mortals...",三屍など凡人に想像されしもの。
Talk/1404,Text,,我一直很好奇，我真的存在三尸么……,"I've always been curious, do I truly have the Three Egos?",興味あるね、私に三屍など存在するのか…
Talk/1405,Text,,倘若不存在，那你又是什么呢……（用力掐紧）,If I don't... then what are you...? (Tightens grip),存在しないのなら、あなたは何なのだ…（力いっぱいに掴み締める）
Talk/1406,Text,,额啊…我…是你…春神…最后一丝…善念…,Ghh... I am... you... Spring Goddess's... last... shred of kindness...,ぐっ…我は…あなた…春神…最後の…善意…
Talk/1407,Text,,哼……执念么……有趣……,Hmph... An obsession...? Interesting...,ふん…執念か…面白い…
Talk/1408,Text,,(残影昏迷过去，脖子一歪),"(The vestige falls unconscious, her head slumping to the side)",（残影が気を失う）
Talk/1409,Text,,既然是我的执念，那便为我所用吧……,Since you are my obsession... then you shall submit to my will...,我が執念ならば、我に仕えよ…
Talk/141,Text,,咔哒咔哒（骨骼弹响）,Crackle crack (bones snapping),ゴキゴキ（骨の関節が鳴る音）
Talk/1410,Text,,(残影身体绷紧，七窍灌入青色的灵力),(The vestige collapses to the ground as cyan spiritual energy pours into her seven orifices),(残影は体を強張らせ、七孔に青い霊力が注ぎ込まれる)
Talk/1411,Text,,遵命……主人……,As you command... Master...,御意…主さま…
Talk/1412,Text,,赤龙睚眦，为您效命！,"Yazi the Red Dragon, at your command!",赤龍睚眦、命のままに！
Talk/1413,Text,,敬天地，敬春神……,"True to the world, true to the Spring Goddess...",天地に敬意を、春神に敬意を…
Talk/1414,Text,,死来！,Die!,死ね！
Talk/1415,Text,,讨厌的东西……给我去死！,Vile pests... Die!,嫌なやつ…死ね！
Talk/1416,Text,,睚眦，记住你了！,Yazi has remembered you!,この睚眦、忘れるもんですか！
Talk/1417,Text,,我记住你了，等死吧！,"I've remembered you, your life is forfeit!",その面覚えたわよ！首を洗って待ってなさい！
Talk/1418,Text,,咳咳……岁月如春……,Cough... cough... The years flow like spring...,ゴホッ…歳月は春の如し…
Talk/1419,Text,,时光，未曾改变……,Time... never changes...,時は、変わらない…
Talk/142,Text,,咔哒咔哒（骨骼弹响）,Crackle crack (bones snapping),ゴキゴキ（骨の関節が鳴る音）
Talk/1420,Text,,遗忘吧……,Let it fade...,忘れよ…
Talk/1421,Text,,归于昨日…,Return to yesterday...,往日に帰れ…
Talk/1422,Text,,嗯……咳咳……,"Mmh... cough, cough...",うん…ゴホッ…
Talk/1423,Text,,化为历史的尘埃吧……,Turn into dust of history...,歴史の塵となれ…
Talk/1424,Text,,岁月之力，供您指使……,"The power of Time, at your command...",歳月の力、意のままに…
Talk/1425,Text,,时光……在指尖流淌……,Time... slips through fingertips...,時が…指先を流る…
Talk/1426,Text,,万古春在，青叶长开……,The eternal spring abides evergreen leaves...,万古の春はあり、青葉は長く咲く…
Talk/1427,Text,,春回大地……,Spring returns to earth...,大地に春が戻る…
Talk/1428,Text,,汝等，重回轮回……,Back to reincarnation with you...,汝ら、輪廻へ還れ…
Talk/1429,Text,,凋零，亦是复苏……,Withering... is for another revival...,枯れることも、また蘇ること…
Talk/143,Text,,咔哒咔哒（骨骼弹响）,Crackle crack (bones snapping),ゴキゴキ（骨の関節が鳴る音）
Talk/1430,Text,,调皮……,Naughty...,意地悪ね…
Talk/1431,Text,,我原谅你的任性，孩子……,"Child, I forgive your willfulness...",そのわがままを許そう…
Talk/1432,Text,,春天到了，该醒醒了……,Spring is here... Time to wake up...,春が来た、目覚めよう…
Talk/1433,Text,,一切都会好起来的，我保证……,Everything will be fine... I promise...,保証する、すべてがうまくいく…
Talk/1434,Text,,死亡，不属于春天……,"Death, belongs not to spring...",死など、春にふさわしくない…
Talk/1435,Text,,万妖山山神，向您报道！,"God of Mount Monsters, reporting for duty!",万妖山山神、ただいま参上！
Talk/1436,Text,,欸……想困觉了……,Ah... Time for a nap...,もう…眠い…
Talk/1437,Text,,坏东西！去死！,You bad! Die!,こいつめ、死ね！
Talk/1438,Text,,嗯啊……,Hmm...,んぁ…
Talk/1439,Text,,唔，不痛不痛……,"Ouch... Doesn't hurt, doesn't hurt at all...",くっ、痛くない…
Talk/144,Text,,盯——,Stare—,…ジィー
Talk/1440,Text,,春神在上！我开动了！,By the Spring Goddess! I'm digging in!,春神さま！いただきます！
Talk/1441,Text,,蛊剑在手，无人能逃~,"With the vile blade in hand, none shall escape~",蠱剣を手に、逃げる者なし～
Talk/1442,Text,,静静等待，只需要呼吸就好~,"Just wait quietly, and keep breathing~",呼吸しながら待つだけでいい～
Talk/1443,Text,,呵呵，毒发身亡……,Heh... Death by poison...,ふふ、毒が回って死ぬがいいわ…
Talk/1444,Text,,我观你，命数已尽,Your time... has run out,命運もここまでね
Talk/1445,Text,,嗯？乱摸的话，可要小心毒哦……,Hm? Mind your hands... or you might get poisoned...,ん？迂闊に触ったら、毒にあたるわ…
Talk/1446,Text,,蛊毒索命，诛仙剑来,"Immortal Slayer comes, vile venom kills",蠱毒が命をもらう、誅仙剣よ、来たれ。
Talk/1447,Text,,剑蛊同源……,Sword and poison share the same origin...,剣蠱同源…
Talk/1448,Text,,这才是我的睚眦，向世上的一切复仇吧！,Now this is my Yazi! Go and take your vengeance upon the world!,これこそ我が睚眦、世のすべてに復讐しなさい！
Talk/1449,Text,,哈哈，神可不会记仇，有仇当场便报了……,"Haha, gods don't hold grudges, we settle scores on the spot!",ふふ、神は恨まない、仇などその場で討つ…
Talk/145,Text,,咔嚓咔嚓（牙齿碰撞声）,Snap creak (teeth chattering),ゴリゴリ（歯がぶつかり合う音）
Talk/1450,Text,,越讨厌，便越疯狂…我很期待你癫狂的样子…,"The more you hate, the crazier you become... I look forward to seeing your madness...",嫌うほど、ますます狂って…あなたの狂おしい姿、楽しみにしてる…
Talk/1451,Text,,岁月在你体内流淌…这般姿态，真是熟悉…,Time flows within your veins... Such a form is so nostalgic...,時があなたの体内を流れて…この姿、なんて懐かしいの…
Talk/1452,Text,,所谓回忆，不过是永恒生命里最无聊的消遣…,"The so-called ""memories"" are but the most boring pastime in an eternal life...",いわゆる思い出とは、永遠の命の中で最も退屈な気まぐれに過ぎない…
Talk/1453,Text,,今朝明日…所谓未来，哼，我早就看腻了…,"Today, tomorrow... and the so-called future? Hmph, I'm so bored of them all...",今日も明日も…いわゆる未来、ふん、もう飽き飽きだわ…
Talk/1454,Text,,无思虑，不染尘，万古春在，青叶，长开……,"No thoughts, no stains. The eternal spring abides evergreen leaves...",思い悩まず、塵に染まらず、万古の春はあり、青葉は長く咲く…
Talk/1455,Text,,和风煦日，此为春……,Gentle winds and warm sun make spring...,そよ風、暖かな陽射し…これぞ春…
Talk/1456,Text,,苏醒吧，世间的生灵……,Awaken... living souls of this world...,目覚めよ、世間の生霊よ…
Talk/1457,Text,,呵呵，做我的山神，可不许随便偷懒哦……,"Heh... As my Mountain God, slacking off is not an option, you know...",ふふ、私の山神として、勝手に油を売っちゃだめよ…
Talk/1458,Text,,放轻松，好好休息，我可从来不会难为人……,"Relax, and rest. I would never pick on anyone...",楽になって、しっかり休むのよ、無理なんてさせないわ…
Talk/1459,Text,,那么想休息的话…再给你加点工作又如何呢？,Since you want to rest so badly... how about a little extra work?,それほど休みたいなら…もっと仕事を与えようかしらね？
Talk/146,Text,,,,
Talk/1460,Text,,毒与剑……哼哼……都是旁门左道……,Poison and blades... Hmm... nothing but petty tricks...,毒と剣…ふん…邪道の技ね…
Talk/1461,Text,,截运？截的是鸿蒙紫运，还是这疫毒呢？,"Fortune Interception? Intercept what? The Primordial Purple Fortune, or these Plague Toxins?",運を断つ？断つのは鴻蒙の紫運か、それともこの疫毒か？
Talk/1462,Text,,哼，世间万法万剑，条条道道，皆可通天……,"Hmph... Of all the laws and blades in this world, every means leads to the heavens...",ふん、世の中の万法万剣、あらゆる道、すべて天に通ず…
Talk/1463,Text,,铳？哼嗯......我倒要看看一个不需要呼吸的铳手，能不能稳稳射穿对面的花芯？,Muskets? Hmph... Let us see if a marksman with no need to breathe can't hit the flower heart.,銃？ふん…むっ…呼吸を必要としない銃手が、果たして向こうの花芯を正確に撃ち抜けるか、見せてもらおうか…
Talk/1464,Text,,啧，用准头换取频率可不是一个好主意……,Tsk... Trading precision for fire rate is never a good idea...,ちっ、命中率を犠牲にして連射するなんて、いい考えじゃない…
Talk/1465,Text,,哈哈，用凡人的玩具，为他们送上死兆吧！,"Haha, deliver death to them, with their mortal toys!",ははっ、凡人の玩具を使って、彼らに死の兆しを贈ってやろう！
Talk/1466,Text,,灵铳待命，百步穿杨,"Spiritual Musket standing by, aim for the bullseye",霊銃、待機…百発百中！
Talk/1467,Text,,灵铳……正在等待目标,Spiritual Musket... awaiting target,霊銃…標的を待つ
Talk/1468,Text,,命中注定。,A destined hit.,運命の定め
Talk/1469,Text,,以为摇头晃脑的我就打不中你了？,Think a bobbing head would save you from my mark?,頭を振っているからって当たらないとでも？
Talk/147,Text,,,,
Talk/1470,Text,,没事...不影响准头...,No matter... Accuracy not affected...,問題ない…精度に影響なし…
Talk/1471,Text,,整备中，随时可以迎敌。,"Standing by, ready to engage.",整備中、いつでも迎撃可能。
Talk/1472,Text,,中门大开呢。,A wide open target.,隙あり。
Talk/1473,Text,,呼叫炮击，准备迎接真理吧……,Calling in artillery... Prepare to face the truth...,砲撃要請、真理を受け入れなさい…
Talk/1474,Text,,所谓气运，所谓凡人之龙…哼，可笑…这么轻易就变成了我的乖孩子……,"So-called fate, so-called mortal dragon... Hmph, ridiculous... So easily became my obedient child",所谓气運、凡人之龍…ふん、笑わしい…こんな簡単に私のお利口さんになってしまった……
Talk/1475,Text,,哈哈哈，尽情的屠戮吧，让世间生灵都看看，他们的君王，现在是我的狗了……,"Hahaha, slaughter to your heart's content, let all living creatures witness that their king is now my dog",ははは、思う存分屠殺せよ。この世の生霊すべてに見せつけてやろう、彼らの君主は今、俺の犬なのだ……
Talk/1476,Text,,哈哈，这人皇血脉……现在更亲近你的僵尸朋友了呢……,"Haha, this Human Emperor lineage... now it's even closer to your zombie friend",はは、この人皇の血脈……今ではもっとあなたのゾンビの友達に近づいてるみたいだね……
Talk/1477,Text,,为母亲……献上……一切！,To Mother... dedicate everything!,母に……すべてを捧げます！
Talk/1478,Text,,渴望……血肉……,Longing for... flesh,肉欲を……求める……
Talk/1479,Text,,都是，我的，血食……,"All of it, my blood feast",すべては、私の、血食……
Talk/148,Text,,尸姬大人…请下令……,… Your orders... my Lady...,屍姫さま…ご命令を…
Talk/1480,Text,,血的味道……,The taste of blood,血の味……
Talk/1481,Text,,僭越……,```Transgress...```,僭越……
Talk/1482,Text,,哈哈……凡人……死吧！,Haha... mortals... perish!,はは……凡人……死ね！
Talk/1483,Text,,无用的……残躯……,Useless... broken body,役に立たない……残骸……
Talk/1484,Text,,吞下……我的血肉……,Swallow... my flesh and blood,飲み込んで……私の血肉……
Talk/149,Text,,秀锁……在听……,Lockie... is listening...,錆鎖…聞いてる…
Talk/15,Text,,,,
Talk/150,Text,,秀锁……遵命……,Lockie... obeys...,錆鎖…わかった…
Talk/151,Text,,秀锁……明白……,Lockie... understood...,錆鎖…了解…
Talk/152,Text,,秀锁……被打了……,Lockie... was hit...,錆鎖…打たれた…
Talk/153,Text,,嗯啊……,Hmm...,うあぁ…
Talk/154,Text,,,,
Talk/155,Text,,,,
Talk/156,Text,,,,
Talk/157,Text,,,,
Talk/158,Text,,……尸姬大人的……敌人,... Enemies... of my Lady...,…屍姫さまの…敵か…
Talk/159,Text,,,,
Talk/16,Text,,,,
Talk/160,Text,,血液，在，流动……,Blood... flows...,血が…流れてる…
Talk/161,Text,,僵尸……没有痛觉……,Zombies... feel no pain...,屍に…痛覚はない…
Talk/162,Text,,,,
Talk/163,Text,,,,
Talk/164,Text,,,,
Talk/165,Text,,,,
Talk/166,Text,,,,
Talk/167,Text,,,,
Talk/168,Text,,,,
Talk/169,Text,,,,
Talk/17,Text,,,,
Talk/170,Text,,哎呀哎呀……不该乱动的……,Oops... shouldn't have moved...,…動いちゃ…ダメ…
Talk/171,Text,,嚯嚯~~行衅尊上，当，斩立决！,Oh ho~~ An offender. Immediate execution!,あら～～私を怒らせたわね、すぐに、処刑よ！
Talk/172,Text,,来人啊，斩了！,Guards! Off with their heads!,誰か、斬っておしまい！
Talk/173,Text,,准了，即刻问斩！,Granted! Execute them now!,許可するわ、すぐに処刑なさい！
Talk/174,Text,,借我，人头一用！！,"Lend me, your head!!",首を、貸してくれ！
Talk/175,Text,,尸姬大人，请您……,"My Lady, please...",屍姫さま…どうか…
Talk/176,Text,,赴死！！！,To death!!!,…死んでください…
Talk/177,Text,,锁链，捆绑……全都布满了……,"Chains, bonds... everywhere...",鎖で…全部…縛ったよ
Talk/178,Text,,为什么不直接把我捆起来呢？,Why not just tie me up?,なんで…縛らないの…
Talk/179,Text,,看来，你还没有忘记自己的主人是谁,So you haven't forgotten your master after all,…主人…覚えてる…
Talk/18,Text,,,,
Talk/180,Text,,赤锁，来！,"Scarlet Lock, come!",赤鎖、おいで！
Talk/181,Text,,标记……怎么没了？！,The mark... is gone?!,印が…消えた？
Talk/182,Text,,赤锁，记住你了……,"Scarlet Lock, I've remembered you...",赤鎖…覚えた…
Talk/183,Text,,被我盯上，可是跑不掉的哦……,There's no escape once I've got my eyes on you...,見ているぞ…逃がしはしない
Talk/184,Text,,很快，你们都会被我捆起来~,"Soon, I'll tie you all up~",…みんな…縛られる…
Talk/185,Text,,真可惜，没有死掉的随从呢……,What a pity—no minions died...,残念、ミニオンは一人も死ななかったのね…
Talk/186,Text,,来，重新上场，再死一次也没关系,"Back to the stage, dying again won't hurt",さあ、もう一戦よ、もう一度死んだって関係ないわ
Talk/187,Text,,僵尸怎么会死？起来吧……,How could a zombie die? Rise...,屍が死ぬわけないでしょう？起きなさい…
Talk/188,Text,,死亡？那是凡人的概念，我可还没玩够呢~,Death? That's for mortals. I haven't had enough fun yet~,死ぬ？それって凡人の概念でしょ、私はまだ遊び足りないの
Talk/189,Text,,僵尸……哼哼……,Zombies... Hmph...,屍…ふふん…
Talk/19,Text,,,,
Talk/190,Text,,僵尸？,Zombies?,屍？
Talk/191,Text,,我这灵符，还没有哪个僵尸能受的住！,No zombie can withstand my sigils yet!,この霊符に、耐えられた屍は一体もいない！
Talk/192,Text,,凡人的……放肆！,Mortals... How dare you!,凡人が…身の程を知れ！
Talk/193,Text,,僵尸！退散！,Zombie! Begone!,屍！消え失せろ！
Talk/194,Text,,天地正气，破汝邪躯！,"Righteous energy, break thy wicked shell!",天地の正気で、その邪体を破壊する！
Talk/195,Text,,符阵起，护我周全！,"Formations, rise! Shield me!",符陣よ！わしを守るのだ！
Talk/196,Text,,天地灵符，庇佑吾身！,"Divine sigils, protect me!",天地の霊符よ、加護を！
Talk/197,Text,,你这邪祟，休想坏我财路！,"You wicked presence, ruin not my fortune!",この怨霊め、金儲けの邪魔をするな！
Talk/198,Text,,嘿嘿……尸体，好东西……,"Heh heh... Corpses, good stuff...",へへっ…屍体ってのは…いいもんだぜ…
Talk/199,Text,,,,
Talk/2,Text,,,,
Talk/20,Text,,,,
Talk/200,Text,,,,
Talk/201,Text,,甚么动静？,What's that noise?,なんだ、今の音は？
Talk/202,Text,,僵尸！！！快叫人！！,Zombies!!! Call for help!!,化け物だぁッ！誰か来てくれッ！！
Talk/203,Text,,无知的凡人……孩子们，把他们撕碎！,"Ignorant mortals... Little ones, tear them apart!",無知な凡人が…子どもたち、引き裂いてやりなさい！
Talk/204,Text,,尸体……我来了……,Corpse... Here I come...,屍体ちゃん…お待たせ…
Talk/205,Text,,遵命，尸姬大人！,"Yes, my Lady!",了解、屍姫さま！
Talk/206,Text,,别、别杀我！我、我什么都没干！,"No, don't kill me! I... I didn't do anything!",殺さないでぇ！ぼ、僕は何もしてませ～ん！
Talk/207,Text,,起来吧，孩子们……让他尝尝永恒的滋味。,"Rise, my children... Give him a taste of eternity.",起きなさい、子どもたち…永遠の味を味わわせてあげて。
Talk/208,Text,,救命！谁来救救我！,Help! Someone help me!,助けて！誰か助けてくれーっ！
Talk/209,Text,,放心，我的孩子们会让你……死得很有趣。,Rest assured. My children will give you... an entertaining death.,心配しないで、私の子どもたちがあなたを…楽しく死なせてあげるから。
Talk/21,Text,,,,
Talk/210,Text,,啊！救命！疼死我了！,Ah! Help! It hurts!,あっ！助けてくれ！痛てぇええ！
Talk/211,Text,,我、我不行了！饶命啊！,I... I can't take it anymore! Spare me!,お、俺はもうダメだ！許してくれぇ！
Talk/212,Text,,我、我跟你拼了！,I... I'll fight you to the death!,し、勝負だッ！
Talk/213,Text,,别过来！吃我一铲！,Stay back! Eat my shovel!,来るな！このシャベルを食らえ！
Talk/214,Text,,尸姬大人，您已经死了……请回墓吧。,"My Lady, you are dead already... Please, return to your tomb.",屍姫さま、あなたはもう死んでいます…墓にお戻りください。
Talk/215,Text,,死？不，我会永生下去。,Dead? No. I shall live forever.,死？いいえ、私は永遠に生き続けるの。
Talk/216,Text,,而你，守墓人……也该从这无意义的职责中解脱了,"And you, gravekeeper... It's time you were freed from this meaningless duty",そしてあなた、墓門尉も…この無意味な職務から解き放たれるべきよ。
Talk/217,Text,,职责即吾命……即便粉身碎骨，也要阻止您。,"My duty is absolute... Even if it costs me my life and limb, I shall stop you.",職務こそ我が命…たとえこの身が粉々になろうとも、あなたを止めねばなりません。
Talk/218,Text,,那就让我看看……你的石头身躯，能撑多久。,Then let's see... how long your stone body can endure.,ならば見せてちょうだい…その石の体は、どれだけ持ち堪えられるかしら。
Talk/219,Text,,小心，落石！,"Watch out, falling rocks!",気をつけろ、落石だ！
Talk/22,Text,,,,
Talk/220,Text,,顽石，碾碎一切,The sturdy rock crushes all!,頑石よ、すべてを砕け！
Talk/221,Text,,他山之石，可以攻玉,Stones from other hills may serve to polish jade,他山の石でも、玉は磨ける。
Talk/222,Text,,山崩地裂，无处可逃！,"The mountains crumble, the earth splits—you've nowhere to run!",山は崩れ地は裂けた、逃げ場などない！
Talk/223,Text,,感受大地的愤怒吧！,Feel the fury of the Earth!,大地の怒りを味わうがいい！
Talk/224,Text,,都给我——趴下！,Everyone—get down!,皆、ひれ伏すがいい！
Talk/225,Text,,石头，也需要喘息……,Even rocks need to catch a breath...,石にも…息継ぎが必要だ…
Talk/226,Text,,短暂歇息……只为继续守护,A brief respite... only to guard once more,ひと休みするぞ…守り続けるためにな。
Talk/227,Text,,苔痕新绿……旧伤尽消,Fresh moss creeps in... as old scars fade away,苔の新緑…古傷も癒える。
Talk/228,Text,,岩石……让人安息,Rocks... offer peaceful rest,岩は…安らぎを与えてくれる。
Talk/229,Text,,时间……只会让我更强！,Time... only makes me stronger!,時は…俺を強くするだけだ！
Talk/23,Text,,,,
Talk/230,Text,,春神……尸姬大人……,The Spring Goddess... the Lady Zombie...,春神…屍姫さま…
Talk/231,Text,,青岩为甲……重铸……,Armor of green rocks... reforged...,青き岩を鎧とし…再び鍛える…
Talk/232,Text,,石隙尽消……,All crevices vanished...,石の隙間がすべて消えた…
Talk/233,Text,,命运的丝线……由我翻弄。,The threads of fate... I weave at will.,運命の糸は…私が操るわ。
Talk/234,Text,,抽一张牌，抽一缕魂。,"Draw a card, draw a strand of soul.",カード一枚、魂一つ。
Talk/235,Text,,呵，下一张……会是绝望吗？,"Heh, would the next one... be despair?",ふふっ、次のカードは…絶望かしら？
Talk/236,Text,,新的玩具……来了。,A new toy... has arrived.,新しいおもちゃが…来たわ。
Talk/237,Text,,让我看看……谁能为我所用。,Let me see... who can be of some use.,どれどれ…役に立つ人はいるかしら。
Talk/238,Text,,无用的东西……丢掉吧。,Useless... Better throw it away.,使えないものは…捨てなさい。
Talk/239,Text,,弱者，就该被抛弃。,The weak... should be left behind.,弱い者は、見捨てられて当然ね。
Talk/24,Text,,,,
Talk/240,Text,,多余的存在……消失吧。,The fifth wheel... vanish.,余計な存在ね…消えてしまいなさい。
Talk/241,Text,,它的价值……到此为止了。,Its value... ends here.,その価値も…ここまでのようね。
Talk/242,Text,,垃圾……就该待在垃圾堆里。,Trashes... belong in the dump.,ゴミは…ゴミ捨て場にいなさい。
Talk/243,Text,,无聊的玩具......。,What a boring toy...,つまらないおもちゃね…
Talk/244,Text,,多余的东西……自己消失吧。,Redundant one... vanish on your own.,余計なものは…自分で消えなさい。
Talk/245,Text,,爆掉又如何？不过是少个玩具。,So what if it explodes? Just one less toy.,壊れたからなに？おもちゃが一つ減っただけでしょ。
Talk/246,Text,,永恒的生命里，最不缺的就是时间——和废牌。,"In an eternal life, what's never in short supply is time—and useless cards.",永遠の命には…時間もハズレカードも腐るほどあるの。
Talk/247,Text,,爆掉一张？不过是少个玩具。,Blow one up? Just one less toy.,壊れた？おもちゃが一つ減っただけでしょ。
Talk/248,Text,,这点灵力……连蝼蚁都碾不死。,This pitiful bit of mana... can't even crush ants.,この程度の霊力じゃ…アリすら潰せないわ。
Talk/249,Text,,灵力贫瘠，真是扫兴。,"Insufficient mana, what a bore.",霊力が乏しいなんて、興ざめだわ。
Talk/25,Text,,,,
Talk/250,Text,,灵力枯竭？……无聊。,Mana depleted? ...Boring.,霊力切れ？…つまらないわね。
Talk/251,Text,,灵力稀缺……那就用绝望代替！,Need more mana... then use despair instead!,霊力が足りないなら…絶望を代用しましょう！
Talk/252,Text,,灵力不足？该让我的随从动一动了……,Need mana? Time for my minions to act...,霊力不足？私のミニオンを働かせましょう…
Talk/253,Text,,灵力溢满……世界该颤抖了。,Mana overfilled... the world shall tremble.,霊力が満ちてるわ…世界は震えるべきね。
Talk/254,Text,,灵力将溢？正好，用来碾碎一切！,"Mana overflowing? Perfect, for crushing everything!",霊力あふれそう？ちょうどいいわ、それですべて粉砕しましょう。
Talk/255,Text,,灵力满贯，该为凡人写终章了。,Mana at its peak. Time to write the final chapter for mortals.,霊力全開、凡人の最終章を書く時がきたわ。
Talk/256,Text,,灵力充盈，该降下神罚了。,Mana surging. Time to unleash divine punishment.,霊力が満ちてるわ…神罰を下す時がきたわ。
Talk/257,Text,,灵力充足，是时候用两张牌了……,Mana abundant. Time to play some cards...,霊力は十分、二枚使ってもいいかしら…
Talk/258,Text,,僵尸，到这里来……,"Zombie, come here...",屍、こっちへ来い…
Talk/259,Text,,嘿嘿嘿……香香~~,Hehehe... Sweet~~,へへへ…いい匂いがするぜ…
Talk/26,Text,,,,
Talk/260,Text,,乖乖过来……听话……,Be good... and come to me...,こっちへおいで…いい子だね…
Talk/261,Text,,刀剑，无用……,Swords... are useless...,刀や剣など、役には立たん…
Talk/262,Text,,异性，相吸……,Opposites... attract...,正反対のものは、惹かれ合う…
Talk/263,Text,,尸姬大人，您曾说过……春神已死。,"My Lady, you've said that... the Spring Goddess is dead.",屍姫さま、あなたはかつて仰せでした…春神はすでに死んだと。
Talk/264,Text,,春神？那是过去的谎言。,The Spring Goddess? That was a lie.,春神？そんなの過去のデタラメよ。
Talk/265,Text,,现在的我，将为世界带来永生。,My new self shall bring eternal life to the world.,今の私こそ、この世に永生をもたらすの。
Talk/266,Text,,加入我的神国吧，你值得永恒。,Join my divine realm—you are worthy of eternity.,私の神国へ加わりなさい、お前は永遠に値するわ。
Talk/267,Text,,若您执意如此……那我只能请您——归天！,If you insist on this... then I can only ask you to—return to the heavens!,どうしてもと仰るなら…天にお帰り願うしかない！
Talk/268,Text,,剑锋所至，皆为尘土！,"Where blades cut, all turns to dust!",剣の先にあるもの、すべて塵と化す！
Talk/269,Text,,破甲斩魂，无坚不摧！,"Armor and spirit, nothing stands firm!",鎧を砕き魂を斬る、私は無敵！
Talk/27,Text,,,,
Talk/270,Text,,横斩千军，破敌如纸！,"One strike, a thousand fallen. Enemies shredded like paper!",千軍を切り裂く、敵など紙の如し！
Talk/271,Text,,了结因果！,Resolve our karma!,因果を断つ！
Talk/272,Text,,剑锋横压，魂飞魄散！,"Under my blade, no souls survive!",剣を押し付ければ、魂は散りゆく！
Talk/273,Text,,鬼降之力，摧枯拉朽！,"The power of exorcism, shatters all resistance!",鬼降ろしの力、枯れ木をも砕く！
Talk/274,Text,,军势如山，魂归战场！,"Army stands like a mountain, souls return to the fray!",軍勢は山のごとく、魂よ戦場へ還れ！
Talk/275,Text,,阴兵过境，寸草不生！,"The ghost army marches, leaving only barren earth!",陰兵が通れば、草一本残らぬ！
Talk/276,Text,,镇幡之下，皆为尘土！,"Beneath the warding banner, all shall turn to dust!",鎮幡の下、すべて塵と化す！
Talk/277,Text,,旗幡镇世，谁敢不从！,"The great banner governs all, who dares to disobey?",旗幡が世を鎮める、誰が逆らえよう！
Talk/278,Text,,将旗镇魂，永世沉沦！,"The general's flag binds souls, eternal damnation be theirs!",将旗が魂を鎮め、永遠に深く沈める！
Talk/279,Text,,第四十八任春神使，请尸姬大人……归天,"As the 48th Spring Goddess's Herald, I bid you, the Lady Zombie... return to the heavens",第48代春神の使い、屍姫さま…天にお帰りください
Talk/28,Text,,,,
Talk/280,Text,,春神使？呵，春神怎么没听说过还有这么个官职？,"Spring Goddess's Herald? Heh, never heard that the Spring Goddess offers such a title.",春神の使い？ふふ…春神にそんな役職があるなんて、聞いたこともないわ。
Talk/281,Text,,你的信仰，不过是自欺欺人的把戏。,Your faith is nothing but a self-deceiving charade.,あなたの信仰なんて、自分を騙すだけの芝居よ。
Talk/282,Text,,即便您已堕落……我也要守护春神的尊严！,Even if you have fallen... I shall defend the dignity of the Spring Goddess!,あなたがすでに堕ちているとしても…春神の尊厳は守ります！
Talk/283,Text,,尊严？可笑。你的箭……能射穿永恒吗？,Dignity? How laughable. Can your arrows... pierce eternity?,尊厳？おかしいこと。その矢で…永遠を貫けるの？
Talk/284,Text,,灵光护盾，坚不可摧！,Radiant Shield—Indestructible!,霊光の盾は、砕けない！
Talk/285,Text,,灵盾护体，万邪不侵！,Divine Barrier—Repels all!,霊盾が身を護る、どんな邪気も通さない！
Talk/286,Text,,春神，不要这样……,"Spring Goddess, please don't do this...",春神さま、そんなことはおやめください……
Talk/287,Text,,三箭齐发，净化污秽！,"Three arrows take flight, cleanse the filth!",三矢一斉に、穢れを祓え！
Talk/288,Text,,以春神之名……,In the name of the Spring Goddess...,春神の名において…
Talk/289,Text,,灵弓……请借给我力量,Spiritual bow... lend me strength,雷矢…力を貸して。
Talk/29,Text,,,,
Talk/290,Text,,尸姬大人……您曾以此平定尸祸…,My Lady... You once quelled the corpse calamity with this...,屍姫さま…あなたはかつて、これで屍の禍を鎮めました…
Talk/291,Text,,飞柳，箭来！,"Willow, let the arrows fly!",飛柳、矢を！
Talk/292,Text,,飞柳？呵，一把旧弓，也想撼动神明？,Willow? Ha! How could an old bow shake a deity?,飛柳？ふふ…古い弓一つで、神を動かせるとでも？
Talk/293,Text,,让我看看……你的信仰，能否撑到最后一刻。,Let me see... if your faith can hold until the very end.,見せてちょうだい…その信仰、最後まで持ち堪えられるかしら。
Talk/294,Text,,净化污秽！,Purify the filth!,穢れを祓え！
Talk/295,Text,,以我之名……,In my name...,私が名において…
Talk/296,Text,,飞柳……请借给我力量,Willow... lend me strength,飛柳…力を貸して。
Talk/297,Text,,护盾，坚不可摧！,"Shield, impenetrable!",盾は、砕けない！
Talk/298,Text,,灵盾护体，万邪不侵！,Divine Barrier—Repels all!,霊盾が身を護る、どんな邪気も通さない！
Talk/299,Text,,尸姬，退散……,"Lady Zombie, step back...",屍姫さま…退いてください…
Talk/3,Text,,,,
Talk/30,Text,,,,
Talk/300,Text,,僵尸，退开！,"Zombie, be gone!",屍よ、退け！
Talk/301,Text,,此箭，蚀穿！,"This arrow, shall corrode through!",この矢で、貫く！
Talk/302,Text,,一个一个，都会倒下……,"One by one, they shall fall...",一体また一体、倒れていく…
Talk/303,Text,,我的子民啊，你在怨恨什么呢……,"My people, what are you resenting...",我が民よ、何を恨んでいるの？
Talk/304,Text,,凶性？舌头？这不过是我赏你的枷锁……,Ferocity? Tongue? These are but shackles I bestow upon you...,暴性？舌？それはあなたに与えた鎖に過ぎないわ…
Talk/305,Text,,你尝到凡人恐惧的味道了吗？那种甜甜的，上瘾的味道……,"Have you tasted the flavor of mortal fear? That sweet, addictive taste...",凡人の恐怖の味、味わったことはある？あの甘くて、癖になる味を…
Talk/306,Text,,你不弃神，神不弃你，复苏吧，我的卫士……,"You did not forsake the gods, nor did the gods forsake you. Awaken, my guardian...",あなたが神を捨てなければ、神もあなたを見捨てない…目覚めなさい、我が衛士よ……
Talk/307,Text,,符咒加身，你的盾……比活着时更坚固了。,"With the sigils, your shield... is stronger than when you were alive.",符があれば、あなたの盾は…生きていた時より堅くなるわ。
Talk/308,Text,,这才配得上……我的永恒神国。,Only this is worthy... of my eternal divine realm.,これこそ…私の永遠の神国にふさわしい。
Talk/309,Text,,据说是死去春神的使者，不过，我怎么从来没听说过？,"They say this is the herald of the fallen Spring Goddess, but how come I've never heard of this?",死んだ春神の使いだとか。でも、そんな話、一度も聞いたことないわ。
Talk/31,Text,,,,
Talk/310,Text,,所谓的春神使……还是当我的箭奴更适合你~,The so-called Spring Goddess's Herald... you're better suited as my arrow slave~,春神の使い…私の矢奴になった方があなたにはふさわしいわ。
Talk/311,Text,,连射？看来你终于学会如何取悦我了……,Consecutive shooting? Seems you've finally learned how to please me...,連射？やっと私の楽しませ方を学んだようね…
Talk/312,Text,,僵尸的神国里，不会有怨气……,"In the zombie's realm, there is no resentment...",屍の神国には、怨みなど存在しない…
Talk/313,Text,,看来你的执念……终于有点用了。,Your obsession... will finally serve some purpose.,あなたの執念も…少しは役に立つようね。
Talk/314,Text,,怨气烧的越广，神国的疆土……便越完整。,"The wider the resentment spreads, the more complete the divine realm's territory becomes.",怨が燃え広がるほど、神国の領土は…完璧になっていくのよ。
Talk/315,Text,,我喜欢听话的丫头，像绣锁一样……,"I like obedient girls, like Lockie...",素直な子は好きよ、錆鎖みたいなね…
Talk/316,Text,,小丫头……连‘灵’都开始复苏了吗？不错，越来越像‘生前’的你了。,Little one... even your 'spirit' is awakening? Excellent. You're becoming more and more like your 'living' self.,あら…「霊」まで目覚め始めたの？いいわ、どんどん「生前」のあなたらしくなってきたわね。
Talk/317,Text,,呵，血的味道……让你的‘尸躯’更有趣了……,Hmph. The taste of blood... makes your 'carcass' all the more interesting...,ふふ、血の匂いが…あなたの「屍の躯」をますます面白いものにしてるわ…
Talk/318,Text,,这触手，我可是怀念的紧啊……到你了，祸太岁！,"These tentacles... I've missed them dearly... Your turn, Calamity Lord!",この触手、本当に懐かしいわ。さあ、タコ姫…あなたの番よ！
Talk/319,Text,,呵，‘舔’……还带上了毒？小太岁，你越来越会折磨人了。,"Hmph, 'licking'... now with poison? Calamitie, you're getting better at torturing people.",ふふ…「舐める」だけじゃなく、毒まで仕込んだの？タコ姫、人を苦しめるのがどんどん上手になるわね。
Talk/32,Text,,,,
Talk/320,Text,,这触手……现在更能‘深入’了呢。干得好，我的小太岁。,"These tentacles... can 'penetrate' deeper now. Well done, Calamitie.",この触手…今ならもっと「深く」届くのでしょう？よくやったわ、私のタコ姫。
Talk/321,Text,,腐朽，才是新生的开始……疫蛊，让他们感受凋零之美。,"Decay is the beginning of rebirth... Plague-Spawn, let them taste the beauty of withering.",腐敗こそ、新たな生の始まりよ…疫蠱、彼らに凋落の美を教えてあげなさい。
Talk/322,Text,,瞧瞧这‘生机勃勃’的毒……不愧是我孕育出的凋零之种。,Just look at this 'vibrant' poison... Worthy of the withering seed I nurtured.,この「生き生きとした」毒を見て…さすが私が育てた凋落の種ね。
Talk/323,Text,,现在，死亡也能自我蔓延了。,"Now, even death can spread on its own.",今や死さえ、自然に広がっていくの。
Talk/324,Text,,亡国，亡国，已亡的僵尸，又有什么国可亡呢？,"A fallen kingdom, a kingdom fallen—what kingdom can a dead zombie lose?",亡国、亡国、すでに滅んだ屍に、滅びる国があると思うの？
Talk/325,Text,,亡国之君的排场倒是不小。可惜，这些都是我的。,"Impressive pomp for the ruler of a fallen kingdom. Alas, it all belongs to me now.",亡国の君主、見栄っ張りなのは結構だけど…残念ながら、それも全部私のものよ。
Talk/326,Text,,龙烟？不错，有用的工具总是受欢迎的。,"Dragon Smoke? Not bad, useful tools are always welcome.",龍煙？いいわね、使える道具は、いつでも歓迎するわ。
Talk/327,Text,,烟酒可真是好东西，……就如这条死去的龙一般……,Smoke and liquor are fine things... just like this dead dragon...,タバコとお酒は実にいいものね…まるでこの死んだ龍みたい…
Talk/328,Text,,烟酒这东西，越是痛苦，便越是舍不得……,"The more painful one gets, the harder it is to let go of smoke and alcohol...",タバコもお酒も…苦痛であるほど、手放せなくなるの…
Talk/329,Text,,离死再近一点吧……我很期待……,Draw nearer to death... I look forward to it...,もう少し死に近づきなさい…楽しみだわ…
Talk/33,Text,,,,
Talk/330,Text,,刀只会越拔越快，不是么？把他们都砍掉吧，白骨剑鬼！,"The blade only gets faster with each draw, doesn't it? Cut them all down, Skeleton Swordancer!",刀は抜くたびに速くなるのでしょう？全員斬ってしまいなさい、白骨鬼！
Talk/331,Text,,……越是濒临破碎，越是锋利？呵，这才像我的好‘玩具’。,"...The closer to shattering, the sharper it becomes? Hah, now that's more like my good 'toy'.",…壊れそうになるほど、鋭くなるの？ふふ、それでこそ私のステキな「おもちゃ」だわ。
Talk/332,Text,,哈哈，别犹豫，只要能放开了杀，谁的命不能‘借’？,"Haha, don't hesitate. As long as you can kill at will, whose life can't be 'borrowed'?",あはは、ためらわないで。自由に殺せる限り、「借り」られない命なんてないの。
Talk/333,Text,,灵方？呵，一个行走的灵力袋罢了。现在，把灵力献给我！,"Cubie? Hmph, just a walking bag of power. Now, offer your energy to me!",呪縁？ふふ、ただの歩く霊力袋じゃない。さあ、今すぐその力を私に捧げなさい！
Talk/334,Text,,风……真是熟悉，可惜不会再有神明回应你了。,Wind... How familiar. Too bad no deity will answer you anymore.,風…懐かしいわね。残念だけど、神はもうあなたには応えてくれないわ。
Talk/335,Text,,哦？这小东西还能榨出更多灵力？有点意思。,Oh? This little thing can still squeeze out power? Interesting.,あら？この小さい物からまだ霊力を搾り取れるの？面白いわね。
Talk/336,Text,,时间的幽灵？也好，就让你亲笔记载……这个世界的终末吧。,"The specter of time? Very well... the end of this world, is yours to record.",時の幽霊？いいでしょう、その手で…この世界の終末を記録なさい。
Talk/337,Text,,……继续写吧，直到一切终结。,"... Continue writing, until everything ends.",…書き続けなさい、すべてが終わるまで。
Talk/338,Text,,时间与历史……凡人的执念罢了……,Time and history... mere obsessions of mortals...,時間も歴史も…凡人の執念にすぎないの…
Talk/339,Text,,可爱的小家伙……可惜，这个愚昧的世界不懂得欣赏死亡呢……,"Cute little thing... Alas, this ignorant world knows not how to appreciate death...",かわいらしい子ね…惜しいことに、この愚かな世界は死の美しさを知らないのよ…
Talk/34,Text,,,,
Talk/340,Text,,这小东西，越来越懂我心意了。,The little one knows my intentions more and more.,この子は、どんどん私の心を読めるようになってきたわね。
Talk/341,Text,,对残血的蝼蚁补刀？小家伙学坏了呢~,Finishing off wounded ants? You have learned bad habits~,瀕死の虫にとどめを刺す？悪い子になったじゃない。
Talk/342,Text,,腐朽的残躯，尚未燃尽的斗志……老东西，用你的拳头，向我证明你的价值。,"A decaying husk, with unburnt fighting spirit... Old man, prove your worth to me with your fists.",腐り果てた躯に、今なお燃える闘志…さあ老いぼれ、その拳で自分の価値を示してみなさい。
Talk/343,Text,,呵，腐朽之躯竟也能引动天雷？,"Hah, a rotting body can actually summon heavenly thunder?",ふふ…腐った体で、天雷を呼べるというの？
Talk/344,Text,,重拳？我喜欢这种用力的……但是这具破烂身体，能打出几次呢？,Heavy punches? I like this kind of force... But how many times can this broken body strike?,重い拳？そういうのは好きだけど…そのガラクタみたいな身体で、あと何発打てるかしら？
Talk/345,Text,,桃花，春天，可惜，现在你只剩下无尽的心欲之火了……,"Peach blossoms and springtime, but now all you've got is nothing but an endless fire of desire...",桃の花、春…残念だけど、今のあなたに残っているのは尽きることのない欲望の炎だけ…
Talk/346,Text,,同房异蕊？这副被欲望灼烧的样子，倒也有趣。过来，给我助兴。,"Same room, but different hearts? This desire-scorched sight is rather amusing. Come closer and entertain me.",同房異蕊？その欲望で焼け爛れた姿…なかなか面白いわ。さあ、私を楽しませなさい。
Talk/347,Text,,灵根和欲望，真是污秽，不过，倒是和你这残花败柳相配……,"Spiritual roots and lust—how filthy. Yet they suit you, you withered flower...",霊根も欲望も、実に汚らわしいものね。でも、それこそが衰えていくあなたにはお似合いよ…
Talk/348,Text,,凡人，研究雷，可是要付出代价的……,"Mortal, studying lightning comes at a price...",凡人よ、雷を弄ぶには…代償がいるのよ…
Talk/349,Text,,越是挨打，越能取悦我……不是吗？多挨几下给我看看。,"The more you get struck, the more you please me... Isn't that right? Take a few more blows for my amusement.",打たれるほど、私を喜ばせられるのよ…そうでしょ？ほら、もっと見せてごらんなさい。
Talk/35,Text,,,,
Talk/350,Text,,窃取雷霆之力……凡人还是那么，不知死活……,Stealing the power of lightining... Mortals are as reckless as ever...,雷霆の力を盗むだなんて…凡人は相変わらず、身の程を知らないようね…
Talk/351,Text,,成长吧，小家伙……我很期待你燃尽时的模样。,"Grow, little one... I'm looking forward to seeing how you are burned to ashes.",大人になりなさい…あなたが燃え尽きるその瞬間が、楽しみだわ。
Talk/352,Text,,哎～～，再多怒火… 也不过是灰烬前的余烟,Ah... no matter how fierce the rage burns... it's just smoke before the embers fade,はぁ～…どんな怒りも…灰になる前の煙にすぎないのよ。
Talk/353,Text,,烧吧烧吧，烧得越旺，灭得便越快。,"Burn, burn! The brighter the blaze, the quicker it fades.",燃えなさい、燃え尽きなさい…激しく燃えるほど、消えるのも早くなるわ。
Talk/354,Text,,尸姬大人，凡人灵方，请您归天……,"Lady Zombie, Cubie, a mere mortal, bids you return to the heavens...",…屍姫さま、凡人・呪縁…天にお帰りください…
Talk/355,Text,,灵方？用我指尖流出的尘埃…… 妄图对付我？,Cubie? You dare use the dust flowing from my fingertips... against me?,呪縁？私の指先から落ちる塵一つで…私に刃向かうつもり？
Talk/356,Text,,你捧着的结晶 —— 不过是神明的残渣。,The crystal you hold—is just some remnants of a god.,あなたが抱える結晶など…神の残り滓にすぎないのよ。
Talk/357,Text,,凡人的星火…… 亦可焚尽永恒。,The flickering spark of mortals... can consume eternity.,凡人の火花も…永遠を焼き尽くすことができる。
Talk/358,Text,,承春神遗泽，炼化灵力…… 尸姬大人，您没有胜算的……,"By the legacy of the Spring Goddess, I have refined my mana... Lady Zombie, you stand no chance...",春神の遺した恵みで、霊力を磨きました…屍姫さま、あなたに勝ち目はありません…
Talk/359,Text,,真是讽刺，连你们的挣扎……都来自我的恩赐。,How ironic—even your struggles... stem from my grace.,皮肉なものね、お前たちの抗いさえ…私の与えたものなのよ。
Talk/36,Text,,你……跑不掉的……,You... can't escape...,逃げられは…しない…
Talk/360,Text,,灵力已非神权……而是凡人的意志。,Mana is no longer a divine right... but the will of mortals.,霊力はもはや神の権能ではない…凡人の意志そのものなのです。
Talk/361,Text,,凡人的意志？我改变主意了……,Mortal's will? I've changed my mind...,凡人の意志？考えを改めるわ…
Talk/362,Text,,我要把你留在身边，用你的凡人意志，好好的给我“享受”一番！,"I shall keep you by my side, to 'indulge' myself, with your mortal will!",そばに置いてあげる。その凡人の意志で、存分に私を「楽しませて」ちょうだい！
Talk/363,Text,,风息流转，创痕尽消。,"Winds flow, scars fade.",風の息、巡りて創は癒える。
Talk/364,Text,,风起，灵愈,"Wind rises, spirit heals",風起ち、霊癒す。
Talk/365,Text,,抚愈众生……,Heal all beings...,衆生を癒さん…
Talk/366,Text,,崩灵脉，镇魂息。,"Rupture the veins, silence souls.",霊脈崩し、魂の息を鎮む。
Talk/367,Text,,碎灵，镇魄,"Crush the spark, seal the soul",霊砕き、魄を鎮む。
Talk/368,Text,,灵枢崩解，魂归尘壤。,"The spiritual core crumbles, the soul returns to the dust.",霊枢解け、魂は塵壤に帰す。
Talk/369,Text,,万法皆寂，灵枢永锢。,"Myriad spells silenced, spiritual core entombed.",万法皆寂、霊枢永く閉ざされよ。
Talk/37,Text,,,,
Talk/370,Text,,尸躯，灵溃！,"The vessel remains, the spirit dissolves!",屍の躯、霊潰れよ！
Talk/371,Text,,尸姬大人，此术名为，封灵！,"My Lady, this spell is called—Spirit Sealing!",屍姫さま、この術は、封霊と申します。
Talk/372,Text,,尸姬大人可曾记得这……游方之歌……,"My Lady, do you recall this... Wanderer's Song...",屍姫さま、この遊方の歌を覚えておいでですか…
Talk/373,Text,,尸姬大人，您使用灵力还是这般……挥霍,"My Lady, you still wield your mana with such... recklessness",屍姫さま、霊力の使い方が相変わらず…節操がありませんね。
Talk/374,Text,,此曲……当终……,This melody... shall end...,この曲は…間もなく終わります…
Talk/375,Text,,风息流转，创痕尽消。,"Winds flow, scars fade.",風の息、巡りて創は癒える。
Talk/376,Text,,风起，灵愈,"Wind rises, spirit heals",風起ち、霊癒す。
Talk/377,Text,,抚愈众生……,Heal all beings...,衆生を癒さん…
Talk/378,Text,,崩灵脉，镇魂息。,"Rupture the veins, silence souls.",霊脈崩し、魂の息を鎮む。
Talk/379,Text,,碎灵，镇魄,"Crush the spark, seal the soul",霊砕き、魄を鎮む。
Talk/38,Text,,,,
Talk/380,Text,,灵枢崩解，魂归尘壤。,"The spiritual core crumbles, the soul returns to the dust.",霊枢解け、魂は塵壤に帰す。
Talk/381,Text,,尸姬大人可曾记得这……游方之歌……,"My Lady, do you recall this... Wanderer's Song...",屍姫さま、この遊方の歌を覚えておいでですか…
Talk/382,Text,,尸姬大人，您使用灵力还是这般……挥霍,"My Lady, you still wield your mana with such... recklessness",屍姫さま、霊力の使い方が相変わらず…節操がありませんね。
Talk/383,Text,,此曲……当终……,This melody... shall end...,この曲は…間もなく終わります…
Talk/384,Text,,杂鱼杂鱼~~不会还手的杂鱼~~,"Loser, loser~~ Helpless loser who can't fight back~~",雑魚雑魚～！手も出せない雑魚～♪
Talk/385,Text,,哼哼，太岁在此~,"Hmph, Calamity Lord is here~",ふんふん、タコ姫さまがここにいるよん♪
Talk/386,Text,,嘻嘻~,Tee-hee~,ふふっ…
Talk/387,Text,,‘啪嗒’一声，杂鱼就被碾~碎~了~,"With a 'plop', the losers were crushed~ to dust~",「パタン」ってね、雑魚はすぐ潰れちゃった～
Talk/388,Text,,竟敢弄脏太岁的触手……不可饶恕！,How dare you soil my tentacles... unforgivable!,あたしの触手を汚すなんて…許さないんだから！
Talk/389,Text,,痛痛痛！杂鱼你给我记住！,"Ouch ouch! You puny loser, remember this!",痛い痛い！雑魚、覚えておきなさいよ！
Talk/39,Text,,,,
Talk/390,Text,,欸？啊……,Eh? Ah...,えっ？あ……
Talk/391,Text,,太岁大人的触手要过路~杂鱼们自觉躺平当地毯吧~,"The tentacles of the Great Calamity Lord are passing through~ Losers, lie flat and be the carpet~",タコ姫さまの触手が通るわよ～？雑魚はちゃんとカーペットになりなさいね
Talk/392,Text,,看着我的眼睛~乖乖的把你的灵根噗噗的献出来吧~,Look into my eyes~ Be good and nicely spit out your spiritual roots~,あたしの目を見て～？大人しく霊根をぷぷっと献上するのよ～♪
Talk/393,Text,,杂鱼的血条？一鞭就清~零~了~,Loser's health bar? One lash and it's~ zero~ed~ out~,雑魚の体力ゲージ？鞭一振りでゼ～ロ～よん♪
Talk/394,Text,,亡国蓝烟，听候调遣,"Azury of the Fallen Kingdom, at your command",亡国藍煙、ご調遣お待ちしております。
Talk/395,Text,,那种勃勃生机，万物竞发的景象，犹在眼前……,"That scene of surging vitality and flourishing, still lingers before my eyes...",あの生気に満ち、万物が競い合う光景が、今も目に焼きついております…
Talk/396,Text,,如您所愿，尸姬大人,"As you wish, my Lady",仰せのままに、屍姫さま。
Talk/397,Text,,遵命……,As you command...,御意…
Talk/398,Text,,总座高见！,"Stank tones, fun of foolish talk.",素晴らしいご意見です！
Talk/399,Text,,亡国……亡我……,The fallen kingdom... my demise...,国は滅び…私も亡び…
Talk/4,Text,,,,
Talk/40,Text,,献给，尸姬大人！！,"For you, my Lady!!",屍姫さまに――捧げるっ！！
Talk/400,Text,,…代价而已……,...Just some cost...,…所詮、代償にすぎません…
Talk/401,Text,,亡国有令，诏曰：斩，立决！,"Decree of the Fallen Kingdom: Execute, immediately!",亡国より令あり、詔曰く――即処刑せよ！
Talk/402,Text,,亡国令曰：攻！,Order of the Fallen Kingdom: Attack!,亡国令曰く――攻めよ！
Talk/403,Text,,听令！,Attention!,命を承りました！
Talk/404,Text,,且听且远，且笑且长，壶中日月近，雾里镜花藏~,"Listen and drift, laugh and grow, the sun and moon dwell within the flask, while flowers hide in the mist~",聴くも遠し…笑うも長し…壺中に日月…霧中に花や散るらん～
Talk/405,Text,,温两碗酒……再要一碟茴香豆……,Warm up two bowls... And a plate of fennel beans...,熱燗二合と…豆を一皿頼むよ…
Talk/406,Text,,看……看我的……,Let... let me do it...,みて…みてあたしの…
Talk/407,Text,,敬，尸姬大人……,"To you, my Lady...",屍姫さまに…かんぱ～い…
Talk/408,Text,,嗯啊……,Hmm...,うあぁ…
Talk/409,Text,,嗯！？谁？谁在打我？,Huh!? Who? Who's hitting me?,んっ！？だれ…だれがあたしを…？
Talk/41,Text,,都是，我的！！,"This is, all mine!!",全部…私のもの！！
Talk/410,Text,,"尸姬大人，我干了，您随意！
*吨吨吨吨吨……*","My Lady, I'll finish mine—please, take yours as you like!
*Gulp, gulp, gulp...*","屍姫さま、あたしは飲み干すけど…あなたは好きにどうぞ！
ゴクゴクゴク…"
Talk/411,Text,,"尸姬大人……我陪一根儿……
*点烟*","My Lady... I'll join you for a smoke...
*Lights the tube*","屍姫さま…一本付き合うよ…
シュッ…"
Talk/412,Text,,刀剑出鞘……,Unsheathe the blades...,剣を抜こう…
Talk/413,Text,,白骨，渴望着鲜血……,Skeleton thirsts for blood...,白骨が、血を欲しがってるのよ！
Talk/414,Text,,遵命！尸姬大人！,Yes! My Lady!,承知したわ！屍姫さま！
Talk/415,Text,,血！血！更多的血！,Blood! Blood! More blood!,血！血！もっと血を！
Talk/416,Text,,嗯？,Hmm?,んっ？
Talk/417,Text,,不够！还不够痛！再来！,More! More pain! Again!,足りない！まだまだ痛くない！もっと来い！
Talk/418,Text,,哀嚎……真是悦耳！,Wails... How delightful!,悲鳴…なんて耳に心地よいの！
Talk/419,Text,,血祭血神，颅献颅座！,"Blood for the Blood God, Skulls for the Skull Throne!",血の神に血を捧げよ、髑髏の王座に髑髏を！
Talk/42,Text,,,,
Talk/420,Text,,借我，人头一用！,"Lend me, your head!",首を、貸してもらうぞ！
Talk/421,Text,,尸姬，下令吧……,"My Lady, your orders...",姫君、命じてくだされ…
Talk/422,Text,,廉颇老矣……,The old general is aged...,この歳じゃ…骨身にこたえるがのう…
Talk/423,Text,,哼……看招！,Hmph... Take this!,ふんっ…食らえ！
Talk/424,Text,,喝。,Hah.,はっ！
Talk/425,Text,,无碍……,No matter...,無事じゃ…
Talk/426,Text,,哼……,Hmph...,ふん…
Talk/427,Text,,哼哼，头晕，是正常的。,"Hmph-hmph, it's natural to feel dizzy.",ふふ…めまい？当たり前じゃよ。
Talk/428,Text,,现在，是爷爷时间！,"Now, it's grandpa time!",さあ、こちらの番だ！
Talk/429,Text,,来吧…那就燃至最后一刻,Come then... Let's burn until the very last,さあ…最後まで燃え尽くしてみせよう。
Talk/43,Text,,,,
Talk/430,Text,,喝——啊，我还没老死呢……,"Hah—ah, I'm not dead yet...",はぁ——っ！まだ死んではおらん……
Talk/431,Text,,神明？尸姬，嗯……我的春天，来了……,"Gods? The Lady Zombie, hmm... My springtime... has come...",神様？屍姫さま…ふふ、あたしの春が来たみたい
Talk/432,Text,,春天到了，又到了，欢好的季节呢……,"Spring has come, once again, the season of joy and love...",春が来たわ、また楽しい季節がやってきたわ…
Talk/433,Text,,如您所想……,As you wish...,お望みのままに～
Talk/434,Text,,我将，为您绽放……,I shall... bloom for you...,あたし…あなたのために咲いてあげる…
Talk/435,Text,,嗯啊……弄疼我了……,Uhhh... That hurts...,んっ…痛～い～
Talk/436,Text,,嗯~不要……,Mmm~ No...,ん～やめてぇ…
Talk/437,Text,,春风玉露一相逢，便胜……人间无数~,A single tryst of golden wind and jade dew outweighs... a thousand mundane years~,春風と朝露の出会いは、無数の出会いを凌駕するの～
Talk/438,Text,,桃花一夜，这可是，烧不尽的春呢~,One night under peach blossoms—a spring that never ends~,桃の一夜…それは消えることのない春なのよ～
Talk/439,Text,,嗯啊~色字头上，还有一把刀呢~,Hmm~ Lust is a blade hidden ahead~,んあ～…甘い蜜には、棘が隠れてるのよ
Talk/44,Text,,,,
Talk/440,Text,,看来……你混得不错啊，都成为上将军了（戏谑的语气）,"So... you've done quite well, rising to the rank of High General (with teasing tone)",あら…うまくやっているようね。将軍にまでなるだなんて（からかうようなトーン）。
Talk/441,Text,,可恶，终究还是敌不过吗.......,"Damn it, so I failed after all...",くっ…やはり…敵わなかったか…
Talk/442,Text,,不过我更好奇，你这手里的头盔是个什么宝贝。,But I'm more curious about that helmet in your hand. What kind of treasure is it?,でも気になるのよ…その手の兜、一体どんな宝物なのかしら？
Talk/443,Text,,哦，一团聚合的鬼魂....用来制造阴兵...,"Oh, a mass of spirits... used to create netherworld soldiers...",あら…ただの鬼魂の塊ね。陰兵を作るための器…？
Talk/444,Text,,.......,...,………
Talk/445,Text,,比起你这个自封的上将……这些阴兵，似乎更适合做我的奴仆呢……,"Compared to you, the self-proclaimed general... these soldiers seem more fitting to be my servants...",あなたみたいな自称将軍より…この陰兵たちの方が、ずっといい奴隷になりそう…
Talk/446,Text,,（施法解除限制）,(Casting a spell to remove restraints),（術で制限を解く）
Talk/447,Text,,呜啊啊啊（惨叫）,Aaaaaagh! (Scream),うわあああっ！（悲鳴）
Talk/448,Text,,阴兵们，想对曾经的主人做点什么吗？呵呵（冷笑）,"Shadow soldiers, want to do something to your former master? Heh heh (cold laugh)",陰兵たち、昔の主に、何かしてあげたいことあるかしら？ふふ…（冷ややかに笑って）
Talk/449,Text,,效忠.......于您……尸姬大人……,Loyalty... to you... the Lady Zombie...,屍姫さまに…忠誠を…誓います…
Talk/45,Text,,,,
Talk/450,Text,,哼哼～乖孩子……,Hmph~ Good kid...,ふふん～…いい子ね…
Talk/451,Text,,至于这个所谓的阴兵上将——现在，是我的宠物了,As for this so-called Netherworld General—she's my pet now,この黒甲将は――今や、私のペットよ。
Talk/452,Text,,玩的开心~,Have fun with her~,楽しませてちょうだい～
Talk/453,Text,,感谢..........尸姬大人......,Thank you... Your Grace...,感謝します…屍姫さま…
Talk/454,Text,,灵弓飞柳，呵（冷笑）.......真是怀念啊,"Willow the Spiritual Bow, hmph (cold laugh)... How reminiscent",ふふ（冷ややかに笑って）…雷矢に飛柳…懐かしいわね。
Talk/455,Text,,呃呜......放开我.......,Ugh... Let me go...,うぐっ……放して…
Talk/456,Text,,所谓春神的使者，死到临头的样子，啧啧……真是狼狈……,"The so-called Spring Goddess's Herald, at the moment of death... Tsk tsk... What a pathetic sight...",春神の使い？死に際のその姿…あらあら、ずいぶんとみじめじゃないの…
Talk/457,Text,,等下......不要.....呃啊啊,Wait... No... Ugh ahh,待って…やめて…うわああっ！
Talk/458,Text,,*释放法术，藤曼缩紧*,"*Spell cast, vines tighten*",（法術を放つと、蔦がきつく締め付ける）
Talk/459,Text,,不用担心，我不会除掉你。永恒神国...有你的位置,"Fear not, I shan't destroy you. My Eternal Realm... holds a place for you",心配しないで、消したりしないわ。永遠神国には…あなたの場所があるから。
Talk/46,Text,,,,
Talk/460,Text,,咯咯呃（窒息昏死）,Ghk (Chokes and faints),ごほっ…ぐえっ…（窒息して気絶）
Talk/461,Text,,你将永远陪在神明身边……,You shall forever remain at a deity's side...,これからは永遠にと神の側にいるのよ…
Talk/462,Text,,这才是“正确”的道途。现在，你效忠于谁？,"This is the ""correct"" path. Now, to whom do you pledge your loyalty?",――これが「正しい」道よ。さあ、誰に従うの？
Talk/463,Text,,我将永远追随您，尸姬大人。,"I pledge my loyalty to you, My Lady.",永遠に屍姫さまに、お仕えします。
Talk/464,Text,,净化……愈合……,Purify... heal...,浄化…治癒…
Talk/465,Text,,贡品……我早就当腻了什么凡人的神明，赏给你们了。,Offerings... I've been tired of being a deity of mortals... These are yours now.,貢ぎ物ね…凡人の神なんてもう飽き飽きしたわ。あなたたちにあげるわ。
Talk/466,Text,,呃，这……尸姬大人，我等远没有您这般伟力……,"Um, this... My Lady, we are far below your kind of power...",え、その…屍姫さま、私たちはあなたのような偉大な力には遠く及びません…
Talk/467,Text,,这些恩赐……我们只有依靠您的碎神玉才能勉力驱使……,These gifts... we can only barely wield them with your Deity Shards...,この恩賜も…あなたの砕神玉がなければ、使えません…
Talk/468,Text,,哼……无聊……碎神玉吗？,Hmph... tedious... Deity Shards?,ふふ…つまらないわね。砕神玉？
Talk/469,Text,,一会用不知死活的凡人捏几块好了……,I'll mold a few with some reckless mortals then...,あとで身の程知らずな凡人を使って、いくつか作ってあげようかしら…
Talk/47,Text,,,,
Talk/470,Text,,调整好位置后，便可以开始战斗了……,"Once done positioning, the battle may commence...",位置を調整したら、戦闘を開始できます…
Talk/471,Text,,又有不知死活的家伙来为您献上生命了呢……,More reckless fools have come to offer their lives to you...,また死に急ぐ虫が、命を捧げに来たようです…
Talk/472,Text,,似乎有不少活人的气息……是大场面呢……,Seems many living things are ahead... quite the spectacle...,生者の気配が濃い…大勢来てるようね。
Talk/473,Text,,灵力，道法，前方似乎有个厉害点的凡人呢……,"Mana, Taoist spells—a rather able-bodied mortal is up ahead...",霊力に道法…向こうには骨のある凡人も何人かいるようね…
Talk/474,Text,,前方……是熟悉的大块头呢，笨重，但是致命……,Up ahead... is a familiar hulking figure. Clumsy but deadly...,前方に…見覚えのあるデカブツがいるわね。鈍いけど、侮れないわ…
Talk/475,Text,,这里就是最后关头了，无论身体还是灵魂，尸姬大人，您的奴仆永远为您奉上一切……,"This is the final battle. As usual, My Lady, your servant shall offer everything for you, body or soul...",ここが最後の土壇場ね。身体も魂も、屍姫さま、あなたの奴隷は永遠にすべてを捧げます…
Talk/476,Text,,熟悉的感觉……当年我还妄想凭借这些草人来阻挡您的神威……,"This feels familiar... Back then, I dared to dream of standing before your divine might with these scarecrows...",懐かしい…あの頃の私は愚かにもこんな案山子で神の力を阻めると思っていたのです…
Talk/477,Text,,带了灵力的稻草人……在您面前和一根枯草没什么区别……,Straw men with mana... are naught but withered grass for you...,霊力を宿した案山子も…あなたの前では、枯れ草同然…
Talk/478,Text,,有更多稻草人围上来了……,More straw dolls are closing in...,さらに多くの案山子が押し寄せています…
Talk/479,Text,,然后便是……自不量力的……我……自以为看穿了您卡牌的玄机……,And then... came my... presumptuous... belief that I had seen through the secrets of your cards...,そして…自惚れたのは…私自身。あなたのカードの仕組みを、見抜いたつもりでいました…
Talk/48,Text,,,,
Talk/480,Text,,“灵蕴玉女”和石精，一些当时我自以为精妙的，小手段……,"""Imbued Maidens"" and Stone Spirits, tricks I thought were ingenious at the time...",「霊蘊玉女」と石精…当時は精妙だと自負していた、取るに足らぬ策です…
Talk/481,Text,,这段回忆着实有些……尴尬，您要不要把那具老尸拉起来再打一顿？,This memory is rather... embarrassing. Would you feel better dragging that old corpse back up for another beating?,この記憶はなんとも…恥ずかしいですね。あの老いぼれ屍を引っ張り出して、もう一度叩きのめしましょうか？
Talk/482,Text,,咒灵草人，在凡人中也是极其强大的存在了，但是在您面前……不过螳臂当车,"Cursed Straw Man, powerful among mortals, but in front of you... They are but ants trying to stop a charging steed.",呪霊案山子？凡人の中では強い存在かもしれませんが、あなたの前では…、虫けらの抵抗にすぎません。
Talk/483,Text,,更多的玉女和草人，这些人现在早已成为您永恒神国的一部分……,More jade maidens and straw dolls—these beings have long since become part of your eternal realm...,さらに多くの玉女と案山子も、今やあなたの永遠の神国の一部にすぎません…
Talk/484,Text,,几乎损失殆尽的我，最后还想让这些小家伙来包围您……想想就觉得可笑……,"Having lost nearly everything, I still wanted these little ones to surround you... The thought is so laughable now...",ほとんど失ったというのに、私はまだ最後の望みとばかりに、こいつらにあなたを包囲させたいと思っている…滑稽ですね…
Talk/485,Text,,最后，我被您逼到角落……恐怕这里，就是回忆的尽头了……,"Finally, you've cornered me... I fear this is where my memories end...",そしてついにあなたに追い詰められた…恐らくここで、私の記憶は終わりを迎えるのでしょう…
Talk/486,Text,,那是……灵方？小心，尸姬大人，恐怕她对您的卡牌有些不一样的手段……,"That's... Cubie? Be cautious, My Lady, she may have some peculiar tricks up her sleeve against your cards...",あれは…呪縁？気をつけてください、屍姫さま。あの子はあなたのカードに何か仕掛けてくるかもしれません…
Talk/487,Text,,巨大的石精……请放心，您的奴仆会为您征服一切，无论活人还是……石头,"A colossal stone spirit... Rest assured, your servant shall conquer all for you—be it living beings or... rocks.",巨大な石精…ご安心を。あなたの奴隷が、生きものであろうと石であろうと、すべて征服します…
Talk/488,Text,,最后，尸姬大人，那个瑟瑟发抖的灵方就在这里，把她变为您的新奴仆吧！,"At last, my Lady, here is that Cubie, quaking in the corner. Make her your new servant!",最後に、屍姫さま。震える呪縁がそこにおります。どうぞ、新たな奴隷にして差し上げてください！
Talk/489,Text,,如此频繁地利用雷劫强化自己，看来你们修仙者真是疯了。。,Using lightning tribulations so frequently for self-perfection—you cultivators have truly lost your minds.,こんなに頻繁に雷劫で自分を強化するなんて…修仙者って、ほんとバカみたいね。
Talk/49,Text,,……请……下令……,... Your orders... please...,ご…命令を…
Talk/490,Text,,修仙本就是逆天而行，你们这些妖邪不会懂的,Cultivation is inherently defying heaven's will. Evils like you would never understand,天に逆らうのが修仙だ。お前ら妖邪にはわかるまい。
Talk/491,Text,,呵呵，那就得问问这些藤蔓了，它们可是刚被你的天雷催化完毕，正疯狂生长呢。,"Hehe, then perhaps we should ask these vines. They are just catalyzed by your lightning and are growing like there's no tomorrow.",ふふ、ならこの蔦に聞いてみないとね？あなたの雷に触発されて、すごい勢いで成長してるわ。
Talk/492,Text,,（将藤蔓勒紧）,(Tightening the vines),（蔦をぐっと締め上げる）
Talk/493,Text,,呜呃~~你这.....妖孽，我是绝对不会.....屈服的....,"Ugh... You... demon spawn, I will never... yield...",くっ…屍姫め…私は絶対に…屈しない…
Talk/494,Text,,尸姬略施法术，将藤蔓吸收的力量转化为阴雷重新释放......,"The Lady Zombie cast a spell, converting the power absorbed by the vines into Yin Lightning and releasing it anew...",（屍姫は法術を放ち、蔦が吸い取った雷気を陰雷へと変じ、再び放つ）
Talk/495,Text,,唔哦哦哦哦哦！（哀鸣）,Aaaaaagh! (Wails),ぐおおおっ！（悲鳴）
Talk/496,Text,,怎么样，你不是就喜欢这种被虐待的感觉？,"How does it feel? You just love this feeling of being abused, don't you?",どう？こういう虐められる感覚が好きなんでしょ？
Talk/497,Text,,不要......快停下...... 呃啊.... （昏死）,No... Stop... Ugh... (faints),やめっ…やめてくれ…ぐっ…（意識を失う）
Talk/498,Text,,啧，这就没气了？看来得带回去好生训练一番了。,"Tsk, already out cold? Maybe I'll have to take you back for some proper training.",チッ、もう気を失っちゃったの？連れて帰って鍛え直した方がよさそうね。
Talk/499,Text,,呵呵.......你会喜欢上这种感觉的.....,Heh... You'll get to love this feeling...,ふふ…そのうち、この感覚が好きになるわ…
Talk/5,Text,,一切都将被……遗忘……,All shall be... forgotten...,すべて…忘れ去られる…
Talk/50,Text,,……此路……不通……,... You... shall not pass...,この道は…通さん…
Talk/500,Text,,历史与岁月……小家伙，还真是给我找了不少麻烦啊……,"History and time... Little one, you've really caused me a lot of trouble...",歴史と歳月？…ずいぶんと手間をかけさせてくれたじゃないの…
Talk/501,Text,,可惜你的岁月之力……在神明眼中，无非是指尖玩物罢了……,"Alas, your power over time... is but a trifling toy... in the eyes of gods...",でもね、お前の歳月の力も…神からすれば、指先で転がすおもちゃにすぎないのよ…
Talk/502,Text,,……时间……会带我离开……,... Time... will carry me away...,…流れが…私を連れていってくれる…
Talk/503,Text,,嗯？！,Huh?!,んっ？！
Talk/504,Text,,*施法*,*Casting spell*,（術を放つ）
Talk/505,Text,,哼哼……时间与历史，终究逃不过我的掌心……,"Hmph... No time nor history, can escape my grasp...",ふふ…時間も歴史も、私の掌からは逃げられないわ…
Talk/506,Text,,这个沙漏将是你的新家……你的每一笔历史……都将化为沉重的流沙……,"This hourglass shall be your new home... Every stroke of your history... shall turn into the heavy, sinking sand...",この砂時計が、あなたの新しい家よ…。あなたの記した歴史、そのすべてが重い流砂に変わるのよ…
Talk/507,Text,,……慢慢的，慢慢的……你将被自己的历史溺死……,"...Slowly, but surely... you will drown in your own history...",…ゆっくり、じわじわと…自分の歴史に飲み込まれていくのよ…
Talk/508,Text,,……昨天……过去……不，不要……,"...Yesterday... the past... no, don't...",…昨日…過去…いや、やめて…
Talk/509,Text,,哈哈哈……仁慈的我，怎么会这么将你杀死呢？,Hahaha... How could a merciful being like me just kill you outstraight?,あはは…優しい私が、そんなふうにあなたを殺すわけないでしょ？
Talk/51,Text,,,,
Talk/510,Text,,时间与历史的幽灵……不断的进行死去的轮回，不是很合理？,The specter of time and history... cycling in death—isn't that fitting?,時間と歴史の幽霊が…死と転生を繰り返す、それってとても合理的じゃない？
Talk/511,Text,,我很期待这副，用你生命记录的历史……,"I look forward to this, the history recorded with your life...",あなたの命で綴った歴史…楽しみだわ。
Talk/512,Text,,……（哀嚎）……,...(Wails)...,…（悲鳴）…
Talk/513,Text,,所谓凡人，就是依靠身外之物吗？你的“小玩意”，我没收了！,So mortals rely on these gadgets instead of themselves? Your 'trinkets' are now confiscated!,凡人って、いつも外の力に縋るのね。その「おもちゃ」は、没収よ。
Talk/514,Text,,曾经的春神...如今为何....,The once-venerated Spring Goddess... What have you become...,かつての春神が…どうしてこんなことに…
Talk/515,Text,,哼，想知道吗，那我就告诉你,Hmph. Want to know? Then I'll tell you,ふん…知りたい？なら教えてあげるわ。
Talk/516,Text,,诶！？等一下，不...不要....,"Eh!? Wait, no... don't...",えっ？待って、や…やめて…
Talk/517,Text,,尸姬略施法术，将手中的灵力晶体与灵方的意识相连,"With a little spell, the Lady Zombie links the spirit crystal in her hand to the consciousness of Cubie",屍姫は軽く法術を駆使し、手にした霊力結晶を呪縁の意識と繋いだ
Talk/518,Text,,坚韧的意志是最好的玩具……这个“小玩意”将成为你无型的枷锁……,A resilient will is the finest toy... This trinket will be your formless shackle...,強い意志は最高のおもちゃね…。この「おもちゃ」はあなたの見えない枷となるわ…
Talk/519,Text,,呻吟（力竭）,Groans (exhausted),（力尽きて、かすれた息）
Talk/52,Text,,是……,Yes...,はい…
Talk/520,Text,,握紧了，哼哼……好好用你的“凡人意志”取悦我……,"Hold it tight, heh heh... entertain me with your 'mortal will'...",握りなさい、ふふ…その「凡人の意志」で、私を楽しませてちょうだい…
Talk/521,Text,,我每次抽牌都要听见你的哀鸣！哈哈哈……,I shall hear your wails every time I draw a card! Hahahaha...,カードを引くたび、あなたの泣き声を聞きたいわ！あはは…
Talk/522,Text,,呜.……尸姬……..我不会……呃啊啊……,Hum... Lady Zombie... I won't... Ugh ahh...,う…屍姫さま…私は…うああ…
Talk/523,Text,,万妖山……这地方什么时候轮到一个骚狐狸称王称霸了？,Mount Monsters... When did this place become ruled by a sly fox?,万妖山？…ここはいつから騒がしい狐が王を気取っていいことになったの？
Talk/524,Text,,……饶……饶命啊……,... Mer... Mercy...,…お許しを…屍姫さま…
Talk/525,Text,,小女子也是借着春神的福泽……混口饭吃罢了……,I'm merely making a living under the grace of the Spring Goddess...,妾もただ…春神さまの名を借りて、命をつなぐだけなのです…
Talk/526,Text,,春神？……哼哼……,The Spring Goddess? ... Hmph...,春神？…ふふ…
Talk/527,Text,,（释放法术，将九尾的灵力尽数抽出）,"(Casting a spell, draining all the mana from the nine-tailed fox)",（術を放ち、九尾の霊力をすべて引き抜く）
Talk/528,Text,,春神可曾教过你如此榨取灵力？,Did the Spring Goddess ever teach you to extract mana like this?,春神は、こんな風に霊力を絞り取れと教えたのかしら？
Talk/529,Text,,哦……齁齁齁齁齁齁……出……出来了……,Oh... Hoo hoo hoo hoo hoo... It's... coming out...,おお…ぐぐぐぐぐ…れ…霊力が…
Talk/53,Text,,遵命！,"Yes, ma'am!",仰せのままに！
Talk/530,Text,,这般被人抽干灵力的感觉如何？,How does it feel to be drained dry like this?,中身を空っぽにされる感覚は…どう？
Talk/531,Text,,灵……灵力……一滴都……不剩了……,My... my mana... not a single drop... remains...,れ…霊力が…一滴も…残ってない…
Talk/532,Text,,哼哼，姑且留你一条贱命，这几条尾巴，我便收着了……,"Hmph. I'll spare your worthless life for now. These tails, however, I'll take them...",ふん、命は預けておくわ。その九本の尾は、いただいていくわ…
Talk/533,Text,,等你长出新尾巴的时候，我会再来取的……哈哈哈,"When new tails grow back, I'll return to claim them... Hahahaha",新しい尾が生えたら、また遊びに来るわ。あはは…
Talk/534,Text,,（失神）,(Staring blankly),（意識を失う）
Talk/535,Text,,有很多青蛙的声音，尸姬大人小心它们的毒,"The croaking of frogs fills the air—beware of their venom, my Lady",カエルの声がたくさん聞こえます…屍姫さま、毒にお気をつけてください。
Talk/536,Text,,睚眦…擅长张牙舞爪的家伙，尸姬大人不妨试试汲取它的攻击,"Yazi... a creature with sharp fangs and claws. My Lady, perhaps you should try absorbing power from its attacks",睚眦…牙と爪での攻撃に長けています。屍姫さま、その攻撃…吸収してみませんか？
Talk/537,Text,,那个老乌龟以为靠着血多就能把别人熬死，尸姬大人，请多赐予您的仆从一点生命吧,"That old turtle thinks it can outlast others with sheer vitality. My Lady, please grant your servants a little more life force",あの老亀、体力さえあれば誰より長生きできると思っているよう。屍姫さま、私にもう少し命をお与えください。
Talk/538,Text,,这就是最后了，请尸姬大人，再临万妖山巅！,"This is the end. My Lady, please return to the peak of Mount Monsters!",これが最後です。屍姫さま、どうかもう一度万妖山の頂へ！
Talk/539,Text,,那诡异的疯狗，动作虽然很快，但是无法致命,"That eerie mad dog, though fast, cannot deliver fatal blows",あの奇妙な狂犬、動きは速いですが、致命傷にはなりませんね。
Talk/54,Text,,,,
Talk/540,Text,,前方那是……阿萎和他的妻妾们……真是好笑呢……,Up ahead are... Wimpie and his wives and concubines... How amusing...,前方に…萎男とその二人の妻がいます…本当に滑稽ですね…
Talk/541,Text,,终于追上了，看看这所谓的“未亡人”能给您带来什么样的乐子吧,"We've caught up at last. Let's see what kind of amusement these so-called ""widows"" can bring you",やっと追いつきました。この「未亡人」たちが、屍姫さまにどんな愉しみをもたらすか…楽しみです。
Talk/542,Text,,尸姬大人…看来这两位“未亡人”给自己找了一个新主子呢,"My Lady... It seems these two ""widows"" have found themselves a new master",屍姫さま…この二人の「未亡人」、どうやら新しい主を見つけたようです。
Talk/543,Text,,逃跑了两次，这次，她们俩终于找了个强者呢……,"After escaping twice, they've finally found someone strong this time...",二度逃げられましたが、今度は強そうな相手を見つけたようですね…
Talk/544,Text,,终于，最后的关头了，您的两个小宠物总算现出了本相呢！,It's the final moment at last. Your two little pets have finally revealed their true colors!,とうとう最後です。屍姫さまの二匹のペットも、ついに本性を現しましたね！
Talk/545,Text,,站……站住！哪来的僵尸！速速退散！,Halt... Halt! Where did these zombies come from? Back off at once!,と…止まれ！どこから来た屍だ！さっさと退散しやがれ！
Talk/546,Text,,嗯？如此稀薄的阳气……我都分不清到底谁才是僵尸了呢……,Hm? Such faint Yang energy... I can't even tell who's the zombie anymore...,ん？なんて薄い陽気なの…どちらが屍なのかさえ、分からなくなってきたわ…
Talk/547,Text,,哼！想不到竟然追到了这里！,Hmph! Never thought you'd chase us this far!,ふん！まさかここまで追ってくるとはな！
Talk/548,Text,,有两位爱妻帮忙，区区僵尸，看我如何将你降伏！,"With my two beloved by my side, mere zombies like you won't stand a chance!",俺には二人の嫁がいるんだ！屍ごとき、叩きのめしてやる！
Talk/549,Text,,是哦是哦~夫君大人好棒！,"That's right~ My honorable husband, you are so awesome!",そうよ～旦那さま、ステキ！
Talk/55,Text,,嗯啊……,Hmm...,うあぁ…
Talk/550,Text,,就是就是~这些腐烂的僵尸怎么比得上夫君大人呢！快把她们统统打飞吧！,Exactly~ How could these rotten zombies compare to you? Go and make 'em fly!,そうそう～腐った屍なんて、旦那さまの足元にも及びませんわ！早く叩きのめしてしまって！
Talk/551,Text,,原来是这两个小家伙……怪不得阳气稀薄……,So it was these two little rascals... No wonder he has not much Yang energy left...,あらこの二人…道理で陽気が薄いわけね…
Talk/552,Text,,这种稀罕玩意，正好抓到我的神国里边做宠物~,Such rare creatures—better captured as pets in my divine realm~,珍しいおもちゃね。つかまえて私の神国でペットにしましょう～
Talk/553,Text,,孩子们，动手吧~,"Little ones, at them~",子どもたち、やっておしまいなさい～
Talk/554,Text,,欸？怎么死掉了……真是废物（小声）,"Huh? Died, just like that?... What a bunch of useless trash (whispering)",えっ？もう死んじゃったの…本当に役立たずね（小声）
Talk/555,Text,,切……,Psh...,ちっ…
Talk/556,Text,,好欸！夫君大人好威猛~,"Wow! Husband, you are so mighty~",すてき！旦那さま、ほんとに勇ましいわ～
Talk/557,Text,,夫君大人，该用药了~,"My lord husband, it's time for your medicine~",旦那さま、お薬の時間ですわ～
Talk/558,Text,,阿萎~贴上这个符嘛，贴上就更威猛了~,"Wimpie~ Stick this sigil on, and you will be even mightier~",萎男さま～この符を貼れば、もっと強くなれますわよ～
Talk/559,Text,,哦哦哦……哼，为夫，猛……猛不猛？,"Ooh ooh ooh... Hmph, isn't your dear husband mighty... and strong?",おお…うん、俺は…強かった…かな？
Talk/56,Text,,汝等……冒犯……,You... have offended...,汝ら…無礼であるぞ…
Talk/560,Text,,哼哼，（喘气）……,"Hmph hmph, (panting)...",ふぅふぅ…（荒い息）…
Talk/561,Text,,嗯~人家丈夫死掉了~别……别欺负人家~,Hmm~ My husband's dead~ Please... don't bully me~,あら～夫が死んでしまいましたわ～どうか…どうか虐めないで～
Talk/562,Text,,小家伙，戏很多嘛？孩子们，把他们撕碎,"You've got quite the drama queen in you... Little ones, tear them apart",わざとらしいわね？子どもたち、引き裂いてしまいなさい。
Talk/563,Text,,呜…阿萎死掉了…这位爷可得给人家这副身子做主啊~,"Sob... Wimpie is dead... My lord, please protect me~",うぅ…萎男が死んでしまったわ…どうかあたしをお助けくださいません～
Talk/564,Text,,又……又打人家……身子都要散掉了……,You... you beat me again... My body's falling apart...,ま…またあたしを打つの…体がバラバラになりそう…
Talk/565,Text,,嗯？什么人？敢在我的地盘上撒野,Huh? Who dares cause trouble on my turf?,ん？何者だ？この俺様の縄張りで好き勝手しやがって！
Talk/566,Text,,大王~阿萎死掉了，您可得给我们姐妹做主啊~,My lord~ Wimpie is dead. Please take care of us sisters~,大王さま～萎男が死んじゃいましたの。どうか私たち姉妹をお助けくださいませ～
Talk/567,Text,,哼！阿萎那个废物？,Hmph! That good-for-nothing Wimpie?,ふん！あの役立たずの萎男か？
Talk/568,Text,,早点跟着大爷我，天天吃香的喝辣的，谁敢动你们？就这几个僵尸？,"Had you followed me sooner, you'd be feasting on delicacies every day. Who'd dare touch you? These zombies?",この俺様についていれば、毎日贅沢三昧だ！お前たちを脅かすのは誰だ？この屍どもか？
Talk/569,Text,,就是就是~阿萎那种小废物怎么比得上大王您呢！快把她们统统打飞吧！,Right you are! That loser Wimpie can't hold a candle to you! Go ahead and blast them all away!,そうでございますとも！萎男みたいな役立たず、大王さまに敵うはずもございません！早く叩きのめしてくださいませ！
Talk/57,Text,,,,
Talk/570,Text,,哼哼……有意思，让我看看你这个“新丈夫”能撑多久……,"Hmph... Interesting. Let's see how long this ""new husband"" of yours lasts...",ふふ…面白いわね。この「新しい旦那さま」は、どれだけ持ちこたえられるかしら…
Talk/571,Text,,大王，这是专门为您准备的补药~,"My lord, take this tonic specially prepared just for you~",大王さま、これは特別にご用意した補薬ですわ～
Talk/572,Text,,大王~贴上这个符，可以让您龙精虎猛哦~,"My lord~ Apply this sigil, and it'll make you as strong as a behemoth~",大王さま～この符を貼れば、鬼神のごとく雄々しくなりますわよ～
Talk/573,Text,,大王真是猛~这一炮射的人家魂都飞了~,"My lord, you are so fierce~ That shot sent me to the moon~",大王さま、本当に勇ましいわ～一撃で魂が抜けるほどよ～
Talk/574,Text,,气！爆！掌！,Palm! of! Explosion!,喝！烈！掌！
Talk/575,Text,,哼……银样蜡枪头，中看不中用,Hmph... A silver-coated wax spearhead—useless in practice,ふん…とんだ見かけ倒しね。中身はスカスカじゃない。
Talk/576,Text,,切……又死掉了……,Ugh... Dead again...,ちっ…また死んでしまったわ…
Talk/577,Text,,有大王照顾他的妻子，阿萎的在天之灵也会感激吧……,"With Your Majesty caring for his wife, Wimpie must be grateful in the heaven...",大王さまが私たちの面倒を見てくれるなら、萎男の魂も感激するでしょう…
Talk/578,Text,,呜呜……求哥哥垂怜……,"Waaah... My dear, please be gentle to me...",うぅ…お兄さまどうかお慈悲を…
Talk/579,Text,,哼哼，小家伙很能跑嘛……这次又给自己找了个什么主人啊？,"Hmph, you rascals sure can run... What kind of master did you find yourselves for this time?",ふん、よく逃げるわね…。今度はどんな主を見つけたのかしら？
Talk/58,Text,,,,
Talk/580,Text,,尸姬？还是叫你春神？,The Lady Zombie? Or should I call you the Spring Goddess?,屍姫？それとも、春神と呼ぶべきか？
Talk/581,Text,,这么声势浩大的跑到我这蜃都里边……,Making it to my City of Mirage with such a grand campaign...,ずいぶん威勢よく余の蜃都にやって来たものだ…
Talk/582,Text,,是来祝贺我找到了两个新的爱奴吗？哈哈哈！,Have you come to congratulate me on finding two new love slaves? Hahaha!,余が新たな寵姫を二人迎えたことを祝いに来たのか？フハハハ…
Talk/583,Text,,嗯哼~主人好猛~不愧是虚空大王,"Oh~ Master, you are so fierce~ You live up to the title of the Void Overlord",うふん～ご主人さま、ほんとうにステキ～さすが虚無大王さまですわ～
Talk/584,Text,,就是就是~之前那几个凡夫俗子怎么比得上主人您呢！,"Agreed! Those previous mortals couldn't hold a candle to you, Master!",そうそう！前の凡人たちなんて、足元にも及びませんわ！
Talk/585,Text,,呵呵……狂妄的凡人……多少年没人敢这么叫我了……,Heh... Arrogant mortals... It's been ages since anyone dared call me that...,ふふ…なんて傲慢な凡人かしら…私をそう呼ぶ人は長い間いなかったわね…
Talk/586,Text,,我倒要看看，你这个虚空大王，到底能挡我多久……,"Now, hold me back as long as you can, Void Overlord...",虚無大王、どれだけ私を楽しませられるか、見せてちょうだい…
Talk/587,Text,,啊？怎么可能……虚空大王，被击败了……,Huh? How could this be... The Void Overlord... is defeated...,えっ？ありえない…虚無大王が、倒された…？
Talk/588,Text,,切……,Psh...,ちっ…
Talk/589,Text,,哼！,Hmph!,ふん！
Talk/59,Text,,,,
Talk/590,Text,,噫~被……被灌满了……,Eww~ I'm... I'm filled up...,いっ…入れられちゃった…あ～み…満ち渡る…
Talk/591,Text,,噢噢噢噢……感谢大王浇灌~,"Ooh ooh ooh... Thank you for the nourishment, master~",おお…ご主人さま、ありがとうございます～
Talk/592,Text,,湮灭！,Annihilation!,消滅せよ！
Talk/593,Text,,永远埋葬在这里吧！,Be buried here forever!,永遠にここに眠れ！
Talk/594,Text,,死来！,Die!,死ね！
Talk/595,Text,,破碎吧！,Shatter!,砕け散れ！
Talk/596,Text,,哦？终于现出本相了？……妖龙和魔蛟……,Oh? Finally showing your true forms? ...a Vile Dragon and a Demonic Wyrm...,あら？ついに本性を現したのね？…龍と蛟か…
Talk/597,Text,,玩腻了你们那红杏出墙的小游戏了？,Tired of your little affair games?,愛人ごっこにはもう飽きたのかしら？
Talk/598,Text,,哼，尸姬大人，看在春神的情分上……我们不想动手的！,"Hmph, Lady Zombie, for old times' sake of the Spring Goddess... we didn't want to fight you!",ふん、屍姫さま、春神の情に免じて…手を出したくないのです！
Talk/599,Text,,就是就是~才不是喜欢和那几个凡人肉体欢好，玩哼哼哼的游戏呢！,Yes! Absolutely not because that we enjoyed mortal flesh and playing those... body games!,そうでございますとも！決してあの凡人たちとの肉体的な交わりが好きだというわけではございません！
Talk/6,Text,,尸姬大人……注视着这里……,The Lady Zombie... is watching...,屍姫さまが…ここを見ておられる…
Talk/60,Text,,,,
Talk/600,Text,,哈哈……真是有意思，说的好像你们有多强实力似的……,Haha... How amusing. You speak as if you are actually powerful...,あはは…面白いことを言うわね。まるであなたたちに力があるみたいじゃない…
Talk/601,Text,,罢了，我喜欢会反抗的宠物，陪你们玩上一会吧……,No matter. I prefer pets that put up a fight. Let's continue the play for a while...,まあいいわ。私は歯向かってくるペットが好きなの。少し遊んであげましょうか…
Talk/602,Text,,无根之水，沉堕之渊……,"Rootless water, sunken abyss...",無根水よ、堕落の淵へ…
Talk/603,Text,,在雨中长眠吧……,Rest eternally in the rain...,雨の中で、永遠に眠れ…
Talk/604,Text,,来试试这，合欢仙露！,Try this—the Elixir of Carnal Bliss!,食らえ、合歓仙露！
Talk/605,Text,,真是熟悉的味道，天上的无根水……,"That's a familiar taste, heavenly rootless water...",懐かしい香りね…天の無根水…
Talk/606,Text,,钢叉，索心！,"Steel fork, pierce the heart!",鋼叉、索心！
Talk/607,Text,,刺破心脏！,Stab the heart!,心臓を貫け！
Talk/608,Text,,哼哼，来与我云雨一番吧！,"Hmph, come join me for the pleasure!",ふふ…私と雲雨の契りを結びましょう！
Talk/609,Text,,云雨符！真是快活！,Sigil of Carnal Desire! What bliss!,雲雨の符！ほんとに愉しいわね！
Talk/61,Text,,,,
Talk/610,Text,,魔蛟，吞噬！,"Demonic Wyrm, devour!",小蛟、喰らえ！
Talk/611,Text,,尽情的在我的肚子里挣扎吧！,Struggle as much as you like in my belly!,私の腹の中で、存分にもがきなさい！
Talk/612,Text,,这两只三姓家奴可真是难抓，你们选主人的品味真该提升一下……,You two turncoat lackeys are a real handful. You really ought to improve your taste in masters...,この節操なしたち、本当に捕まえにくいわ。主を選ぶ目を、少し養ったら？
Talk/613,Text,,哼哼……现在，是时候好好玩玩我的小宠物了,"Hmph... Now, it's time to have some fun with my little pets",ふふ…そろそろ、ペットたちと、楽しく遊びましょうか。
Talk/614,Text,,什么？我堂堂妖龙雨师，岂能....,"What? As the mighty Rain Dragon, how could I...",なんですって？この妖龍・雨師が、どうして…
Talk/615,Text,,就是就是，姐姐最起码也能当个家奴吧（风凉话）,"Yes, yes. My sister is surely worthy of being a bondservant, right? (Sarcasm)",そうそう！姉さまも、少なくとも奴隷くらいにはなれますわ（冷やかし）
Talk/616,Text,,听话 宠物可没有讲条件的资格哦，这个咒印，赏给你们,"Behave yourselves. Pets have no right to make demands. Here, accept this seal",ペットに条件を語る資格なんてないの。この呪印、あなたたちにあげるわ。
Talk/617,Text,,嗯啊，不要....好痒（娇喘）,"Mm-hmm, no... it tickles (Soft pants)",んっ…やめて…くすぐったい…（かすれた吐息で）
Talk/618,Text,,哈啊....姐姐，不要乱动，贴太近了...... 嗯呜！,"Haaah... Sis, stop messing around, you're too close... Mmmph!",はぁ…姉さま、動かないで…そんなに密着したら…んんっ！
Talk/619,Text,,来，给我表演一下，翻云覆雨！,"Come on, show me your tricks—flopping in ripples of pleasure!",さあ、見せてごらんなさい、翻雲覆雨！
Talk/62,Text,,,,
Talk/620,Text,,灵力被操控了？怎么可能。额啊啊啊啊,The mana is being manipulated? Impossible. Eeeeeek!,霊力が操られてる？そんなはず…ぐあああっ！
Talk/621,Text,,咒印...好难受....嗯呜呜呜呜呜哇,The seal... it hurts.... Mmm-mwah!,呪印が…苦しい…んんんんっ！
Talk/622,Text,,哈哈哈~不错不错，这对蛟龙.....把玩起来，真是别有一番风味呀~~,"Hahaha~ Not bad, not bad. This pair of wyrms... playing with them is a unique charm all its own~~",あはは～いいわね～この龍と蛟の姉妹…遊び甲斐があるわ～
Talk/623,Text,,呱——呱呱！是臭臭的僵尸！？,Ribbit—ribbit! The stink of zombies!?,ガァッ！ガァガァ！くっせぇ屍どもがおるで～！？
Talk/624,Text,,哦——呱——,Oh—ribbit—,お～ガァ～
Talk/625,Text,,？什么——,? What—,？なんやて…
Talk/626,Text,,臭臭的僵尸污染了我们的水源！,The stinky zombies polluted our fountain!,くっせぇ屍がわしらの水を汚しよんねん！
Talk/627,Text,,哦——呱——,Oh—ribbit—,お～ガァ～
Talk/628,Text,,把臭臭的僵尸赶走！,Chase away the stinky zombies!,くっせぇ屍を追い払え！
Talk/629,Text,,哦——呱——,Oh—ribbit—,お～ガァ～
Talk/63,Text,,,,
Talk/630,Text,,……真是，聒噪……,"...Seriously, it's too noisy...",…ほんま…うるさくてかなわんわ…
Talk/631,Text,,吸溜——prprpr……,Slurp—prprpr...,チュルル…プルルル…
Talk/632,Text,,有怪东西，舔一下！,"Something weird, lick it!",変なもんおるな…ペロッ！
Talk/633,Text,,呱！！要上了哦！,Ribbit!! Here we go!,ガァッ！！行くで～！
Talk/634,Text,,喔！大家一起——大合唱！,Ooh! Everyone go for it—the big chorus!,オー！みんないっしょに…大合唱や！
Talk/635,Text,,呱——,Ribbit—,ガァ～
Talk/636,Text,,呱！,Ribbit!,ガァ！
Talk/637,Text,,呵呵……睚眦，别来无恙……,"Heh... Yazi, long time no see...",ふふ…睚眦、久しぶりね…
Talk/638,Text,,切……僵尸么……好讨厌啊……,Pfft... Zombies... annoying...,ちっ…屍か…忌々しい…
Talk/639,Text,,欸呀欸呀，你以前可不是这么叫我的,"Oh my, you didn't used to call me that back then",あらまあ、昔はそんな風に呼ばなかったじゃない。
Talk/64,Text,,……安全了……,... Safe now…,…安全です…
Talk/640,Text,,真是伤心呢（笑）,You hurt my feelings (laughs),傷つくわ…（笑）
Talk/641,Text,,切……不喜欢……斩了！,Psh... Disgusting... I'll cut you down!,ちっ…気に食わない…斬るわよ！
Talk/642,Text,,啧啧啧……真是记仇……,Tsk tsk tsk... such a grudge-holder...,…まだ根に持ってるの？
Talk/643,Text,,哼！,Hmph!,ふん！
Talk/644,Text,,唔……,Mm...,…ぐっ
Talk/645,Text,,都……斩掉！,Slay... all!,全部…斬り捨てる…
Talk/646,Text,,切……讨厌的家伙……,Pfft... annoying one...,ちっ…嫌なやつ…
Talk/647,Text,,哼……咬碎你！,Hmph... I'll bite you to pieces!,ふふ…噛み砕いてやる！
Talk/648,Text,,切……好恨啊！烦人！,Tch... So frustrating! Irritating!,ちっ…ムカつく！鬱陶しい！
Talk/649,Text,,就是你打的我吧？！,"You're the one who hit me, right?!",…お前が打ったんだろ！？
Talk/65,Text,,,,
Talk/650,Text,,坏东西，去死！,"You are bad, die!",こいつめ、死ね！
Talk/651,Text,,尸姬大人……您又回到万妖山了……,The Lady Zombie... You've returned to Mount Monsters once more...,姫君…また…万妖山へお戻りになられましたか…
Talk/652,Text,,哎呦呵？小乌龟，你还没死呢？,"Oh my? The little turtle, you're still alive?",あら…亀さん、まだ生きてたの？
Talk/653,Text,,呵呵呵……托您的福，我这副身子还能再熬个几年,"Hehehe... By your grace, this body of mine can endure a few more seasons",ふふふ…お陰様で、この体もあと数年は持ちそうです…
Talk/654,Text,,哈哈，你可真是，比神还能活呀~哈哈……,"Wow, you truly can last... even longer than the gods~ Haha...",あはは、まったく、神より長生きね～あはは……
Talk/655,Text,,生机……吞噬……,Life force... devour...,生気…喰らう…
Talk/656,Text,,阳寿已尽……,Lifespan depleted...,寿命は尽きた…
Talk/657,Text,,归于尘土……,Return to dust...,塵へと還れ…
Talk/658,Text,,解脱吧……,Released from torments...,解き放ってやろう…
Talk/659,Text,,你，大限将至！,Your time is up!,死期が近づいているぞ！
Talk/66,Text,,,,
Talk/660,Text,,呵呵，死去吧……,"Heh, die already...",ふふ…死ぬがいい…
Talk/661,Text,,吃我一拳！,Take this punch!,この拳を喰らえ！
Talk/662,Text,,嘿嘿！给你两拳！,Heh heh! Here's two punches for you!,へい！二発いくぞ！
Talk/663,Text,,哈！力量，涌上来了！,Ha! The power surges through me!,はっ！力が湧いてきたぜ！
Talk/664,Text,,啊——滚开！,Ah—Back off!,ああっ！どけっ！
Talk/665,Text,,嘿！偷袭！,Hey! Sneak attack!,へい！奇襲だ！
Talk/666,Text,,哈！机会！,Ha! My chance!,はっ！チャンス！
Talk/667,Text,,嘿嘿！来我身后！,Heh heh! Get behind me!,へい！俺の後ろへ！
Talk/668,Text,,让姐姐尝一口吧，小家伙……,"Let big sis have a taste, little one...",ねぇ…一口味見をさせて？
Talk/669,Text,,姐姐的蛇吻可是有代价的哦~,But the kiss of a snake comes at a price~,妾の蛇の口づけには代償が伴うのよ～
Talk/67,Text,,,,
Talk/670,Text,,姐姐的唾液，可是有毒的哦……,"My saliva is poisonous, you know...",妾の唾液には、毒があるのよ…
Talk/671,Text,,哼哼，有毒的女人，可是很危险的~,"Hmph, a poisonous woman is a dangerous thing~",ふふ…毒を持つ女は、とっても危険なんだから～
Talk/672,Text,,看着姐姐的眼睛……乖乖当我的奴隶吧~,Look into my eyes... Be good and be my slave~,妾の目を見て…大人しく妾の奴隷になりなさい～
Talk/673,Text,,哼哼，小家伙相信，心动的感觉 嘛~~,"Hmph, do you believe in that heart-stirring feeling, little one~~",ふふ…胸が熱くなる感じを、信じているの？
Talk/674,Text,,哼，我看看，这现在的万妖山之主，又是何方神圣……,"Hmph, let me see... who might this new master of Mount Monsters be...",ふん…今の万妖山の主は、一体誰なのかしら…
Talk/675,Text,,嗯啊~这精气、这真元……好多……啊~~,"Mmm~ This vital essence, this true energy... so much... ah~~",んあ…この精気、この真元が…すごくたくさん…あ～～
Talk/676,Text,,哈？僵尸……煞风景的家伙呢……,Huh? Zombies... What a buzzkill...,は？屍…気分が台無しだわ…
Talk/677,Text,,等我杀了这些僵尸，再好好的，快活一番~~,"Let me slaughter these zombies first, then we'll have a proper, delightful time together~~",片付けてから、ゆっくり愉しみましょう～
Talk/678,Text,,真是污秽……孩子们，活捉这个所谓的“万妖山之主”,"Such filth... Little ones, capture this so-called ""Lord of Mount Monsters"" alive",汚らわしい…子どもたち、「万妖山の主」を生け捕りになさい。
Talk/679,Text,,哈哈~欢好之雨，情欲之雨！,"Haha~ Rain of passion, rain of desire!",ふふ…歓びの雨、情欲の雨よ！
Talk/68,Text,,,,
Talk/680,Text,,无尽的雨，一浪~高过一浪呢~,"The endless rain, with each wave~ higher than the last~",尽きぬ雨、波よ、どんどん高くなれ～
Talk/681,Text,,缠绵之风~要，抱紧哦~,The caressing wind comes~ Hold tight~,風よ…もっと…抱きしめて…
Talk/682,Text,,哦哼~风~划过身体的感觉……喜欢……,Ohh~ The wind~ The sensation of it caressing my skin... I love it...,あぁ…風が肌を這う感覚…好きだわ…
Talk/683,Text,,狂乱，躁动！野火一样，燃烧~嗯~,"Orgy, agitation! Burn, like a wildfire~ Mmm~",荒れ狂え！狐火のように、燃え上がれ！
Talk/684,Text,,哦嗯~快，快烧起来惹~,"Oh hmm~ Set, set me ablaze~",ん～早く、早く燃え上れ～
Talk/685,Text,,沿着骨髓划过的闪电~一瞬间……,A lightning streaking through the marrow~ In an instant...,骨の髄まで貫く稲妻…一瞬で…
Talk/686,Text,,这份快乐，你~感受到了吗~,This ecstasy—did you~ feel it~,この悦び…感じてる？
Talk/687,Text,,嗯啊~精气，喜欢……,Mmm... Vital essence... I like it...,んっ…精気が、欲しい…
Talk/688,Text,,哼哼，出来吧！我的小狐狸们,"Hmph, come out! My little foxes",ふふ…出てきなさい！小狐たち！
Talk/689,Text,,雷索，电！,"Thunderbolt, strike!",雷索、電！
Talk/69,Text,,,,
Talk/690,Text,,品尝雷电之力吧！,Taste the power of lightning!,雷電を喰らえ！
Talk/691,Text,,妖邪之物，雷罚！,"Demonic entities, face the thunder's wrath!",妖邪に、雷罰を！
Talk/692,Text,,降雷降妖，邪魔退散！,"Summon lightning, vanquish demons—all evil shall flee!",雷よ、邪を祓え！
Talk/693,Text,,天雷！镇压吾身！,Heavenly lightning! Bind my husk!,天雷よ、我が身を鎮めよ！
Talk/694,Text,,哦？这股雷霆……真是个有趣的凡人呢……,Oh? This thunder... What an interesting mortal...,おや？この雷…面白い凡人ね…
Talk/695,Text,,什么？僵尸？,What? Zombies?,なに？屍だと？
Talk/696,Text,,哼，在我的雷霆之下，化为灰烬吧！,"Hmph! Turn to ashes, under my thunder!",ふん…我が雷の下、灰と散れ！
Talk/697,Text,,哈哈，有意思……,"Hah ha, interesting...",あはは…面白い…
Talk/698,Text,,你何时产生了，这天地雷霆都属于你的错觉？,When did you get the delusion that the thunder belongs to you?,いつから、雷がお前のものだと錯覚し始めたのかしら？
Talk/699,Text,,孩子们，好好让她见识一下，谁才是这天地雷霆的主人！,"Little ones, show her who truly commands the thunder of heaven and earth!",子どもたち、教えてあげなさい、雷を司るのは誰かを！
Talk/7,Text,,,,
Talk/70,Text,,,,
Talk/700,Text,,妖邪！给我破！,Vile creatures! Shatter!,妖邪！滅びよ！
Talk/701,Text,,指出如电，破雷诸妖！,"With fingers of lightning, I strike the fiends down!",指先如電、諸妖を断て！
Talk/702,Text,,雷符镇邪！,"Lightning Sigils, vanquish demons!",雷霆符、邪を封じよ！
Talk/703,Text,,雷鸣，响彻大地！,"Thunderbolts, purge the land!",雷鳴よ、大地を震わせよ！
Talk/704,Text,,雷罚降世，万籁希声！,"Judgment falls from the heavens, and all falls silent!",雷罰降臨、万物、声を失え！
Talk/705,Text,,咳嗯~书中，自有颜如玉哦~,"Ahem~ Within these pages, beauty awaits~",ゴホン…勉学に励めば良縁に恵まれるよ～
Talk/706,Text,,来呀~读读……我这本圣~人~书~,Come now~ Read my... sacred~ text~,さぁ、読んでごらん…この聖人の書を…
Talk/707,Text,,子不语，怪力乱神！,The sage speaks not of strange forces or supernatural beings!,孔子は、怪力乱神を語らず！
Talk/708,Text,,归去吧……死去的生灵们……,Return... Oh departed souls...,帰れ…死せる魂たちよ…
Talk/709,Text,,不惧鬼神者，自有浩然正气于胸，而诛邪皆避之！,"He who fears neither ghosts nor gods possesses righteous spirit within, and all evil shall flee his presence!",鬼神を畏れざる者には、浩然の気が満ち、邪は自ずと去るのだ！
Talk/71,Text,,,,
Talk/710,Text,,岁月……会抚平一切……,Time... shall erase all...,歳月は…すべてを癒す…
Talk/711,Text,,无论神明，还是……僵尸……,"Be it deities, or... zombies...",神であろうと…屍であろうと…
Talk/712,Text,,哼哼~小家伙，你好像碰了不该碰的东西啊……,"Hmph~ Little one, it seems you've touched what you shouldn't have...",ふふ…触れてはならぬものに、手を出したようね…
Talk/713,Text,,时间，会告诉我答案……,Time will reveal the answers...,時間は、答えを教えてくれる…
Talk/714,Text,,哼哼，希望你真的预知了自己的未来……,"Hmph, I hope you really did foresee your own future...",ふふ、自分の未来、本当に見通せたかしら？
Talk/715,Text,,一切，都将，遗忘……,Everything... shall be... forgotten...,すべては、忘れ去られる…
Talk/716,Text,,忘掉这些……解脱吧……,Forget these things... and find peace...,すべて忘れて…解き放たれなさい…
Talk/717,Text,,时光……静静流淌……,Time... flows quietly...,時は…静かに流れる…
Talk/718,Text,,万物终将消逝……,"All things shall fade away, sooner or later...",万物は、いずれ消えゆく…
Talk/719,Text,,觊觎神明权柄，染指春神的血肉……自称黄泉不度……,"Coveting the authority of the gods, defiling the flesh of the Spring Goddess... and claiming to be the one denied by the netherworld...",神の権能を狙って、春神の血肉に手を出し…「黄泉咲」を自称するなんて…
Talk/72,Text,,,,
Talk/720,Text,,我曾将你近乎永恒的封印在这里……,I once sealed you here for near eternity...,かつてここにお前を、ほぼ永遠に封印したのは、私よ。
Talk/721,Text,,哼，要杀要剐……悉听尊便！,"Hmph, kill me or torture me... do as you please!",ふんっ！煮るなり焼くなり…好きにすればいいわ！
Talk/722,Text,,但是现在……我改变主意了（笑）,But now... I've changed my mind (laughs),でも今は…気が変わったの（笑）
Talk/723,Text,,*拔剑……血肉回复*,*Drawing sword... flesh restored*,（剣を抜く…血肉が回復する）
Talk/724,Text,,嗯？！,Huh?!,んっ？！
Talk/725,Text,,那么想要我的鲜血……那我便赐予你这……,Since you crave my blood... I shall grant you this...,そんなに私の血が欲しいの？…なら与えてあげる…
Talk/726,Text,,僵尸之血！,Zombie Blood!,屍の血！
Talk/727,Text,,*重新将剑插入胸膛，黄泉惨叫……*,"*Sword stabbed back into the chest, she screams in agony...*",（剣を胸に突き刺す…黄泉咲が叫ぶ）
Talk/728,Text,,这永世不死的僵尸之躯，才配得上你的名字，不是么？,"The immortality of a zombie is finally worthy of your name, is it not?",この不死の屍の体こそ、お前の名にぴったりじゃない？
Talk/729,Text,,不，……死气……呃啊……这是……生机？！啊啊哈哈哈……（疯癫）,No... death energy... ugh... this is... vitality?! Ahahahaha... (mad laughter),やめ…死気…うぐっ！これは…生気？！あははは…！（狂気に満ちて）
Talk/73,Text,,,,
Talk/730,Text,,不要啊……我的血灵珠......还给我……,No... my Blood Orb... give it back...,やめて…血霊珠を…返して…
Talk/731,Text,,不过是一颗魔君血丹，你居然供着它当法宝使？呵呵，你可真是修炼不精，这都炼化不了。,"It's just a Demon Lord's blood relic, and you're treating it like an artifact? Hmph, you are truly a novice—you can't even refine it properly.",ただの魔君の血丹でしょう？それを大事に拝んでたの？ふふ、本当に修練が下手ね、こんなものも作れないなんて。
Talk/732,Text,,还给你？那要看你吃不吃得下了，可别浪费哦~,"Give it back? Then let's see if you can handle it. Don't waste it, now~",返してほしい？なら、ちゃんと飲み干せるかしら？無駄にしないでね～
Talk/733,Text,,欸？你......你要做什么？,Huh? You... What are you doing?,えっ？な…何をするの…？
Talk/734,Text,,咕呜！！唔唔唔嗯嗯……要塞满了咕呜呜~~,"Gulp!! Mmmph... I'm filling up, gulp gulp~~",んんっ！！うううううう…お腹がはち切れそう…ううう～
Talk/735,Text,,呜齁……噗嗤~,Wuh-huh... Pfft~,んくっ…ぷは…
Talk/736,Text,,啧，都帮你这么多了，还是不能完全吸收吗，这丢人现眼的失败品。,"Tsk. I've helped you this much, yet you still can't absorb it fully? What an embarrassing failure.",ちっ…ここまでしてやっても、まだ完全に吸収できないの？情けない失敗作ね。
Talk/737,Text,,算了，姑且留着你当个容器吧。我的血奴……今后可要努力修炼报答我哦~,"Fine. I'll keep you as a vessel for now, as my blood slave... You'd better train hard to repay me~",まあいいわ…容器くらいにはなるでしょ。私の血奴…これからは、ちゃんと修練して恩返しなさいよ？
Talk/738,Text,,（虚弱）尸姬大人英明……奴家愿为大人……献出一切……,"(Weakly) Wise you are, my Lady... Your humble servant is willing to... sacrifice anything for you...",（弱々しく）…屍姫さまは賢明です…あたし…すべてを…捧げます…
Talk/739,Text,,说吧，僵尸？这么大张旗鼓的进来找咱，是要做甚？,"Speak up, zombie? What do ya want—coming in with such a fuss into our place?",ねぇ…屍さま？ずいぶん大げさに入って来たけど、何かご用かしら？
Talk/74,Text,,,,
Talk/740,Text,,只要价开的够，咱家什么都能办到~,"As long as the price is right, we can handle anything for ya~",値段さえ合えば、なんでも引き受けますよ～
Talk/741,Text,,哼哼（嗅）……哦？好香甜的血气……原来是从你这漏出来的,Hmph (sniff)... Oh? Such fragrance of blood... So it's coming from you,ふふ…（くんくんと嗅いで）…あら？甘い血の匂い…あなたから漏れてるみたいね。
Talk/742,Text,,你手里的玩意儿，看着倒有点意思。拿来。,That thing in your hand looks interesting. Hand it over.,その手に持ってるもの、ちょっと面白そうね。ちょうだい。
Talk/743,Text,,哎呀，这是本命法宝，咱家不卖的呦~,"Well, this is my life-bound artifact—not for sale, you know~",あら、これは本命の法宝なので、売れないんです～
Talk/744,Text,,不卖？呵呵……我看上的东西，可从来不需要“买”,"Not for sale? Heh... Things I set my sights on never need to be ""bought""",売らない？ふふ…私が気に入ったものは「買う」必要なんてないのよ。
Talk/745,Text,,嘿嘿……肥肥软软……欸！？僵尸肉？？！,Hehe... Plump and tender... Eh!? Zombie flesh??!,へへ…ぷにぷにだ…えっ！？「屍の肉」！？？
Talk/746,Text,,呃……也不是不行……想尝尝看……吸溜……,Well... Not that I'd refuse... Might as well give it a taste... Slurp...,うーん…悪くないかも…ちょっと味見したいな…ちゅるる…
Talk/747,Text,,（轻笑）呵……不知死活的小东西，也敢觊觎神明的血肉？,"(Soft chuckles) Hmph... You reckless brat, do you really dare to crave the flesh of a deity?",（静かに笑う）ふふ…身の程知らずね。神の肉に手を出すなんて…
Talk/748,Text,,不如……让我尝尝你这身鲜活猫肉的滋味——,How about... let me taste your fresh cat meat instead—,それより…あなたのその新鮮な猫肉を味見させてもらおうかしら？
Talk/749,Text,,要现剖现切的……细细的剁成臊子，不带半点肥腥……（眯眼笑）,"Better sliced and minced right here... into a fine paste, without a trace of grease... (smiling with narrowed eyes)",今ここで切り刻んで…みじん切りにして…脂っこいところは全部取って…（目を細めて笑う）
Talk/75,Text,,,,
Talk/750,Text,,咪！！？？（惊恐）,Meow!!?? (Terrified),にゃあっ？！（恐怖に震えて）
Talk/751,Text,,凡人之心……真是怀念啊……,The heart of a mortal... how nostalgic...,凡人の心…懐かしいわね…
Talk/752,Text,,就是不知道……被封印了这么久，还有几分是凡人呢？,"Though I wonder... after being sealed away for so long, how much of human remains in you?",ただ…こんなに長く封印されていて…まだ「人」の部分は残っているのかしら？
Talk/753,Text,,噗通！,Thud!,（どくん！）
Talk/754,Text,,小家伙，带我去见“囚犯”,"Little one, take me to the ""prisoner""",「囚人」のところへ案内して。
Talk/755,Text,,确认中……指令异常！,Verifying... Command anomaly!,確認中……指令異常！
Talk/756,Text,,无法通过……怨恨！诅咒！禁止！,Access denied... Resentment! Curse! Forbidden!,通過不可……怨念！呪詛！禁止！
Talk/757,Text,,啧……真是麻烦……孩子们，把这个机关人撕碎,"Tsk... Such a nuisance... Little ones, tear this automaton apart",ちっ…面倒ね…子どもたち、このからくり人形、引き裂いて。
Talk/758,Text,,封锁！禁止！,Lockdown! Prohibit!,封鎖！禁止！
Talk/759,Text,,怨恨！一切！,Resentment! To all!,怨念！すべてに！
Talk/76,Text,,,,
Talk/760,Text,,遗忘！丢失……,Forgot! Lost...,忘却！喪失……
Talk/761,Text,,多少年了……,How many years has it been...,何年ぶりかしら…
Talk/762,Text,,您再一次踏上了我的领地……,You have once again set foot upon my land...,また…私の地に足を踏み入れたのですね…
Talk/763,Text,,看剑！！,Take this!!,食らえ！！
Talk/764,Text,,哼，还真是，一如既往的，自不量力呢……,"Hmph, you're, as always, so full of yourself...",ふん…相変わらず…身の程を知らないのね…
Talk/765,Text,,没关系，这次，我会让你好好的，认清自己,"Fine then. This time, I shall make you see your place",いいわ、今回はちゃんと、自分を見つめ直してもらいましょう。
Talk/766,Text,,尝尝这由你的血肉炼制的，堕神之血！,"Taste this—the Blood of Fallen Deity, forged from your own flesh and blood!",あなたの血肉で作った「堕神の血」を、味わいなさい！
Talk/767,Text,,永生之血！神明之血！,Blood of Eternal Life! Blood of the Divine!,永生の血！神の血！
Talk/768,Text,,生死，皆斩！,Life and death—both be severed!,生死を、断つ！
Talk/769,Text,,肉肉，肉肉，切碎！,"Flesh, flesh—chopped to pieces!",肉肉、肉肉、ぶった切れ！
Talk/77,Text,,,,
Talk/770,Text,,噫！砍断！！,Eww! Sever!!,えい！切れろ！！
Talk/771,Text,,尝尝血的味道吧！,Taste the flavor of blood!,血の味を、味わいなさい！
Talk/772,Text,,鲜血……真是甘甜！,Blood... so sweet!,鮮血…甘くて…たまらない！
Talk/773,Text,,淹没在鲜血中吧！,Drown in blood!,血の海に、沈みなさい！
Talk/774,Text,,吾即将主宰天地，为何不臣服于我？,,
Talk/775,Text,,邪魔外道，悖逆天道，荼毒山海，终将……万劫不复！,Vile heretics! You defy the Way of Heaven and blighted the world. You shall fall... into eternal damnation!,邪悪な外道め、天に逆らい、山海を毒す者、…永遠の滅びに堕ちるがよい！
Talk/776,Text,,我等……迟早将你诛灭！,"We... shall annihilate you, sooner or later!",吾ら…必ずや…汝を誅す！
Talk/777,Text,,哈哈哈，真是可笑……你的宗门不堪一击，不过嘴倒是挺硬的。,"Hahahaha, how laughable... Your sect is utterly weak, yet your words remain stubbornly defiant.",あはは…可笑しいわね。吹けば飛ぶような宗門なのに、口だけは達者なのね。
Talk/778,Text,,既然如此……我便毁了你的天眼，再将你永世镇压在这里！,Very well then... I shall shatter your Heavenly Eye and imprison you here for eternity!,それなら…あなたの天眼を潰して、この地に永遠に閉じ込めてあげようじゃないの！
Talk/779,Text,,可恶……哼嗯……我是绝对不会……,Damn you... Hmph... I shall never...,くっ…ふん…絶対に屈するものか…
Talk/78,Text,,,,
Talk/780,Text,,什么！？……呜啊！！ 唔哦哦哦哦~,What!?... Waaah!! Mmm-ooh-ooh-ooh~,なにっ！？…ぐあっ！うおおおお…
Talk/781,Text,,（尸姬操控法力摧毁天眼，并在白玉尊的肉身上布下法箓禁制）,"(The Lady Zombie shatters the Heavenly Eye with her power, and seals White Jade Sage's body with an arcane seal)",（屍姫、法力を操り天眼を粉砕し、白玉尊の肉身に法籙の鎖を刻む）
Talk/782,Text,,……哼哼，我要你亲眼看着，这世上的凡人，到底能不能将我诛灭……,"...Hmph. I'll make you witness with your own eyes, whether the mortals of this world can truly destroy me...",ふふ…あなたには見ていてほしいのよ。この世の「凡人」が私を滅ぼせるかどうか…
Talk/783,Text,,嗯哼……呃呃呃……（……失神……）,Hmph... Ugh ugh ugh... (...dazed...),ん…ぐ…（…瞳が虚ろになる…）
Talk/784,Text,,白玉京……我感到了一些熟悉的味道……,The White Jade Capital... I sense a familiar scent...,白玉京…懐かしい香りがするわ…
Talk/785,Text,,何人擅闯玉京重地？速速退散！,Who dares trespass into the sacred grounds of the Jade Capital? Leave at once!,玉京の聖地に足を踏み入れたのは何者か！すぐに立ち去れ！
Talk/786,Text,,等等，僵尸！？,"Wait, zombies!?",待て、屍か…！？
Talk/787,Text,,哼！污秽之物！人人得而诛之！,Hmph! Filthy abomination! Foe to all men!,ふん！汚らわしい！誅すべし！
Talk/788,Text,,真是煞风景的东西……,What a real spoilsport...,本当に興醒めだわ…
Talk/789,Text,,看剑！,Take this!,食らえ！
Talk/79,Text,,,,
Talk/790,Text,,飞剑，听我号令！,"Flying sword, heed my command!",飛剣よ！我が命に従え！
Talk/791,Text,,剑，何在？,"Swords, where art thou?",剣は、どこだ？
Talk/792,Text,,请宝贝现身,"Come forth, my precious",宝よ！現れよ！
Talk/793,Text,,杀剑，来！,"Slayer Sword, come!",殺剣！来たれ！
Talk/794,Text,,杀道不长，四指而已……,The path of slaughter is short—just four fingers...,殺戮の道は短い、四指に過ぎん…
Talk/795,Text,,请宝贝转身,"Turn around, my precious",宝よ！回れ！
Talk/796,Text,,僵尸！怪物打上来了，居士救我！,"Zombies! Monsters are attacking! Mister, save me!",屍だ！怪物が出たぞ！居士、助けて！
Talk/797,Text,,春风有尽，紫叶落枝……,"As spring breeze ends, purple leaves fall...",春風尽き、紫葉落つる…
Talk/798,Text,,尸姬大人，您逆乱阴阳，悖离世理……,"Lady Zombie, you defy the cosmic balance, perverting the laws of existence...",姫さま、陰陽を乱し、世の理を覆すその行い…
Talk/799,Text,,小道不才，愿请尸姬大人归天……,"This humble one, though unworthy, would ask you to return to the Heavens...",修行の浅い身でありますが、姫さまを天にお帰ししたく存じます…
Talk/8,Text,,,,
Talk/80,Text,,,,
Talk/800,Text,,啧……废话真多……,Tsk... So much nonsense...,ちっ…余計なことを…
Talk/801,Text,,孩子们，让这头母猪闭嘴！,"Little ones, silence this sow!",子どもたち、この牝豚の口を塞いでしまいなさい！
Talk/802,Text,,灵符妙法，去！,"Sacred sigils, go forth!",霊符、行け！
Talk/803,Text,,仙符杀生……罪过，罪过……,To kill with immortal sigils... Such sins...,仙符で殺生とは…罪深し、罪深し…
Talk/804,Text,,药毒同源……,Medicine and poison share the same origin...,薬毒、同源なり…
Talk/805,Text,,罂粟之引……唉，有伤天和……,"Poppy as ingredient... Alas, it defies the harmony of heavens...",罌粟の導き…天和を損なう…
Talk/806,Text,,归来吧……紫叶春风……,Return... Purple leaves and spring breeze...,還れ…紫葉の春風…
Talk/807,Text,,复苏之术……,The spell of revival...,蘇生の術…
Talk/808,Text,,哦？幽灵？小家伙要不要加入我的麾下？,"Oh? A ghost? Fancy joining my ranks, little one?",あら？幽霊かしら…私の麾下に加わらない？
Talk/809,Text,,嗡——（人皇幡响动）,Hum— (The Emperor's Banner stirs),ブーン…（人皇幡が唸る）
Talk/81,Text,,,,
Talk/810,Text,,污秽……不洁……,Filth... Impurity...,穢れ…不潔…
Talk/811,Text,,人人得而诛之……,"Enemy of all, to be struck down by all...",誅すべし…
Talk/812,Text,,啧，也不知道到底是谁不洁……,"Tsk, who knows who's truly impure...",ちっ…どっちが不浄なのかしら…
Talk/813,Text,,封印……束缚……,Seal... Bind...,封印…束縛…
Talk/814,Text,,防御……无用……,Defense... Are useless...,防御…無駄…
Talk/815,Text,,诅咒……,Curse...,呪い…
Talk/816,Text,,哈哈！人仙降临！还不跪拜！,Ha! The Human Immortal descends! Kneel in homage!,わーい！人仙さまの登場よ！全員跪いてー！
Talk/817,Text,,尸姬？何不来我这人皇幡里一叙？,The Lady Zombie? Why not step into this Emperor's Banner for a chat?,姉さま～私の人皇幡でおしゃべりしましょ？
Talk/818,Text,,万魂幡？真是狂妄又亵渎……,Banner of Souls? How arrogant and blasphemous...,万魂幡？まったく傲慢で冒涜的だわ…
Talk/819,Text,,就用你的尸体给我的永恒神国奠基吧……,Might as well use your corpse to lay the foundation for my eternal realm...,お前の屍を私の神国の礎とさせてもらうわ。
Talk/82,Text,,,,
Talk/820,Text,,哼……可恶……借我肉身一用……,Hmph... Damn you... Just lend me your flesh...,くっ…クソ…体を貸して…
Talk/821,Text,,尸姬你杀不了我的！夺舍转生！,"You can't kill me, Lady Zombie! Possession and reincarnation!",姉さまじゃ私は殺せないわ！奪舍転生！
Talk/822,Text,,秽血！尸爆！,Filthy Blood! Corpse Explosion!,穢血！屍爆！
Talk/823,Text,,死了可不代表结束哦！尸爆术！,Death is not the end! Corpse Explosion!,死は終わりじゃないの！屍爆術！！
Talk/824,Text,,萝——北萝北——萝——,Tur—nip Turnip—Tur—,だーいこん、だーいこん…
Talk/825,Text,,萝！……萝——,Tur! ... Tur—,だい！…こん…
Talk/826,Text,,熟悉的灵力……我倒要看看是那个凡人敢碰我的东西！,"That familiar mana... Let me see, which mortal dares touch my belongings!",懐かしい霊力ね…私の物に手を出そうとしているのは、どこの凡人なのかしら？
Talk/827,Text,,玉京白玉尊！来者何人！？,Sage of the Jade Capital! Who cometh!?,玉京・白玉尊！侵入者、名を告げよ！
Talk/828,Text,,哦？就是你了？在我面前也敢称尊？,Oh? It's you then? To call yourself a Sage before me?,へえ？あなたなの？私の前で尊を名乗るだなんて？
Talk/829,Text,,真是凡人的僭越……,Typical presumption of mortals...,凡人の思い上がりも、ここまで来たか…
Talk/83,Text,,,,
Talk/830,Text,,同体契命，绝阵，起！,"Pact of Fate, Formation, activate!",同体契命、絶陣！
Talk/831,Text,,永生灵契……,Spiritual Pact of Immortality...,永生霊契…！
Talk/832,Text,,天数有尽，人世无常，该我了！,"Destiny has its end, mortal world is ever-changing—now it's my turn!",天数尽き、人世無常、吾の番だ！
Talk/833,Text,,道痕溃散……天眼，开！,"Tao traces, disperse... Heavenly Eye, open!",道痕潰散…天眼、開け！
Talk/834,Text,,污秽之物，退散……,"Foul abomination, begone...",穢れたもの、退散せよ！
Talk/835,Text,,道生玉莲……绽放……,Tao-Born Jade Lotus... Manifest...,道より玉蓮生ず…咲け！
Talk/836,Text,,翻天裂海，永镇邪祟……,"Upend the heavens, sunder the seas—forever suppress all evils...",天を翻し海を裂け、邪祟を永遠に鎮めよ！
Talk/837,Text,,镇压于此！,I seal thee here!,ここに封じる！
Talk/838,Text,,哦？真是有趣……竟然有会炼丹的灵妖……,Oh? How interesting... a spiritual fiend who actually knows alchemy...,あら？丹を煉れる霊妖なんて…珍しいわね…
Talk/839,Text,,萝——北？,Tur—nip?,だい…こん？
Talk/84,Text,,,,
Talk/840,Text,,萝！萝！萝！,Tur! Tur! Tur!,だい！だい！だい！
Talk/841,Text,,可惜……和你的同类一样，脑子依旧不怎么好使……,"Too bad... Just like your kind, you are still a hollow vessel for a soul...",残念ね…あなたの同類と一緒で、頭は相変わらずうまく働いてないのね…
Talk/842,Text,,萝？,Tur?,だい？
Talk/843,Text,,萝萝萝！萝北？,Turturtur! Turnip?,だいこんだいこん！だいこん？
Talk/844,Text,,龙龙龙！！！,Loong-loong-loong!!!,龍龍龍！！！
Talk/845,Text,,萝！萝——北——,Tur! Tur—nip—,だい！だい…こん！
Talk/846,Text,,欸嘿——,Ehe hey—,えへへ～
Talk/847,Text,,我是！小青龙！,It's me! The Little Azure Dragon!,あたしは！小青龍だよ！
Talk/848,Text,,哼！区区形似罢了……,Hmph! You are merely a semblance...,ふん！形が似てるだけでしょ…
Talk/849,Text,,没有我的准许，这世上不会有什么真龙……,"Without my permission, no true dragon shall exist in this world...",私の許しなく、この世に「真龍」なんて存在しないのよ…
Talk/85,Text,,……承受……痛苦……,... Endure... the pain...,…苦痛を…受けよ
Talk/850,Text,,坏僵尸！咬你！,Bad zombie! I'll bite you!,わるい屍！かじっちゃうんだから！
Talk/851,Text,,龙门……我又回来了……,The Dragon Gate... Here I am again...,龍門…また戻ってきたわ…
Talk/852,Text,,所谓的“化龙”……就是你搞出来的？,"Is this so-called ""Dragon Ascension"".. your doing?",「化龍」ってやつは…あなたが仕組んだのかしら？
Talk/853,Text,,哪里来的僵尸？！竟敢擅闯龙门……,Where did this zombie come from?! How dare you trespass the Dragon Gate...,どこから来た屍なの！？龍門を汚すなんて…
Talk/854,Text,,正好试试我的化龙之术！,Perfect—let's test my Dragon Ascension technique!,ちょうどいいわ！あたしの化龍の術を試してみよう！
Talk/855,Text,,啧……区区一条鲤鱼精，胆子倒是不小……,"Tsk... You are bold indeed, for a mere carp fiend...",ちっ…ただの鯉の精が、大した度胸ね…
Talk/856,Text,,不知道你受不受得住这……化龙雷劫？,I wonder if you can withstand this... Tribulation of Dragon Ascension?,この「化龍雷劫」に…耐えられるかしら？
Talk/857,Text,,雷劫……劈下来了……,The tribulation... strikes down...,雷劫…落ちてきた…
Talk/858,Text,,唔……好多雷……,Ugh... so many bolts...,うぅ…雷がいっぱい…
Talk/859,Text,,蟠龙剑术，斩！,"Panloong sword, strike!",蟠龍剣術、斬！
Talk/86,Text,,,,
Talk/860,Text,,斩断一切！,Sever all!,すべて断ち切る！
Talk/861,Text,,潮水，淹没……,"Tidal wave, engulf...",潮よ…飲み込め…
Talk/862,Text,,窒息吧……,Suffocate...,息も…できなくしてあげる…
Talk/863,Text,,尝尝我这雷劫的味道！,Taste the fury of this lightning tribulation!,あたしの雷劫を味わいなさい！
Talk/864,Text,,雷劫，来吧！,"Lightning tribulation, come forth!",雷劫、おいで！
Talk/865,Text,,唔……雷劫……好痛……,Ugh... the lightning... it hurts...,うぅ…雷劫…痛い…
Talk/866,Text,,动不了了……,I can't move...,動けない…
Talk/867,Text,,哈哈，真是有趣……,"Haha, how amusing...",あはは…面白いわね…
Talk/868,Text,,竟然能化龙到这种地步……,To have transformed into a dragon to this extent...,ここまで化龍できるとは…
Talk/869,Text,,不过——到此为止了——,But—this is where it ends—,でも…そろそろ終わりよ…
Talk/87,Text,,凡人……大可……来……试试……,Mortals... come... and try...,凡人…存分に…かかって…参れ…
Talk/870,Text,,这世上再也不会有真龙……,There shall be no more true dragons in this world...,この世にもう二度と真龍は生まれない…
Talk/871,Text,,至于你这条鲤鱼精……祸太岁，赏给你了,"As for you, carp fiend... Calamity Lord, it's your toy now",鯉の精、お前は…タコ姫、あげるわ。
Talk/872,Text,,（祸太岁施展法力，无数触手将其拉入深渊）,"(As the Calamity Lord unleashes her power, countless tentacles drag it into the abyss)",（無数の触手が白鱗姫を深淵へ引きずり込む）
Talk/873,Text,,感谢尸姬大人赏赐！哈哈，作为你化龙的赏赐……,"Thank you for the gift, my Lady! Haha, as a reward for your dragon ascension...",屍姫さま、ありがとう！はは、化龍のご褒美に…
Talk/874,Text,,便赏你，以半龙的姿态，溺死在这里吧……哈哈哈！,I'll grant you the honor of drowning... here in your half-dragon form! Hahahaha!,ご褒美に、半龍の姿のまま、ゆっくり溺れ死なせてあげる…あはは！
Talk/875,Text,,咕唔——,Guhm—,ぐふっ——
Talk/876,Text,,僵尸？哼——,Zombies? Hmph—,屍か？ふん——
Talk/877,Text,,区区僵尸，挡得住我遮天蔽日的蝗灾么？！,Can mere zombies stand against my sky-darkening locust plague?!,屍ごときが、天を覆う蝗害を止められるとでも！？
Talk/878,Text,,化为蝗群的血肉吧！,Become the flesh and blood of the swarm!,蝗群の血肉となれ！
Talk/879,Text,,蝗灾？这几只异界的小蚂蚱也该称灾？,Locust plague? You call these skinny grasshoppers a plague?,蝗害？異界の小バッタが災を名乗るの？
Talk/88,Text,,无懈可击…,Impeccable...,隙などない…
Talk/880,Text,,真是有趣，孩子们，陪它玩玩……,"You amuse me. Little ones, play with it a while...",面白いわね、子どもたち、遊んであげなさい…
Talk/881,Text,,（翅膀扇动声）,(Wings flapping),（翅の振動音・ざわざわざわ…）
Talk/882,Text,,蝗灾！吞噬一切！,Locust plague! Devour all!,蝗害！すべてを喰らえ！
Talk/883,Text,,大啖食粮之刻已到！,And let the feast begin.,さあ宴の時間だ！
Talk/884,Text,,归于草渊……,Fall to the grassy depths...,草淵へ…帰れ…
Talk/885,Text,,成为蝗群的养分吧！,Be nourishment for the swarm!,蝗群の養分となるがいい！
Talk/886,Text,,吞噬！食粮！,Devour! Consume!,喰らえ！糧を！
Talk/887,Text,,血肉归于蝗群……,All the flesh and blood to the locusts...,血肉は蝗群に
Talk/888,Text,,好浓郁的尸气……这里是亡者的世界吗？,Such a thick stench of decay... Is this the realm of the dead?,すごく濃厚な屍気…ここは死者の国かしら？
Talk/889,Text,,有趣有趣，又一个所谓的“异界来客”……,"Well well, another so-called ""visitor from another realm""...",面白いじゃない、また「異界来客」がきたわ…
Talk/89,Text,,,,
Talk/890,Text,,希望你比那个小蝗虫耐玩一些……哈哈哈哈……,I hope you prove more entertaining than that little locust... Hahahaha...,あのバッタより、少しは持つかしら？あははは…
Talk/891,Text,,什么！？……蝗道友……,What!? So the Locust Taoist has...,なっ！？…蝗道友…
Talk/892,Text,,来者不善呀……（琵琶拨弄声）,This visitor means no good... (Pipa plucking),相手は善からざる者のようね…（琵琶の音）
Talk/893,Text,,天音——散魂——,Heavenly sound—Scatter souls—,天音――散魂――
Talk/894,Text,,随风而去吧……,Drift away with the wind...,風とともに去れ…
Talk/895,Text,,（弦乐器的声音）,(String instrument sounds),（弦楽器の調べ）
Talk/896,Text,,尸姬？春神？阴阳颠倒，生死伦乱……,"Lady Zombie? Spring Goddess? Yin and Yang overturned , life and death in chaos...",屍姫？春神？陰陽が逆転し、生死が乱れる…
Talk/897,Text,,究竟……是顺应天道，还是背离天时？,"Does this... align with the Way of Heaven, or defy the celestial order?",果たして…天道に従うべきか、天時に背くべきか？
Talk/898,Text,,哦？你这异界小修知道的还不少……,"Oh? For a minor cultivator from another realm, you know quite a lot...",おや？異界の修士がよく知ってるじゃない…
Talk/899,Text,,孩子们，把她抓来！,"Little ones, seize her!",子どもたち、捕まえなさい！
Talk/9,Text,,拿命来....,Give me your life...,命を、いただくわ…
Talk/90,Text,,,,
Talk/900,Text,,清白之人，清白之世……,"Pure souls, pure worlds...",清らかな者、清らかな世…
Talk/901,Text,,庇佑于我……,Grant me your protection...,あたしを守りたまえ…
Talk/902,Text,,灵力湮灭……,"Mana, annihilate...",霊力が…消えてゆく…
Talk/903,Text,,天魔之术，湮灭吧,"Celestial Demon's Hex, obliterate!",天魔の術、湮滅せよ！
Talk/904,Text,,哈哈，看破！,Ha! I see through it!,あはは、見切ったわ！
Talk/905,Text,,有破绽！,A flaw!,隙あり！
Talk/906,Text,,定！,Freeze!,定！
Talk/907,Text,,定身术！,Immobilization!,定身術！
Talk/908,Text,,异界的小修，你尽力了。,"Little cultivator from another realm, you've fought well.",異界の修士、よく頑張ったわね。
Talk/909,Text,,真仙之敌，强横至此。只能到此为止了吗。,So formidable is the power of a true immortal. Is this the end?,真仙の敵、ここまで強いなんて。これで終わりなの？
Talk/91,Text,,小心……为上……,Best... be careful...,用心に…越したことはない…
Talk/910,Text,,这一身奇诡异术....异界修士……着实有趣……,These bizarre and uncanny arts of yours... Cultivators from another realm... are truly fascinating...,この奇妙な術…異界の修士…面白いわね…
Talk/911,Text,,这就是你穿梭世界的依仗么？若是稍加调制，又会有何种表现呢～？,Is this the means you rely on to traverse worlds? What might it become? if I tweaked just a bit~?,これが…世界を渡る鍵？少し手を加えたら、どんな効果を発揮するかしら～？
Talk/912,Text,,呜～，你不要掂它呀～！,Woo~ Keep your hands off it~!,うぅ…それに触らないで～！
Talk/913,Text,,（尸姬出手引动天魔法宝，使得灵絮的灵力被暴走的天魔榨干殆尽，连神识都被天魔法宝反噬而迷失了。）,"(The Lady Zombie activated the artifact, causing Etheria's mana to be drained dry by the rampaging Celestial Demon. Even her spiritual sense was lost to the artifact's backlash.)",（屍姫、天魔法宝を発動させると、綿々の霊力が暴走した天魔に搾り取られ、天魔法宝の神識ごと呑み込まれる）
Talk/914,Text,,不要……呜喔！嗯嗯嗯啊~,No... Ugh! Mmhmm... Ah~,やだ…うぐっ！んんんあぁ～！
Talk/915,Text,,呵呵，这都承受不了么？,"Heh, can't even stand this?",ふふ…これにすら耐えられないの？
Talk/916,Text,,不如在我身边，多多磨～炼～一番，如何？,Why not stay by my side and undergo some... training... hmm?,私のそばで、もっともっと磨いてみない？
Talk/917,Text,,咕嗯嗯嗯……,Guh... mmm...,…んんぐ…
Talk/918,Text,,不回话，就当你答应咯。,No reply? I'll take that as a yes.,返事がないってことは、同意とみなすわ。
Talk/919,Text,,（昏死……）,(Fainted...),（気を失う…）
Talk/92,Text,,……灵弓……在我手中流转……,... The spiritual bow... flows in my hands...,…雷矢…我が手に宿る…
Talk/920,Text,,前方，是个喜欢躲在别人身后的小家伙呢……,Up ahead is a little someone who likes to hide behind others...,前方に、他人の後ろに隠れるのが好きな子がいます…
Talk/921,Text,,尸姬大人小心，那个凡人似乎掌握一些时间的力量……,"Be cautious, my Lady, that mortal seems to wield some power over time...",屍姫さま、お気をつけて。あの凡人、時間を操る力を持っているようです…
Talk/922,Text,,这里就是尽头了，尸姬大人，请将这个历史的幽灵，握在手中吧……,"This is the end, my Lady. Please grasp this ghost of history in your hand...",ここまでだ。屍姫さま、この歴史の幽霊をお収めください…
Talk/923,Text,,尸姬大人，前方似乎有一个精通雷法的凡人呢……,"My Lady, there appears to be a mortal ahead who masters lightning magic...",屍姫さま、前方に雷法に精通した凡人がいるようです…
Talk/924,Text,,雷霆愈发狂躁了……尸姬大人，小心那个疯癫的凡人……,"The lightning grows ever more violent... My Lady, beware that deranged mortal...",雷がますます激しくなっていきます…屍姫さま、あの狂った凡人にお気を付けください…
Talk/925,Text,,尸姬大人，这就是最后了，那个重鸣……似乎有些怪异的手段呢……,"My Lady, this is the end. That Resonantia... seems to possess some peculiar power...",屍姫さま、これで終わりです。あの重鳴…奇妙な技を持っているようですね…
Talk/926,Text,,那个诡异的葫芦……尸姬大人，不要让他的飞剑攒起来！,"That weird gourd... My Lady, don't let his flying swords gather!",あの奇妙な瓢箪…屍姫様、彼に飛剣をためさせないでください！
Talk/927,Text,,好浓郁的药香……前方，估计会有一场持久战……,Such a potent herb scent... Seems we're in for a protracted battle...,強烈な薬香…持久戦になりそうですね…
Talk/928,Text,,这是……鬼气？看来这些所谓的仙人，也会修行一些邪术呢……,Is this... ghostly energy? So these so-called immortals also practice dark arts after all...,これは…鬼気？仙人も邪悪な術を修行するようですね…
Talk/929,Text,,最后，尸姬大人，看看白玉京的最高处，究竟躲着什么东西吧……,"Finally, my Lady, let's look upon the peak of White Jade Capital, and see what lurks there...",最後に、屍姫さま、白玉京で最も高いところに、何が隠されているか見てみましょう…
Talk/93,Text,,一箭在手……万物复苏……,One arrow in hand... to revive all...,矢があれば…万物が、蘇る…
Talk/930,Text,,尸姬大人，前方的白猫……似乎对杀戮格外敏感呢……,"My Lady, that white cat ahead... seems unusually sensitive to bloodshed...",屍姫さま、前方の白猫…殺生に特に敏感なようです…
Talk/931,Text,,好扭曲的气息……尸姬大人……这复苏的力量似乎与您有些相似……,Such a twisted aura... My Lady... this force of revival bears a strange resemblance to yours...,なんて歪んだ気なの…この復活の力…屍姫さま、あなたのものに少し似ていますね…
Talk/932,Text,,这里就是客栈的核心了，如果多些人手，似乎那个狐妖就不足为惧了……,"This is the inn's core. If our numbers are enough, that fox fiend should pose little threat...",ここが旅籠の中心、人手が増えれば、あの狐妖など恐れるに足りません…
Talk/933,Text,,前方那心脏……似乎是您当年的手笔……,That heart ahead... appears to be your handiwork from years past...,あの心臓…当時あなたが作ったもののような…
Talk/934,Text,,尸姬大人小心，经过了无尽岁月的侵袭，这具机关人似乎有些诡异……,"My Lady, be cautious. After enduring the ravages of eons, this automaton feels rather unsettling...",屍姫さま、お気をつけて。長い歳月に晒されて、このからくり人形は変質しているようです…
Talk/935,Text,,最后，尸姬大人，我们又一次见到了这个渎神的罪人……,"Finally, my Lady, we meet this blasphemous sinner once more...",屍姫さま、ついにこの神を冒涜した罪人にもう一度会えましたね…
Talk/936,Text,,尸姬大人，前方的灵妖，似乎有些不一般呢……,"My Lady, the spiritual fiend ahead seems rather unusual...",屍姫さま、前方の妖霊は、ただ者ではないようです…
Talk/937,Text,,那是……奇怪的，龙？总觉得精神似乎不太正常的样子……,Is that ... a strange dragon? It appears somewhat unhinged...,あれは…奇妙な、龍？なんだか精神に異常をきたしているような…
Talk/938,Text,,走到尽头了，尸姬大人，天上雷云密集，似乎有些不太对劲……,"We've reached the end, my Lady. Thunderclouds gather thickly overhead—something feels off...",ここで最後です。屍姫さま、空に雷雲が垂れこめています、何かがおかしいような…
Talk/939,Text,,那是……异界的蝗虫？尸姬大人小心它的毒……,"Are these... locusts from another realm? Beware its venom, my Lady...",あれは…異界のバッタ？屍姫さま、毒にお気をつけて…
Talk/94,Text,,神使降临……诸行退散……,The divine envoy comes... clear the way...,神の使い、降臨せよ…すべて、滅びよ…
Talk/940,Text,,尸姬大人，那个琵琶有些诡异，动手时请小心些……,"My Lady, that pipa feels eerie. Proceed with caution when you engage...",屍姫さま、あの琵琶の音は少し奇妙です。攻撃する時はお気をつけて…
Talk/941,Text,,恐怕这就是最后一个了，尸姬大人小心这些异界修士的法术……,"This must be the last one. My Lady, beware the spells of these alien cultivators",おそらくこれで最後です。屍姫さま、異界の修士の法術にはお気をつけて…
Talk/942,Text,,退下！,Stand down!,退け！
Talk/943,Text,,不得……冒犯！,Make no... offense!,失礼だぞ！
Talk/944,Text,,退下！,Stand down!,退け！
Talk/945,Text,,不得……冒犯！,Make no... offense!,失礼だぞ！
Talk/946,Text,,嗷——,Graar—,うおおっ——！
Talk/947,Text,,力量，生长，愈合,"Power, growth, healing",力…成長…癒し…
Talk/948,Text,,神明已死……,The gods are dead...,神は死せり…
Talk/949,Text,,三千神机，请尸姬大人归天！,"The Three Thousand Custodes, escort the Lady Zombie to the Heavens...",三千神機、屍姫さま天にお帰りを！
Talk/95,Text,,……灵弓……承载着春神的祝福…,... Within the spiritual bow... lies the Spring Goddess's blessing...,…雷矢…春神の加護を纏う…
Talk/950,Text,,哼，火器……,"Hmph, firearms...",ふん…火器か…
Talk/951,Text,,凡人，总会给我整点新花样……,Mortals always come up with new tricks...,凡人は、いつも新しいおもちゃを持ってくるのね…
Talk/952,Text,,列阵——迎敌！,Form ranks! Engage!,列陣…敵を迎えよ！
Talk/953,Text,,抵近——开火！,Close in! Fire!,接近…撃て！
Talk/954,Text,,重复，射击！,"Repeat, fire!",繰り返し、撃て！
Talk/955,Text,,上符，雷铳！,"Enchant, lightning shots!",符よ、雷銃！
Talk/956,Text,,听令，上雷符！,"On me, lightning sigils!",雷霆符、行け！
Talk/957,Text,,魍魉……退散！,Fiends... Be gone!,魍魎…退散せよ！
Talk/958,Text,,啸龙吟——,Dragon's Roar—,龍吟、轟け！
Talk/959,Text,,刀枪不入，万法不侵……,"Invulnerable to steel, impervious to spells...",刀も槍も、法術も効かぬ…
Talk/96,Text,,……春风轻拂……万物复苏……,... The spring breeze... revive all...,…春風そよぎ…万物が、蘇る…
Talk/960,Text,,抵御……一切！,Defend... against all!,すべてを…防ぐ！
Talk/961,Text,,神明的时代已经过去了，尸姬大人……,"The age of deities is gone, Lady Zombie...",神の時代は終わったのだ、屍姫さま…
Talk/962,Text,,可笑，你说过去，便过去了？我何时应允过？,"How laughable. You say it's over, and it's over? When did I ever give my consent?",笑わせないで、あなたが終わったと言えば、終わるの？私は許した覚えがないわ。
Talk/963,Text,,未来是属于凡人的……,The future belongs to mortals...,未来は凡人のものだ…
Talk/964,Text,,你们这些凡人……倒是会给自己找理由……,You mortals... always quick to find excuses...,あなたたち凡人は…都合のいい理由を探すのはうまいわね…
Talk/965,Text,,既然你这么信未来，那今日，我便是未来！,"If it is the future you believe in, then today, I shall be that future!",あなたがそれほど未来を信じるなら、今日、私が未来よ！
Talk/966,Text,,日轮，诛邪退散,"Solar sphere, exorcise the wicked",日輪、邪を祓え…
Talk/967,Text,,月轮，万物滋生……,"Lunar sphere, nurture all life...",月輪、万物を繁栄させよ…
Talk/968,Text,,尸姬大人，未来……是凡人的……,"Lady Zombie, the future... belongs to mortals...",屍姫さま、未来は…凡人のものだ…
Talk/969,Text,,日月轮转……唔……,The Solar and Lunar spheres turn in circles... hmm...,日月…巡る…うぐ…
Talk/97,Text,,……一切……归于宁静……,... All things... return to tranquility...,…すべて…静寂へ還る…
Talk/970,Text,,阴气汇聚，魂归尘土,"Yin energy gathers, souls return to dust",陰気集いて、魂、塵に還る…
Talk/971,Text,,阳气升腾，万物复苏,"Yang energy rises, all things revive",陽気昇り、万物、蘇る…
Talk/972,Text,,旧神新事，此为一劫……,"Old deity, new tales, such is a tribulation...",旧神新事…これぞ一劫…
Talk/973,Text,,哦？小家伙，你想挡我么？,"Oh? Little one, you wish to stand in my way?",あら？私の邪魔をするつもり？
Talk/974,Text,,罢了……此劫，由我应下了……,"Very well... This tribulation, I shall bear it...",仕方ない…この劫は、私が背負おう…
Talk/975,Text,,呵——以我之名，燃命问天……,"Hah—In my name, I burn my life to question the heavens...",ふっ…我が名において、命を燃やし、天に問う…
Talk/976,Text,,凡人之理，旧神之事，今日，了结于此！,"Mortals' way, deity's legacy, shall be settled here, today!",凡人の理も、旧神の業も、今日、尽きる！
Talk/977,Text,,尸姬大人，天门庙祝，请您，归天。,"My Lady, the Heavenly Gate Temple Priest, bids you return to the heavens...",屍姫さま、天門廟祝が天にお帰しします。
Talk/978,Text,,啧，无聊，孩子们，把她撕碎,"Tsk, boring. Little ones, tear her apart",ちっ、つまらないわね。子どもたち、引き裂いてしまいなさい。
Talk/979,Text,,气运，汇聚于此！,"Fortune, converge here!",気運…ここに集え！
Talk/98,Text,,……符咒静候……,... The spell awaits...,…呪符、待機…
Talk/980,Text,,杀伐因果，自有庇佑……,"Karma and slaughter, grant your protection...",殺伐の因果、天が護らん！
Talk/981,Text,,我为，天道……,"I, am the Way of Heaven...",私は、天道とならん…
Talk/982,Text,,了解于此！,Settles here!,わかったぞ！
Talk/983,Text,,今朝昨日……归于尘土……,"The present, the bygone days... all to dust...",今も昔も…塵と帰す…
Talk/984,Text,,尸姬……,Lady Zombie...,屍姫…
Talk/985,Text,,牺牲祭祀，我等，可有少否？,Sacrifices and offerings... Have we ever failed you in our duty?,捧げものが、足りなかったか？
Talk/986,Text,,不曾。,You did not.,いいえ。
Talk/987,Text,,灵牌香火，我等，可有少否？,Tablets and incense... Have we ever let them grow cold?,霊牌の香火は、不足していたか？
Talk/988,Text,,也不曾。,Neither.,いいえ。
Talk/989,Text,,人礼皆尽，尸姬大人何故屠戮生灵？,"We have fulfilled every rite of man, why then, my Lady, do you slaughter the living?",礼も尽くしたのに、なぜまだ命を刈るのだ、屍姫さま？
Talk/99,Text,,……箭矢……随时待命……,... Arrows... at the ready...,…矢は…いつでも放てる…
Talk/990,Text,,我玩腻了，凡人,"I simply grew bored, mortal",遊び飽きちゃったわ、凡人。
Talk/991,Text,,相比于活着的你们，我现在更喜欢永生不死僵尸……,"Compared to men who live, I now favor the eternal, undead zombies...",生きてるお前たちより、今は屍のほうが好きなのよ…
Talk/992,Text,,变成我永恒神国的土壤吧……,Now become the soil of my eternal realm...,私の永遠の神国の土になりなさい…
Talk/993,Text,,呵……那就，恕难从命了！（拔剑声）,"Hmph... Then, I'm afraid I cannot comply! (Sound of sword being drawn)",ふっ…その要望には、応えられぬ！（剣を抜く音）
Talk/994,Text,,大道之行也，天下为公……,"When the Great Way prevails, the world belongs to all...",道理が行われれば、天下は公のものとなる…
Talk/995,Text,,止戈为武……,True martialism is to stop wars...,争いを止めることこそ、真の武だ…
Talk/996,Text,,人道有尽……岁月难移……,Humanity has its limits... Time cannot be altered...,人の道はいつか尽きる…歳月は戻らない…
Talk/997,Text,,某年月日，凡人力抗堕神而死……,"On a certain day in a certain year, mortals rebelled against the fallen deity and perished...",今日…凡人が堕神に挑み…散る。
Talk/998,Text,,魑魅魍魉，依罪当诛,"Fiends and monsters, condemned to execution for their crimes",魑魅魍魎…罰するは当然。
Talk/999,Text,,屠龙卷三，斩龙有术,"In the third scroll, the path to slay dragons is found",屠龍の巻・三…龍を斬る術、ここにあり。
UI/,Text,,,,
UI/ 专属,Text,,▲专属▲,▲Exclusive▲,▲専属▲
UI/ 以下单位装备后 有额外效果,Text,,【以下单位装备后，有额外效果】,[Equipping the following units grants additional effects],「以下のユニットが装着すると追加効果を発揮する」
UI/ 该随从具有以下特性,Text,,【该随从具有以下特性】,[Minion Traits],「このミニオンは以下の特性を持つ」
UI/ 该随从无特性,Text,,【该随从无特性】,[No Traits],「このミニオンは特性を持たない」
UI/-----拖拽以调整位置-----,Text,,-----拖拽以调整位置-----,---Drag to Adjust---,-----ドラッグして位置を調整する-----
UI/2倍速,Text,,2倍速,2x Speed,2倍速
UI/ActCount,Text,,行动次数,Action Count,行動回数
UI/ActUse_All,Text,,累计行动,Total actions,合計行動
UI/ActUse_R,Text,,本回合累计行动,Total actions this turn,このターンで合計行動
UI/ActionCountDesc,Text,,消耗行动次数，拖拽以进行普攻,Costs AP. Drag to Basic Attack,行動回数を消費して、ドラッグで通常攻撃する
UI/AddCost_Name,Text,,<color=#FF00CC>增值</color>,<color=#FF00CC>Value Increase</color>,<color=#FF00CC>増殖</color>
UI/AddCost_Name_2002,Text,,<color=#FF00CC>增值(特殊)</color>,<color=#FF00CC>Value Increase (Special)</color>,<color=#FF00CC>増殖（特殊）</color>
UI/AddCost_Tip,Text,,使用后，费用+2，数值提高100%并返回手牌(不触发抽牌事件)，回合结束时，自动丢弃,"After use, cost increases by 2, value increases by 100%, and returns to hand (does not trigger draw event). Discard automatically at turn end.",使用後、コスト+2、カードの効果が100%増加して手札に戻す（ドローとしてみなさない）。ターン終了時に自動的に捨てる。
UI/AddCost_Tip_2002,Text,,使用后，费用+2，数值提高100%并返回手牌(不触发抽牌事件)，<color=#CC0033>该卡牌不会自动丢弃</color>,"Upon use, cost increases by 2, value increases by 100% and returns to hand (does not trigger draw events), <color=#CC0033>this card will not be automatically discarded</color>",使用後、コスト+2、カードの効果が100%増加して手札に戻す（ドローとしてみなさない）。<color=#CC0033>このカードは自動的に捨てない</color>
UI/AddDesc_01,Text,,攻击力/卡牌强度提高,Attack/Card Power +,攻撃力/カード強度が増加する
UI/Add_ActionCount_1,Text,,<color=#C96217>行动次数：,<color=#C96217>Action Points:,<color=#C96217>行動回数：+
UI/Add_ActionCount_2,Text,,<color=#CC0000>行动次数：,<color=#CC0000>Action Points:,<color=#CC0000>行動回数：
UI/Add_All_DemageMult,Text,,全伤害加成,All Demage Bonus,全ダメージボーナス
UI/Add_All_DemageMult_2,Text,,全伤害加成：,All Demage Bonus:,全ダメージボーナス：
UI/Add_All_DemageMult_3,Text,,<color=#CC0000>全伤害加成：,<color=#CC0000>All Demage Bonus:,<color=#CC0000>全ダメージボーナス：
UI/Add_M_DemageMult,Text,,<color=#3399FF>卡牌伤害</color>加成,<color=#3399FF>Card Demage</color> Bonus,<color=#3399FF>カードダメージ</color>ボーナス
UI/Add_M_DemageMult_1,Text,,<color=#CC0000>卡牌伤害加成：,<color=#CC0000>Card Demage Bonus:,<color=#CC0000>カードダメージボーナス：
UI/Add_M_DemageMult_2,Text,,卡牌伤害加成：,Card Demage Bonus:,カードダメージボーナス：
UI/Add_P_DemageMult,Text,,<color=#CCFF00>普通伤害</color>加成：+,<color=#CCFF00>Normal Damage</color> Bonus: +,<color=#CCFF00>通常ダメージ</color>ボーナス：+
UI/Add_P_DemageMult_1,Text,,<color=#CC0000>普通伤害加成：,<color=#CC0000>Normal Damage Bonus:,<color=#CC0000>通常ダメージボーナス：
UI/Add_P_DemageMult_2,Text,,普通伤害加成：,Normal Damage Bonus:,通常ダメージボーナス：
UI/Add_R_DemageMult,Text,,<color=#CCFF00>真实伤害</color>加成：+,<color=#CCFF00>True Damage</color> Bonus: +,<color=#CCFF00>真実ダメージ</color>ボーナス：+
UI/Add_R_DemageMult_1,Text,,<color=#CC0000>真实伤害加成：,<color=#CC0000>True Damage Bonus:,<color=#CC0000>真実ダメージボーナス：
UI/Add_R_DemageMult_2,Text,,真实伤害加成：,True Damage Bonus:,真実ダメージボーナス：
UI/Add_Unique,Text,,<color=#CCFF00>【唯一】</color>,<color=#CCFF00>[Unique]</color>,<color=#CCFF00>「唯一」</color>
UI/All,Text,,全属性,All Attributes,全属性
UI/Atk,Text,,"<sprite name=""Icon_1"">攻击力","<sprite name=""Icon_1"">Attack","<sprite name=""Icon_1"">攻撃力"
UI/Atk_Text,Text,,攻击力,Attack,攻撃力
UI/Auto_Name,Text,,<color=#33FFCC>自行</color>,<color=#33FFCC>Self-Activation</color>,<color=#33FFCC>自動</color>
UI/Auto_Tip,Text,,若该卡牌在手中，相关随从在回合结束时，会无偿使用该卡牌（不消耗该卡牌）,"If this card is in your hand, the associated minion will use this card for free at the end of the turn (without consuming the card).",このカードが手札にあるとき、関連ミニオンはターン終了時に無消費でカードを使用する（このカードを消費しない）。
UI/BUG反馈,Text,,BUG反馈,Report Bugs,バグ報告
UI/BackAdd_BuffCount,Text,,<color=#FF6699>###层</color>,<color=#FF6699>### Layers</color>,<color=#FF6699>###スタック</color>
UI/BackAdd_Heal,Text,,<color=#A3EA72>【###点生命】</color>,<color=#A3EA72>【### HP】</color>,<color=#A3EA72>「###体力」</color>
UI/BackAdd_HpMax,Text,,###点最大生命值,### Max HP,###体力上限
UI/BackAdd_MDemage,Text,,<color=#6196FE>【###点卡牌伤害】</color>,<color=#6196FE>【### points of card demage】</color>,<color=#6196FE>「###カードダメージ」</color>
UI/BackAdd_PDemage,Text,,<color=#FE763E>【###点普通伤害】</color>,<color=#FE763E>【### points of normal demage】</color>,<color=#FE763E>「###通常ダメージ」</color>
UI/BackAdd_RDemage,Text,,<color=#FBFA73>【###点真实伤害】</color>,<color=#FBFA73>【### points of true demage】</color>,<color=#FBFA73>「###真実ダメージ」</color>
UI/BackAdd_Shield,Text,,<color=#CCCC99>【###点护盾】</color>,<color=#CCCC99>【### points of shield】</color>,<color=#CCCC99>「###シールド」</color>
UI/Ban位已满,Text,,Ban位已满,Ban slots full,無効化数が上限に達した
UI/BlackHp,Text,,损失生命值,HP Loss,体力損失
UI/BlockTip_-2,Text,,通关任意深渊幻想后解锁,Clear any Abyssal Fantasy to unlock,任意の深淵幻想をクリアすると解放
UI/BlockTip_6,Text,,通关难度5后解锁,Clear Difficulty 5 to unlock,難易度5をクリアすると解放
UI/BlockTip_7,Text,,通关神明的三尸-华饰后解锁,Clear Deity's Three Egos - Attire to unlock,神明の三屍-華飾をクリアすると解放
UI/BlockTip_8,Text,,通关神明的三尸-滋味后解锁,Clear Deity's Three Egos - Savor to unlock,神明の三屍-滋味をクリアすると解放
UI/Blood_Name,Text,,<color=#FF0033>血贷</color>,<color=#FF0033>Blood Loan</color>,<color=#FF0033>血の契り</color>
UI/Blood_Tip,Text,,灵力不足时，该卡牌可以消耗总费用*10%的最大生命值来使用。,"When Spirit Power is insufficient, this card can be used by consuming 10% of your maximum HP for its total cost.",霊力が不足しているとき、このカードは体力上限の「コスト*10%」分の体力を消費して使用できる。
UI/CB_86_Name,Text,,<color=#ff9966>合击</color>,<color=#ff9966>Sync</color>,<color=#ff9966>合撃</color>
UI/CB_86_Tip,Text,,若场上存在魔蛟-云岚，则无条件使用一次《翻云覆雨-魔》,"If Demonic Wyrm is on the field, cast <Ripples of Pleasure - Demon> once",フィールドに魔蛟-雲嵐が存在する場合、無条件で『翻雲覆雨-魔』を1回使用する。
UI/CB_88_Name,Text,,<color=#ff6666>合击</color>,<color=#ff6666>Sync</color>,<color=#ff6666>合撃</color>
UI/CB_88_Tip,Text,,若场上存在妖龙-雨师，则无条件使用一次《翻云覆雨-妖》,"If Vile Dragon - Rain Master lives, cast <Ripples of Pleasure - Fiend> once",フィールドに妖龍-雨師が存在する場合、無条件で『翻雲覆雨-妖』を1回使用する。
UI/CG_ArtShow,Text,,<size=50>美术鉴赏</size>,<size=50>Gallery</size>,<size=50>ギャラリー</size>
UI/CG_ShowName,Text,,<size=36><color=#EFC980>尸姬大人：</color></size>,<size=36><color=#EFC980>Lady Zombie:</color></size>,<size=36><color=#EFC980>屍姫さまへ</color></size>
UI/C_MagicMultTip,Text,,该卡牌数值受到###倍<color=#00FFFF>卡牌强度</color>加成,This card's values receive a bonus equal to ### times <color=#00FFFF>Card Strength</color>,このカードの効果は###倍の<color=#00FFFF>カード強度</color>ボーナスを受ける。
UI/C_MagicMultTip_1,Text,,每点<color=#00FFFF>卡牌强度</color>数值提高1点,Increases by 1 point per point of <color=#00FFFF>Card Strength</color>,<color=#00FFFF>カード強度</color>ごとに効果が1増加する。
UI/C_MagicMultTip_2,Text,,每点<color=#00FFFF>卡牌强度</color>数值提高1点,Increases by 1 point per point of <color=#00FFFF>Card Strength</color>,<color=#00FFFF>カード強度</color>ごとに効果が1増加する。
UI/C_OtherAdd,Text,,特殊加成,Special Bonus,特殊ボーナス
UI/C_OtherAddTip,Text,,该卡牌数值受到###倍<color=#00FFFF>$$$</color>加成,This card's value receives a bonus of ### times <color=#00FFFF>$$$</color>,このカードの効果は###倍の<color=#00FFFF>$$$</color>ボーナスを受ける。
UI/C_OtherAddTip_1,Text,,每有###提高<color=#FF00FF>1点</color>,Increases by <color=#FF00FF>1 point</color> per ###,###を所有するごとに<color=#FF00FF>1</color>増加する。
UI/C_UpGradeText,Text,,卡牌<color=#CC6633>【###】</color>进阶,Card <color=#CC6633>【###】</color> Advancement,カード<color=#CC6633>「###」</color>アップグレード
UI/C_UpGrade_1,Text,,卡牌进阶,Card Advancement,カードアップグレード
UI/CharmTip_1,Text,,<color=#FF0000>被魅惑，无法普攻和使用伤害卡牌</color>,<color=#FF0000>Charmed. Cannot perform Basic Attacks or use damage cards</color>,<color=#FF0000>魅惑されている、通常攻撃とダメージカードを使用できない</color>
UI/Clothes,Text,,妆仪,Cosmetic,容姿
UI/Clothes_HIE0,Text,,妆仪效果,Cosmetic Effect,容姿効果
UI/Confinement,Text,,<color=#FF0000>禁锢，无法抽牌</color>,<color=#FF0000>Rooted. Cannot draw cards</color>,<color=#FF0000>金縛り、ドローできない</color>
UI/DLC_BuyInfo,Text,,DLC为尸姬大人斩三尸的故事，内容包括3个关卡，14个新boss，5个新随从和17个新装备,"The DLC tells the story of the Lady Zombie severing her Three Egos. It features 3 stages, 14 new bosses, 5 new minions, and 17 new items",DLCは屍姫さまが三屍を斬る物語で、3ステージ、14体の新ボス、5体の新ミニオンと17個の新装備が含まれている。
UI/DLC_BuyTitle,Text,,神明的三尸DLC,Deity's Three Egos DLC,神明の三屍DLC
UI/DLC_TipLv,Text,,"出于难度考虑，我们建议您通关难度5后再体验DLC内容。
当然，您也可以立即解锁并体验DLC","For the best experience, we recommend clearing Difficulty 5 before playing the DLC.
But, you are free to unlock and play the DLC right now","難易度の都合上、まずは難易度5をクリアしてからDLCコンテンツを体験することをおすすめします。
もちろん、今すぐDLCを解放して遊ぶこともできます。"
UI/DeathCount,Text,,随从死亡数,Number of minions killed,ミニオン撃破数
UI/DebuffBlock,Text,,异常抗性,Status Resistance,デバフ耐性
UI/DebuffBlock_Name,Text,,异常状态,Abnormal Status,デバフ
UI/DebuffBlock_Tip,Text,,异常状态会受异常抗性影响,Abnormal Status is affected by Abnormal Resistance,デバフ効果はデバフ耐性に影響される。
UI/Debuff增伤,Text,,Debuff增伤：+,Debuff Bonus: +,デバフによるダメージ増加：＋
UI/Def,Text,,"<sprite name=""Icon_4"">防御","<sprite name=""Icon_4"">Defense","<sprite name=""Icon_4"">防御"
UI/Def_Text,Text,,防御,Defense,防御
UI/Def_UITip,Text,,受到<color=#CCFF00>普通伤害</color>降低,Reduces <color=#CCFF00>Normal Demage</color> taken,受ける<color=#CCFF00>通常ダメージ</color>低下
UI/Def_UITip_1,Text,,<color=#CC0000>受到普通伤害提高,<color=#CC0000>Increases Normal Demage</color> taken,<color=#CC0000>受ける通常ダメージ増加
UI/DemageType_BuffCount,Text,,Buff加成,Buff Bonus,バフボーナス
UI/DemageType_Demage,Text,,伤害加成,Demage Bonus,ダメージボーナス
UI/DemageType_EatValue,Text,,【汲取】加成,【Siphon】Bonus,「吸収」ボーナス
UI/DemageType_Heal,Text,,治疗加成,Healing Bonus,回復ボーナス
UI/DemageType_Num,Text,,数值加成,Stat Bonus,効果ボーナス
UI/DemageType_Shield,Text,,护盾加成,Shield Bonus,シールドボーナス
UI/DevilGet_Name,Text,,成长,Growth,成長
UI/DevilGet_Tip,Text,,永久属性成长，该成长不可逆,Permanently increases attributes. This growth is irreversible.,永続的な属性向上、この向上は不可逆。
UI/EatValueDefaultTip,Text,,【汲取】失败,[Drain] failed,「吸収」失敗
UI/EatValue_Name,Text,,汲取,Absorb,吸収
UI/EatValue_Tip,Text,,汲取目标属性，目标减少对应属性，自身增加等量属性，持续至战斗结束。,Absorbs target's attribute. Target loses corresponding attribute while you gain equal amount. Lasts until end of combat.,ターゲットの属性を吸収、ターゲットは属性が低下し、自身の属性が同量に増加する、戦闘終了まで持続する。
UI/EndLessBadRogeTip,Text,,无尽超过5层后，强制开启恶趣味,"After reaching more than 5 levels, it is forced to turn on Macabre Taste",無限モード5階以上で悪趣味を強制的に有効化する
UI/EndLessTip,Text,,无尽模式-难度,Endless Mode - Difficulty,無限モード-難易度
UI/EquOff,Text,,点击从###上卸下,Click to Unequip from ###,クリックして###から外す。
UI/EquOn,Text,,点击装备到###上,Click to Equip on ###,クリックして###に装着する。
UI/EquOnly,Text,,【唯一】,【Unique】,「唯一」
UI/Forget_Name,Text,,<color=#FF9933>遗忘</color>,<color=#FF9933>Forgetfulness</color>,<color=#FF9933>忘却</color>
UI/Forget_Tip,Text,,回合结束时，自动丢弃（视为弃牌事件）,Discard automatically at the end of the turn (counts as a discard event).,ターン終了時、自動的に捨てる（カード捨てとしてみなす）。
UI/GetAllCard_Name,Text,,全局抽牌,Global Draw,全体ドロー
UI/GetAllCard_Tip,Text,,随机从场上存活的己方随从身上抽一张牌,Randomly draw one card from surviving friendly minions on the field.,ランダムにフィールドにいる味方ミニオンからカードをドローする。
UI/GetSelfCard_Name,Text,,自身抽牌,Self Draw,単体ドロー
UI/GetSelfCard_Tip,Text,,从自己身上随机抽一张牌,Randomly draw one card from your own deck.,自身からランダムにカードをドローする。
UI/HIE51,Text,,<color=#00CCFF>卡牌强度+2%</color>,<color=#00CCFF>Card Power +2%</color>,<color=#00CCFF>カード強度+2%</color>
UI/HIE51_1,Text,,<color=#00CCFF>攻击力+2%</color>,<color=#00CCFF>Attack Power +2%</color>,<color=#00CCFF>攻撃力+2%</color>
UI/HIE52,Text,,"<color=#CD3C7A>【东风残梦盏】：</color>
获得属性减半，但是同时加给所有随从(向上取整)","<color=#CD3C7A>【East Wind's Fragmented Dream Lantern】:</color>
Gains half the attributes, but also grants them to all minions (rounded up)","<color=#CD3C7A>「東風残夢盞」：</color>
獲得する属性が半減し、すべてのミニオンに付与する（切り上げ）。"
UI/HIE_Debuff,Text,,诅咒,Curse,呪い
UI/HIE_Reward,Text,,奖励,Reward,報酬
UI/Hp,Text,,"<sprite name=""Icon_2"">当前生命值","<sprite name=""Icon_2"">Current HP","<sprite name=""Icon_2"">現在体力"
UI/HpMax,Text,,"<sprite name=""Icon_2"">生命上限","<sprite name=""Icon_2"">Max HP","<sprite name=""Icon_2"">体力上限"
UI/Hp_Text,Text,,生命,HP,体力
UI/IE3176,Text,,<color=#CC99FF>普通伤害-75%</color>,<color=#CC99FF>Base Demage -75%</color>,<color=#CC99FF>通常ダメージ-75%</color>
UI/IE3176_1,Text,,<color=#00FF99>卡牌伤害-75%</color>,<color=#00FF99>Card Demage -75%</color>,<color=#00FF99>カードダメージ-75%</color>
UI/IE_1068,Text,,最大生命值 +,Maximum Health +,体力上限+
UI/Kill,Text,,击败,Defeat,撃破
UI/Layer,Text,,层,Layer,スタック
UI/LinkThunder_Name,Text,,<color=#FFFF00>连锁-雷</color>,<color=#FFFF00>Chain-Thunder</color>,<color=#FFFF00>連鎖-雷</color>
UI/LinkThunder_Tip,Text,,使用任意【雷】卡牌后，触发该卡牌的使用效果（无消耗），连锁-雷触发的卡牌无法再次触发连锁-雷,"After using any [Thunder] card, trigger this card's effect (no cost). Cards triggered by Chain-Thunder cannot trigger Chain-Thunder again.",任意の「雷」カード使用後、カードの使用効果を発動する（消費なし）、連鎖-雷で発動したカードはふたたび連鎖-雷を発動しない。
UI/LinkWind_Name,Text,,<color=#33CC66>随风</color>,<color=#33CC66>Go with the Wind</color>,<color=#33CC66>随風</color>
UI/LinkWind_Tip,Text,,丢弃任意卡牌后，触发该卡牌的使用效果（无消耗）,"After discarding any card, trigger this card's effect (no cost).",任意のカードを捨てたとき、カードの使用効果を発動する（消費なし）。
UI/MDef,Text,,"<sprite name=""Icon_3"">法抗","<sprite name=""Icon_3"">Magic Resistance","<sprite name=""Icon_3"">呪文耐性"
UI/MDef_UITip,Text,,受到<color=#3399FF>卡牌伤害</color>降低,Reduces <color=#3399FF>Card Demage</color> taken,受ける<color=#3399FF>カードダメージ</color>低下
UI/MDef_UITip_1,Text,,<color=#CC0000>受到卡牌伤害提高,<color=#CC0000>Increased card demage taken,<color=#CC0000>受けるカードダメージ増加
UI/MagicMult,Text,,<color=#00FFFF>卡牌强度</color>,<color=#00FFFF>Card Strength</color>,<color=#00FFFF>カード強度</color>
UI/MagicMult_Text,Text,,卡牌强度,Card Strength,カード強度
UI/Magic_Name,Text,,灵力,Spirit Power,霊力
UI/Magic_Tip,Text,,支付卡牌费用。,Pay the card's cost.,カード使用で消費される。
UI/Misson_Count,Text,,任务进度,Quest Progress,任務進捗度
UI/Mult,Text,,倍率,Multiplier,倍率
UI/MultInfo,Text,,卡牌面板提高至<color=#FF3399>###倍</color>,Card panel demage increased by <color=#FF3399>###x</color>,カードの属性が<color=#FF3399>###倍</color>まで増加する。
UI/NoDeath_Name,Text,,非致死伤害,Non-Lethal Demage,非致死ダメージ
UI/NoDeath_Tip,Text,,该卡牌不会致死。,This card does not cause death.,このカードはユニットを撃破しない。
UI/NormalAtk_Name,Text,,<color=#ff6666>连携</color>,<color=#ff6666>Combo</color>,<color=#ff6666>連携</color>
UI/NormalAtk_Tip,Text,,自身普攻后触发该卡牌的使用效果（无消耗）,Trigger this card's effect after own Basic Attack (no cost),自身が通常攻撃をしたあと、このカードの使用効果を発動する（消費なし）。
UI/NotMoveTip_1,Text,,<color=#FF0000>卡牌/随从行动中，无法移动位置</color>,"<color=#FF0000>Card/Minion is acting, cannot move</color>",<color=#FF0000>カード/ミニオンの行動中は位置を移動できない</color>
UI/One_Name,Text,,<color=#99CC00>唯一</color>,<color=#99CC00>Unique</color>,<color=#99CC00>唯一</color>
UI/One_Tip,Text,,手牌中只会拥有一张同名卡牌,You can only have one copy of the same-named card in your hand.,手札に同じカードを1枚のみ所持できる。
UI/Reflash,Text,,刷新,Refresh,更新
UI/ResistantDesc1,Text,,每点提高1%异常状态抵抗概率，,"‘+1% Debuff RES per point,",ポイントごとに1%デバフ抵抗確率を増加する
UI/ResistantDesc2,Text,,异常状态抗性至多100%，每层debuff单独计算,up to 100%. Each stack is calculated individually,デバフ耐性は最大100%まで、デバフはスタックごとに個別に計算される
UI/ResistantEatValue,Text,,抵抗【汲取】×,Resist [Drain] ×,抵抗「吸収」×
UI/ResourceSelect_Crystal,Text,,<color=#FF33CC>尸晶</color>,<color=#FF33CC>Corpse Crystal</color>,<color=#FF33CC>屍晶</color>
UI/ResourceSelect_CrystalDesc,Text,,击杀boss获得的<color=#FF33CC>尸晶</color>。可以在商店购买<color=#FF33CC>特殊阴文</color>。,Defeat bosses to get <color=#FF33CC>Corpse Crystal</color>. Use it to buy <color=#FF33CC>Special Runes</color> in Shop.,ボスを撃破して獲得する<color=#FF33CC>屍晶</color>。ショップで<color=#FF33CC>特殊陰文</color>を購入できる。
UI/ResourceSelect_Lv,Text,,尸姬大人,Lady Zombie,屍姫さま
UI/ResourceSelect_LvDesc,Text,,"<color=#C6C0FE>等级$$</color>
经验：##/%%","<color=#C6C0FE>Level$$</color>
Exp: ##/%%","<color=#C6C0FE>レベル$$</color>
経験値：##/%%"
UI/ResourceSelect_Mana,Text,,<color=#77EBE1>灵力</color>%%/##,<color=#77EBE1>Mana</color>%%/##,<color=#77EBE1>霊力</color>%%/##
UI/ResourceSelect_ManaDesc,Text,,支付卡牌费用。,Pays card costs.,カードのコストとして消費される。
UI/ResourceSelect_Stone,Text,,<color=#77EBE1>碎神玉：</color>##,<color=#77EBE1>Deity Shards: </color>##,<color=#77EBE1>砕神玉：</color>##
UI/ResourceSelect_StoneDesc,Text,,用来刷新随从升级，或购买装备。,Used to reroll minion upgrades or buy items.,ミニオンのグレードアップの更新や装備の購入に使用する。
UI/Retrainer,Text,,随从,Minion,ミニオン
UI/Reward,Text,,奖赏,Reward,報酬
UI/Sepcial_Name,Text,,特殊卡牌,Special Cards,特殊カード
UI/Sepcial_Tip,Text,,该卡牌无所属随从，回合结束时不会自动丢弃,This card has no affiliated minions and automatically vanishes after use.,このカードは所属ミニオンを持たない、ターン終了時に自動的に捨てない。
UI/SheildIncreaseDesc,Text,,每点提高1%护盾获得量,’+1% Shield gained per point,1につき1%シールドを増加する
UI/Shield,Text,,"<sprite name=""Icon_0"">护盾","<sprite name=""Icon_0"">Shield","<sprite name=""Icon_0"">シールド"
UI/Shield_Name,Text,,护盾,Shield,シールド
UI/Shield_Tip,Text,,护盾代替生命值承伤，回合结束后护盾减半,Shield absorbs demage instead of health. Halves at end of turn.,シールドは体力の代わりにダメージを受ける、ターン終了時にシールドが半減する。
UI/Stage,Text,,关卡,Level,ステージ
UI/StageTip_-1,Text,,15关随机敌人，无限难度累加,15 random stages & infinite difficulty scaling,15ステージのランダム敵。難易度は無限に上がっていく
UI/StageTip_-2,Text,,长度30关的boss连战！所有boss将悉数登场……,A 30-stage Boss Rush! All bosses await your challenge...,30ステージのボス連戦！すべてのボスが登場する…
UI/StageTip_6,Text,,茕茕白兔，东走西顾。衣不如新，人不如故。,"Clothes are best when new, But old friends are most true.",独りぼっちの白兎は、東へ駆けては西を振り返る。服は新しいものが良くても、人は昔からの馴染みのほうがいい。
UI/StageTip_7,Text,,世间众生，不过是我的盘中食粮罢了……,All lives are nothing but food on my platter...,世の衆生など、所詮は私の糧に過ぎないわ……
UI/StageTip_8,Text,,这些欲念，才是永恒中仅存的欢愉……,These desires are the only joy left in eternity...,これらの欲望こそ、永遠の中に残された唯一の歓び……
UI/StunTip,Text,,<color=#FF0000>眩晕中，无法恢复行动</color>,<color=#FF0000>Stunned. Cannot act</color>,<color=#FF0000>スタン中、行動回数を回復できない</color>
UI/Sword_Name,Text,,【飞剑X】,【Flying Swords X】,「飛剣X」
UI/Sword_Tip,Text,,拥有超过X把飞剑时，触发额外效果,"When wielding more than X Flying Swords, triggers additional effect",所有する飛剣がX本を超えているとき、追加効果を発動する。
UI/T_UpGradeText,Text,,天赋<color=#9966CC>【###】</color>进阶,Talent <color=#9966CC>【###】</color> Advancement,天賦<color=#9966CC>「###」</color>アップグレード
UI/T_UpGrade_1,Text,,天赋进阶,Talent Advancement,天賦アップグレード
UI/Talent,Text,,天赋,Talent,天賦
UI/Time_Name,Text,,岁月,Aging,歳月
UI/Time_Tip,Text,,令指定随从进入下一回合，触发该随从所有回合开始，回合结束事件。,"Advances the designated minion to the next turn, triggering all its turn-start and turn-end events.",ミニオンを指定して次のターンに入り、そのミニオンのすべてのターン開始、ターン終了効果を発動する。
UI/TipHp,Text,,"<sprite name=""Icon_2""><color=#33FFFF>生命值</color>（护盾值）","<sprite name=""Icon_2""><color=#33FFFF>Health</color> (Shield value)","<sprite name=""Icon_2""><color=#33FFFF>体力</color>（シールド）"
UI/ToDeath_Name,Text,,致死伤害,Lethal Demage,致死ダメージ
UI/ToDeath_Tip,Text,,该卡牌视为伤害事件，计算防御，生命不足时会导致随从死亡,"This card counts as a demage event. Defenses are calculated. If health is insufficient, minion dies.",このカードをダメージとしてみなす、防御を計算する。体力が不足している場合、ミニオンは撃破される。
UI/Unlock,Text,,未解锁,Unlocked,ロック
UI/UpGrade_1,Text,,进阶,Advancement,アップグレード
UI/Wait_Name,Text,,<color=#00FF66>待机</color>,<color=#00FF66>Standby</color>,<color=#00FF66>待機</color>
UI/Wait_Tip,Text,,使用卡牌后，费用-1,"After using the card, cost decreases by 1.",カード使用後、コスト-1。
UI/WenZhanTip,Text,,<color=#FF0000>律令-即刻问斩就绪</color>,<color=#FF0000>Order - Execution Now is ready</color>,<color=#FF0000>律令-即刻問斬用意完了</color>
UI/YeWanTip,Text,,<color=#FF0000>所有随从均无法抽牌</color>,<color=#FF0000>No minions can draw cards</color>,<color=#FF0000>すべてのミニオンはドローできない</color>
UI/ZombieBlood_Name,Text,,<color=#CC0033>尸灵</color>,<color=#CC0033>Corpse Spirit</color>,<color=#CC0033>屍霊</color>
UI/ZombieBlood_Tip,Text,,使用《僵尸之血》/《神骸》后，该卡牌数值提高25%。,"After using “Zombie Blood” / “Divine Remains”, this card's stats increase by 25%.",『僵屍の血』/『神骸』使用後、そのカードの使用効果が25%増加する。
UI/上一条,Text,,上一条,Previous,前
UI/下一条,Text,,下一条,Next,次
UI/下轮战斗,Text,,下轮战斗：,Next Battle:,次の戦闘：
UI/不同随从的搭配可以构成更具特色的流派 如恶灵和亡国姬的搭配 会是更具战斗力的组合,Text,,不同随从的搭配可以构成更具特色的流派，如<color=#D92E21>怨灵</color>和<color=#2EC602>亡国姬</color>的搭配，会是更具战斗力的组合,"Combining different followers creates distinctive playstyles. For example, pairing <color=#D92E21>Evil Spirit</color> with <color=#2EC602>Princess of the Fallen Kingdom</color> forms a highly potent combination.",異なるミニオンの組み合わせはよりよくスタイリッシュなビルドを構成できます。たとえば<color=#D92E21>怨霊</color>と<color=#2EC602>亡国姫</color>の組み合わせは、戦力をよりよく上げます。
UI/专属 效果,Text,,专属/效果,Exclusive/Effects,専属/効果
UI/众筹酬谢隐藏CG,Text,,众筹酬谢隐藏CG,Crowdfunding rewards hidden CG,クラウドファンディング返礼限定隠しCG
UI/位置满了 但是尸姬大人可以选择场上的一名随从杀掉 这样就有空位了,Text,,位置满了，但是尸姬大人可以选择场上的一名随从杀掉，这样就有空位了,"Slots are full, but Lady Corpse can choose to eliminate one follower on the field to free up space.",位置が足りないが、屍姫はフィールドにいるミニオン1名を撃破できる、そうすれば位置を作れる。
UI/保存,Text,,保存,Save,保存
UI/保存并退出,Text,,保存并退出,Save and Exit,セーブして終了
UI/保存当前预设,Text,,保存当前预设,Save Current Preset,現在のプリセットを保存
UI/全屏,Text,,全屏,Fullscreen,フルスクリーン
UI/关联卡牌详情,Text,,关联卡牌详情,Show Associated Card Details,関連カード詳細
UI/关闭页面,Text,,关闭页面,Close Page,画面を閉じる
UI/具有以下两张卡牌,Text,,具有以下两张卡牌,Possesses the following two cards,以下の2枚のカードを所有
UI/准备战斗,Text,,准备战斗,Prepare for Battle,戦闘準備
UI/击败万事录,Text,,击败万事录,Defeat Chronicle of All Things,時詠みを撃破する
UI/击败化龙白鲤,Text,,击败化龙白鲤,Defeat the White Carp Transformed Dragon,化龍白鱗姫を撃破する
UI/击败灵弓,Text,,击败灵弓,Defeat Spirit Bow,雷矢を撃破する
UI/击败灵方,Text,,击败灵方,Defeat Spirit Square,呪縁を撃破する
UI/击败灵絮,Text,,击败灵絮,Defeat Lingxu,綿々を撃破する
UI/击败玄冥,Text,,击败玄冥,Defeat Xuanming,玄冥を撃破する
UI/击败竹天宝,Text,,击败竹天宝,Defeat Zhutianbao,竹天宝を撃破する
UI/击败红大仙,Text,,击败红大仙,Defeat Crimson Great Immortal,紅大仙を撃破する
UI/击败重鸣,Text,,击败重鸣,Defeat Heavy Resonance,重鳴を撃破する
UI/击败黄泉不度,Text,,击败黄泉不度,Defeat Yellow Springs Undying,黄泉咲を撃破する
UI/分支选择,Text,,分支选择,Branch Selection,分岐選択
UI/分辨率,Text,,分辨率,Resolution,解析度
UI/切换立绘,Text,,切换立绘,Switch Art,立ち絵切り替え
UI/切换语言后请快速读档 避免显示错误,Text,,切换语言后请快速读档，避免显示错误,Quick load the game after language change to avoid bugs,表示エラーを避けるため、言語を切り替えたあと、すぐにロードしてください
UI/初始随从的选择可以帮助你更好的搭配队伍特色 怨灵拥有很强的攻击性 从尸-绣锁则擅长使用卡牌 可以提供输出和续航,Text,,初始随从的选择可以帮助你更好的搭配队伍特色，<color=#D92E21>怨灵</color>拥有很强的攻击性，<color=#2EC602>从尸-绣锁</color>则擅长使用卡牌，可以提供输出和续航,"Your initial minion selection helps shape your team's identity. <color=#D92E21>Wraith</color> excels in aggressive play, while <color=#2EC602>Corpse-Stitch</color> specializes in card manipulation, delivering both demage output and sustained combat presence.",初期のミニオン選択はビルドのスタイルを決めます。<color=#D92E21>怨霊</color>は攻撃性能がよく、<color=#2EC602>屍従-錆鎖</color>はカードの使用に長けていて、ダメージ力と回復力を提供できます。
UI/删除,Text,,删除,Delete,削除
UI/刷新,Text,,刷新,Refresh,更新
UI/剩余生命过低,Text,,剩余生命过低,Critically Low HP,残り体力が足りない
UI/剩余随从不能为法器,Text,,剩余随从不能为法器,Other minions cannot be Ritual Artifacts,残りのミニオンは法器であってはならない
UI/加入DLC敌人,Text,,加入DLC敌人,Add DLC enemies,DLCの敵を追加
UI/加入愿望单,Text,,加入愿望单,Add to Wishlist,ウィッシュリストに入れる
UI/加成,Text,,加成,Bonus,ボーナス
UI/升级,Text,,升级,Upgrade,レベルアップ
UI/卡牌,Text,,卡牌,Card,カード
UI/卡牌1,Text,,卡牌1,Card 1,カード1
UI/卡牌2,Text,,卡牌2,Card 2,カード2
UI/卡牌强度,Text,,卡牌强度：,Card Strength:,カード強度：
UI/卡牌强度+,Text,,卡牌强度+,Card Power +,カード強度+
UI/卡牌强度Tip,Text,,卡牌强度：,Card Strength:,カード強度：
UI/卸下装备,Text,,卸下装备,Unequip,装備を外す
UI/取消,Text,,取消,Cancel,キャンセル
UI/召唤,Text,,召唤,Summon,召喚
UI/召唤杂兵,Text,,召唤杂兵,Summon Mobs,雑兵召喚
UI/台词音量,Text,,台词音量,Dialogue Volume,セリフ音量
UI/右侧的读档按钮可以重新挑战这一回合,Text,,右侧的读档按钮可以重新挑战这一回合,"Use ""Load"" to the right to retry this turn",右側のロードボタンでこのターンをもう一度挑戦できる
UI/售出,Text,,售出,Sell,売却
UI/商店满级时开启尸晶转换功能,Text,,商店满级时开启尸晶转换功能,The Corpse Shard Conversion feature unlocks when the Shop reaches maximum level.,ショップがMaxレベルで屍晶転換をアンロック
UI/商店页面,Text,,商店页面,Store Page,ショップ画面
UI/嘲讽,Text,,嘲讽,Taunt,挑発
UI/回合数表示本轮战斗当前是多少回合,Text,,<color=#CD2AC3>回合数</color>表示本轮战斗当前是多少回合,<color=#CD2AC3>Current Turn</color> shows the current turn in this battle,<color=#CD2AC3>ターン数</color>はこの戦闘で現在のターン数を表します。
UI/回复,Text,,回复,Restore,回復
UI/回忆-昨日灵弓通关CG,Text,,回忆-昨日灵弓通关CG,Memory - Yesterday's Spirit Bow Clear CG,記憶-往日雷矢クリアCG
UI/回想,Text,,回想,Recollection,回想
UI/图鉴,Text,,图鉴,Encyclopedia,図鑑
UI/基础,Text,,基础,Basic,基本
UI/基础伤害,Text,,基础伤害：,Basic Damage:,基本ダメージ：
UI/基础攻击力,Text,,基础攻击力：,Basic Attack:,基本攻撃力：
UI/基础生命值,Text,,基础生命值：,Basic health:,基本体力：
UI/多动,Text,,多动,Hyperactivity,行動
UI/天赋,Text,,天赋,Talents,天賦
UI/天赋及装备,Text,,天赋及装备,Talents & Equipment,天賦と装備
UI/头饰,Text,,头饰,Headwear,頭
UI/妆仪,Text,,妆仪,Appearance,容姿
UI/妆仪效果,Text,,妆仪效果,Cosmetic Effects,容姿効果
UI/存储,Text,,BP存储,BPSave,BP保管
UI/官方QQ群,Text,,官方QQ群,Official QQ Group,公式Discord
UI/尸姬大人场上随从全部死亡则战斗失败 敌方随从全部死亡则本轮战斗胜利,Text,,尸姬大人场上随从<color=#CC0000>全部死亡</color>则战斗失败；敌方随从全部死亡则<color=#39FF14>本轮战斗胜利</color>,"If all of Lord Corpse Princess's minions are defeated, the battle is lost; if all enemy minions are defeated, this round is won.",屍姫のミニオンが<color=#CC0000>全部撃破される</color>と戦闘失敗になります。敵ミニオンが全部撃破されると<color=#39FF14>この戦闘を勝利します</color>。
UI/尸姬大人的 深渊幻想,Text,,"尸姬大人的
深渊幻想",The Abyssal Illusion of the Corpse Lady,"屍姫さまの
深淵幻想"
UI/尸姬大人的兴致每提升一等 便会挑出几名随从 奖赏 一番,Text,,尸姬大人的兴致每提升一等，便会挑出几名随从“奖赏”一番,"Each time Lady Corpse Princess's interest rises by one level, she selects several followers to “reward” them",屍姫の興味が一段階上がるごとに、数名のミニオンを選び出して「褒美」を与える。
UI/尸姬大人的恶趣味,Text,,尸姬大人的恶趣味,Lady Corpse's Macabre Taste,屍姫さまの悪趣味
UI/尸晶,Text,,尸晶,Corpse Crystal,屍晶
UI/左键选择开局随从 右键禁用随从,Text,,左键选择开局随从，右键禁用随从,"Left-click to select starting followers, right-click to disable followers",左クリックで初期ミニオンを選択、右クリックでミニオンを無効化。
UI/已设为默认皮肤,Text,,已设为默认皮肤,Now Default Skin,デフォルトスキンに設定済み
UI/已通关,Text,,已通关,Cleared,クリア
UI/并中毒,Text,,并中毒,& poison,毒を付与する
UI/并回复生命,Text,,并回复生命,& restore HP,体力を回復する
UI/并眩晕,Text,,并眩晕,& Stun,スタンを付与する
UI/并获得增益Buff,Text,,并获得增益Buff,& gain buff,バフを獲得
UI/并获得护盾,Text,,并获得护盾,& gain Shield,シールドを得る
UI/并追加减益DeBuff,Text,,并追加减益DeBuff,& inflict debuff,デバフを追加する
UI/应用,Text,,应用,Apply,適用
UI/开启日配,Text,,开启日配,Enable Japanese Voiceover,日本語ボイスを有効にする
UI/开始战斗,Text,,开始战斗,Start Battle,戦闘開始
UI/开始游戏,Text,,开始游戏,Start Game,ゲーム開始
UI/异常抗性,Text,,异常抗性：,Status Resistance:,デバフ耐性：
UI/异常抗性,Text,,异常抗性,Debuff RES,デバフ耐性
UI/异常抗性Tip,Text,,异常抗性：,Status Resistance:,デバフ耐性：
UI/弹幕,Text,,弹幕,Bullet Screen,弾幕
UI/当前关卡,Text,,当前关卡,Current Stage,現在ステージ
UI/当前无尽难度,Text,,当前无尽难度,Endless Difficulty,現在の無限難易度
UI/快速读档,Text,,快速读档,Quick Load,クイックロード
UI/您可以使用拖拽的方式 命令您的随从进行普通攻击,Text,,您可以使用<color=#FF3333>拖拽</color>的方式，命令您的随从进行<color=#99CC33>普通攻击</color>,You may <color=#FF3333>drag</color> to command your minions to perform <color=#99CC33>Normal Attacks</color>,<color=#FF3333>ドラッグ</color>してミニオンに<color=#99CC33>通常攻撃</color>の指示を出せます。
UI/感谢名单,Text,,感谢名单,Credits,クレジット
UI/我方随从全部死亡则战斗失败 敌方随从全部死亡则本轮战斗胜利,Text,,我方随从<color=#AD3027>全部死亡</color>则战斗失败；敌方随从全部死亡则<color=#12AD08>本轮战斗胜利</color>,"If <color=#AD3027>all your followers die</color>, the battle is lost; if all enemy followers die, <color=#12AD08>this round is won</color>",味方のミニオンが<color=#AD3027>全部撃破される</color>と戦闘失敗になります。敵ミニオンが全部撃破されると<color=#12AD08>この戦闘を勝利します</color>。
UI/战斗轮数代表本关卡你将遇到多少轮战斗,Text,,<color=#CD2AC3>战斗轮数</color>代表本关卡你将遇到多少轮战斗,<color=#CD2AC3>Number of Combat Rounds</color> indicates how many rounds you'll face in this stage,<color=#CD2AC3>戦闘回数</color>はこのステージで遭遇する戦闘を表します。
UI/手牌已满,Text,,手牌已满,Your hand is full,手札が満タンです
UI/护盾,Text,,护盾,Shield,シールド
UI/护盾在减伤效果后计算 无法抵御真实伤害,Text,,"护盾在减伤效果后计算
 无法抵御真实伤害","Shields are calculated after demage reduction effects
 Cannot defend against true demage","シールド損失はダメージ軽減に基づき計算される。
真実ダメージに抵抗できない。"
UI/护盾增幅,Text,,护盾增幅,Shield Boost,シールド増幅
UI/护盾获得量,Text,,护盾获得量：,Shield Gain:,シールド獲得量：
UI/抵抗,Text,,抵抗,Resistance,抵抗
UI/抵消1点受到的普通伤害,Text,,抵消1点受到的普通伤害,Block 1 Normal DMG,受ける通常ダメージを1軽減する
UI/拖拽对敌人造成,Text,,拖拽对敌人造成,Drag to deal,敵までドラッグして
UI/拖拽至右侧弃牌,Text,,——拖拽至右侧弃牌——,—Drag to discard pile on the right—,——右側にドラッグしてカードを捨てる——
UI/拖拽随从 对敌人造成等同于攻击力的普通伤害,Text,,拖拽随从，对敌人造成等同于攻击力的普通伤害,Drag minions to deal normal demage equal to attack power,ミニオンをドラッグして、敵に攻撃力の通常ダメージを与える。
UI/按任意键开始游戏,Text,,按任意键开始游戏,Press any key to start game,任意のキーを押して開始
UI/按任意键继续,Text,,————按任意键继续————,————Press any key to continue————,————任意キーを押して続ける————
UI/挑战,Text,,挑战,Challenge,挑戦
UI/挑战-万事录通关CG,Text,,挑战-万事录通关CG,Challenge - Chronicles of All Things Clear CG,挑戦-時詠みクリアCG
UI/挑战-异世来客通关CG,Text,,挑战-异世来客通关CG,Challenge - Stranger from Another World Clear CG,挑戦-異世界より来たし者クリアCG
UI/挑战-清浊之气通关CG,Text,,挑战-清浊之气通关CG,Challenge - Purity and Turbidity Clear CG,挑戦-清濁の気クリアCG
UI/挑战-灵方通关CG,Text,,挑战-灵方通关CG,Challenge - Lingfang Clear CG,挑戦-呪縁クリアCG
UI/挑战-红仙客栈通关CG,Text,,挑战-红仙客栈通关CG,Challenge - Crimson Immortal Inn Clear CG,挑戦-朱餓旅館クリアCG
UI/挑战-重鸣通关CG,Text,,挑战-重鸣通关CG,Challenge - Resonance Reignited Clear CG,挑戦-重鳴クリアCG
UI/挑战-阴司玄冥通关CG,Text,,挑战-阴司玄冥通关CG,Challenge - Netherworld's Mystic Depths Clear CG,挑戦-陰司玄冥クリアCG
UI/挑战-黄泉不度通关CG,Text,,挑战-黄泉不度通关CG,Challenge - Beyond the Underworld Clear CG,挑戦-黄泉咲クリアCG
UI/挑战-龙门通关CG,Text,,挑战-龙门通关CG,Challenge - Dragon Gate Clear CG,挑戦-龍門クリアCG
UI/提高卡牌面板,Text,,提高卡牌面板,Boost Card Stats,カードのステータスを強化する
UI/操作完毕后 可点此结束回合,Text,,操作完毕后，可点此结束回合,"After completing actions, click here to end the turn",操作完了後に、ターン終了をクリックできます。
UI/支付灵力以使用卡牌,Text,,支付<color=#00CCFF>灵力</color>以使用卡牌,Pay <color=#00CCFF>Spirit Power</color> to use cards,<color=#00CCFF>霊力</color>を消費してカードを使用できます。
UI/攻击力,Text,,攻击力：,Attack:,攻撃力：
UI/攻击力Tip,Text,,攻击力：,Attack:,攻撃力：
UI/放弃奖励,Text,,放弃奖励,Forfeit Reward,報酬を放棄
UI/放弃战斗,Text,,放弃战斗,Forfeit Battle,戦闘を放棄
UI/敌人,Text,,敌人,Enemy,敵
UI/教程页面,Text,,教程页面,Tutorial Page,チュートリアル画面
UI/数字代表该随从的行动次数,Text,,数字代表该随从的<color=#56E3C4>行动次数</color>,The number indicates this follower's <color=#56E3C4>action count</color>,数字はこのミニオンの<color=#56E3C4>行動回数</color>を表します。
UI/新装备,Text,,新装备,New Equipment,新装備
UI/新随从,Text,,新随从,New Follower,新ミニオン
UI/无生效随从可选择,Text,,无生效随从可选择,No valid followers available for selection.,対象になるミニオンがありません
UI/普攻,Text,,普攻,Basic Attack,通常攻撃
UI/普通攻击,Text,,普通攻击,Normal Attack,通常攻撃
UI/普通攻击可以给尸姬大人积攒灵力,Text,,<color=#99CC33>普通攻击</color>可以给尸姬大人积攒<color=#00CCFF>灵力</color>,<color=#99CC33>Normal Attacks</color> accumulate <color=#00CCFF>Spirit Power</color> for the Corpse Princess,<color=#99CC33>通常攻撃</color>は屍姫に<color=#00CCFF>霊力</color>を与えます。
UI/更新日志,Text,,更新日志,Changelog,アップデートログ
UI/最大生命值,Text,,最大生命值,Maximum Health,体力上限
UI/最终boss,Text,,最终boss,Final Boss,ラスボス
UI/最终伤害,Text,,最终伤害：,Final Damage:,最終ダメージ：
UI/最终关卡无法涅磐,Text,,最终关卡无法涅磐,Nirvana is unavailable in the final stage,最終ステージでは涅槃できない
UI/最终恶趣味通关,Text,,最终恶趣味通关,Ultimate Macabre Taste,最終悪趣味クリア
UI/最终的恶趣味,Text,,最终的恶趣味,Ultimate Macabre Taste,最終悪趣味
UI/最高,Text,,最高：,Highest:,最大：
UI/服饰,Text,,服饰,Clothing,体
UI/未解锁,Text,,未解锁,Unlocked,ロック
UI/本次随机的最终boss为,Text,,本次随机的最终boss为,The randomly selected final boss for this time is,今回のランダムな最終ボスは
UI/标记,Text,,标记,Mark,マーク
UI/检测到您存在Demo版存档 是否需要进行同步,Text,,"检测到您存在Demo版存档
是否需要进行同步？","Demo save data detected.
 Would you like to sync?","DEMOバージョンのセーブを検知しました。
同期しますか？"
UI/死亡,Text,,死亡,Death,撃破
UI/每个随从都拥有天赋技能 鼠标悬浮可以查看该随从的天赋,Text,,每个随从都拥有<color=#906E0F>天赋技能</color>，鼠标悬浮可以查看该随从的<color=#906E0F>天赋</color>,Each follower possesses <color=#906E0F>innate skills</color>; hover your mouse to view their <color=#906E0F>innate abilities</color>,各ミニオンには<color=#906E0F>天賦スキル</color>があり、カーソルを当てるとそのミニオンの<color=#906E0F>天賦</color>を確認できます。
UI/水,Text,,水,Water,水
UI/汲取,Text,,汲取,Drain,吸収
UI/法伤加成,Text,,法伤加成,Card Demage Bonus,カードダメージボーナス
UI/激活,Text,,激活,Activate,有効化
UI/火,Text,,火,Fire,火
UI/灵力,Text,,灵力,Mana,霊力
UI/灵力上限+1,Text,,灵力上限+1,Spiritual Power Cap +1,霊力上限+1
UI/点击结束回合则我方回合结束 进入敌方回合,Text,,点击<color=#1AD4C1>结束回合</color>则我方回合结束，进入敌方回合,Clicking <color=#1AD4C1>End Turn</color> concludes your turn and proceeds to the enemy's turn.,<color=#1AD4C1>ターン終了</color>をクリックしてターンを終わらせ、敵のターンに入ります。
UI/点普通伤害,Text,,点普通伤害,Normal DMG to enemies,通常ダメージを与える
UI/炼化获得,Text,,炼化获得,Result,錬成獲得
UI/爆发,Text,,爆发,Burst,ダメージ出力
UI/物伤加成,Text,,物伤加成,Material demage bonus,物理ダメージボーナス
UI/物理伤害,Text,,物理伤害,Physical demage,物理ダメージ
UI/理财,Text,,理财,Finance,リソース
UI/生命值,Text,,生命值：,HP:,体力：
UI/生命值,Text,,生命值,HP,体力
UI/生命值Tip,Text,,生命值：,HP:,体力：
UI/生命值归零时死亡,Text,,生命值归零时死亡,Dies at 0 HP,体力がゼロになると撃破
UI/疫毒,Text,,疫毒,Plague Toxin,疫毒
UI/皮肤切换,Text,,皮肤切换,Skin Switch,スキン切り替え
UI/目标减伤,Text,,目标减伤：-,Target DMG Reduction: -,ターゲットダメージ軽減：-
UI/真伤,Text,,真伤,True Demage,真実ダメージ
UI/真伤加成,Text,,真伤加成,Real Demage Bonus,真実ダメージボーナス
UI/确定,Text,,确定,Confirm,決定
UI/确认,Text,,确认,Confirm,決定
UI/确认放弃战斗吗,Text,,确认放弃战斗吗,Forfeit battle?,戦闘を諦めますか？
UI/确认是否删除该预设,Text,,确认是否删除该预设？,Confirm deletion of this preset?,このプリセットを削除してもよろしいですか？
UI/确认杀死该随从吗,Text,,确认杀死该随从吗？,Confirm elimination of this follower?,このミニオンを撃破しますか？
UI/确认退出游戏吗,Text,,确认退出游戏吗？,Exit the game?,ゲームを終了しますか？
UI/碎神玉,Text,,碎神玉,Deity Shards,砕神玉（さいしんぎょく）
UI/碎神玉 200 : 尸晶 1,Text,,碎神玉 200 : 尸晶 1,200 Godshatter Jade : 1 Corpse Shard,砕神玉200:屍晶1
UI/神明的三尸,Text,,神明的三尸,Deity's Three Egos,神明の三屍
UI/神明的三尸-华饰通关CG,Text,,神明的三尸-华饰通关CG,Completion CG for Deity's Three Egos - Attire,神明の三屍-華飾クリアCG
UI/神明的三尸-淫欲通关CG,Text,,神明的三尸-淫欲通关CG,Completion CG for Deity's Three Egos - Lust,神明の三屍-淫欲クリアCG
UI/神明的三尸-滋味通关CG,Text,,神明的三尸-滋味通关CG,Completion CG for Deity's Three Egos - Savor,神明の三屍-滋味クリアCG
UI/禁用,Text,,禁用,Disable,無効化
UI/禁用的装备,Text,,禁用的装备,Disabled Equipment,無効化した装備
UI/移除随从,Text,,移除随从,Remove Minion,ミニオンを外す
UI/稀有装备刷出概率提高,Text,,稀有装备刷出概率提高,Increased drop rate for rare equipment,レア装備出現確率増加
UI/立即解锁,Text,,立即解锁,Unlock Now,今すぐアンロック
UI/立绘展示,Text,,立绘展示,Character Art Display,立ち絵表示
UI/等级,Text,,等级,Level,レベル
UI/等级已满,Text,,等级已满,Max Level,最大レベル
UI/累计伤害,Text,,累计伤害,Total Demage,合計ダメージ
UI/结束回合,Text,,结束回合,End Turn,ターン終了
UI/结束游戏,Text,,结束游戏,End Game,ゲーム終了
UI/继续,Text,,继续,Continue,<size=15>続ける</size>
UI/背包,Text,,背包,Inventory,バッグ
UI/背景,Text,,背景,Background,背景
UI/腿部,Text,,腿部,Legwear,足
UI/至少选择一名随从,Text,,至少选择一名随从,Select at least one follower,最少1名のミニオンを選択
UI/范围,Text,,【范围】,[AoE],「範囲」
UI/获得,Text,,获得,Gain,獲得
UI/获得护盾时 提高100 的护盾获得量,Text,,获得护盾时，提高<color=#07FF00>100%</color>的护盾获得量,"When gaining shields, increases shield gain by <color=#07FF00>100%</color>",シールドを得るとき、獲得量を<color=#07FF00>100%</color>増加する。
UI/菜单,Text,,菜单,Menu,メニュー
UI/血贷不足,Text,,<color=#FF0000>当前生命值不足以支付血贷</color>,<color=#FF0000>Insufficient HP for Blood Loan</color>,<color=#FF0000>現在の体力では血の契りを支払えない</color>
UI/行动次数,Text,,行动次数:,Action Count:,行動回数：
UI/行动次数+,Text,,行动次数+,Action Points +,行動回数+
UI/装备,Text,,装备,Equipment,装備
UI/装备已满,Text,,装备已满,Slot Full,装備数が最大に達した
UI/装备概率_1,Text,,白、,"White,",白、
UI/装备概率_2,Text,,绿：,Green:,緑：
UI/装备概率_3,Text,,蓝：,Blue:,青：
UI/装备概率_4,Text,,紫：,Purple:,紫：
UI/装备概率_5,Text,,橙：,Orange:,橙：
UI/覆盖,Text,,覆盖,Cover,カバー
UI/解锁以下内容,Text,,解锁以下内容,Unlock the following,以下のコンテンツをアンロック
UI/设为默认皮肤,Text,,设为默认皮肤,Set as Default Skin,デフォルトスキンに設定
UI/设置,Text,,设置,Settings,設定
UI/设置页面,Text,,设置页面,Settings Page,設定画面
UI/该单位获得以下效果,Text,,该单位获得以下效果,This unit gains the following effects,このユニットは以下の効果を得る。
UI/该随从将使用卡牌,Text,,该随从将使用卡牌,Minion uses the card,このミニオンはカードを使用する
UI/语言,Text,,语言,Language,言語
UI/请选择生效随从,Text,,请选择生效随从,Select a target follower to activate.,対象ミニオンを選択してください
UI/读取,Text,,BP读取,BPLoad,BP読み込み
UI/读取预设,Text,,读取预设,Load Preset,プリセットを読み込む
UI/读档 战前,Text,,读档（战前）,Load (Pre-Battle),ロード（戦闘前）
UI/跳过,Text,,跳过,Skip,スキップ
UI/跳过重复对话,Text,,跳过重复对话,Skip Repeated Dialogue,2度目の会話をスキップ
UI/转换尸晶,Text,,转换尸晶,Convert Corpse Shards,屍晶転換
UI/载入中,Text,,载入中……,Loading......,ロード中…
UI/辅助,Text,,辅助,Support,サポート
UI/返回,Text,,返回,Return,戻る
UI/返回主页面,Text,,返回主页面,Return to Main Page,メイン画面に戻る
UI/返回战斗,Text,,返回战斗,Return to Battle,戦闘に戻る
UI/进阶以下卡牌,Text,,进阶以下卡牌,Upgrade cards below,以下のカードをアップグレード
UI/进阶以下天赋,Text,,进阶以下天赋,Advance the following talents,以下の天賦をアップグレード
UI/进阶后,Text,,进阶后：,After Advancement:,アップグレード後：
UI/追伤,Text,,追伤,Chase Demage,追加ダメージ
UI/退出,Text,,退出,Exit,戻る
UI/选择一个阴文,Text,,选择一个阴文,Select a Shadow Rune,陰文を1つ選ぶ
UI/选择初始随从,Text,,选择初始随从,Select Starting Followers,初期ミニオンを選択
UI/选择随从 再点击装备 即可完成佩戴,Text,,选择随从，再点击装备，即可完成佩戴,"Select a follower, then click Equip to attach",ミニオンを選択してから装備をクリックすると装着できる。
UI/选此可以将装备炼化为碎神玉,Text,,选此可以将装备炼化为碎神玉,Choose this to refine equipment into Fragments of Divine Jade,クリックして装備を砕神玉に変換する
UI/造成,Text,,造成,Deal,与える
UI/重置行动后 可以多进行一次普通攻击,Text,,重置行动后，可以多进行一次普通攻击,"After resetting actions, can perform one additional normal attack",行動をリセットすると、さらに1回通常攻撃できる。
UI/锁定,Text,,锁定,Locked,ロック
UI/锁定中,Text,,<color=#CC0000>锁定中</color>,<color=#CC0000>Locked</color>,<color=#CC0000>ロック中</color>
UI/防御,Text,,防御,Defense,防御
UI/防御+,Text,,防御+,Defense +,防御+
UI/防御Tip,Text,,防御：,Defense:,防御：
UI/随从,Text,,随从,Minions,ミニオン
UI/随从已满,Text,,随从已满,Followers Full,ミニオン数が最大に達した
UI/随从提升,Text,,随从提升,Follower Enhancement,ミニオン向上
UI/隐藏,Text,,隐藏,Hide,隠す
UI/隐藏CG,Text,,隐藏CG,Hidden CG,隠しCG
UI/难度1通关CG,Text,,难度1通关CG,Difficulty 1 Clear CG,難易度ⅠクリアCG
UI/难度2通关CG,Text,,难度2通关CG,Difficulty 2 Clear CG,難易度ⅡクリアCG
UI/难度3通关CG,Text,,难度3通关CG,Difficulty 3 Clear CG,難易度ⅢクリアCG
UI/难度4通关CG,Text,,难度4通关CG,Difficulty 4 Clear CG,難易度ⅣクリアCG
UI/难度5通关CG,Text,,难度5通关CG,Difficulty 5 Clear CG,難易度ⅤクリアCG
UI/难度一,Text,,难度一,Difficulty 1,難易度Ⅰ
UI/难度三,Text,,难度三,Difficulty 3,難易度Ⅲ
UI/难度二,Text,,难度二,Difficulty 2,難易度Ⅱ
UI/难度五,Text,,难度五,Difficulty 5,難易度Ⅴ
UI/难度四,Text,,难度四,Difficulty 4,難易度Ⅳ
UI/难度提醒,Text,,难度提醒,Difficulty Warning,難易度について
UI/雷,Text,,雷,Lightning,雷
UI/音量,Text,,背景音量,Background Volume,BGM音量
UI/预览,Text,,预览,Preview,プレビュー
UI/预设1,Text,,预设1,Preset 1,プリセット1
UI/预设2,Text,,预设2,Preset 2,プリセット2
UI/预设3,Text,,预设3,Preset 3,プリセット3
UI/预设命名,Text,,预设命名,Preset Naming,プリセット名
UI/额外伤害加成,Text,,额外伤害加成,Extra demage bonus,追加ダメージボーナス
UI/额外内容,Text,,额外内容,Bonus Content,追加コンテンツ
UI/风,Text,,风,Wind,風
UI/鼠标悬浮敌方随从头顶可展示敌方回合的行为,Text,,鼠标悬浮敌方随从头顶可展示<color=#FFFAA0>敌方回合的行为</color>,Hovering the mouse over an enemy minion displays their turn action.,カーソルを敵ミニオンに当てると<color=#FFFAA0>敵のターンの行動意図</color>を表示できます。
